5.249465341918824241e+06,-4.657107056294140057e+05,-5.352814571291161201e+02,1.992861182420188398e-04,3.375967082880686697e-04,3.689988662896402372e-01,-1.575148365179963888e-05,1.445704038733049944e-05,-8.876669129084273002e-07,9.999999997710483646e-01
5.249465341924766079e+06,-4.657107056205744739e+05,-5.352718477838403714e+02,4.023730297631821309e-04,6.634290644577941305e-04,7.187790211356459569e-01,-3.150304076725128920e-05,2.891415735842792166e-05,-1.775360156651114935e-06,9.999999990841890174e-01
5.249465341934882104e+06,-4.657107056071724510e+05,-5.352597407629384634e+02,6.101149816531668824e-04,9.370792856507934422e-04,6.811242583464899303e-01,-3.698221168784742628e-05,4.590909494828856769e-06,2.666709581570940914e-07,9.999999993055842529e-01
5.249465341956511140e+06,-4.657107055926262983e+05,-5.352488392777989930e+02,1.536310756135342856e-03,8.194169502375681048e-04,6.476217110175146452e-01,-3.619477819770884109e-05,-2.650207399212732728e-05,1.882055230128633900e-05,9.999999988166824449e-01
5.249465341995727271e+06,-4.657107055846010917e+05,-5.352389678880024348e+02,2.367918393756221745e-03,-3.070594997893779765e-05,6.173040764341215514e-01,-4.937399381587946113e-05,-2.400112273677422448e-05,2.338802559160422558e-06,9.999999984903423789e-01
5.249465342055996880e+06,-4.657107055846130825e+05,-5.352299914685950171e+02,3.652720582334206389e-03,6.171336034906791030e-05,5.887095333651474194e-01,-5.038014119375509479e-05,-7.982440377424160477e-06,3.608124824109205914e-05,9.999999980481327766e-01
5.249465342133872211e+06,-4.657107055826345459e+05,-5.352217992625717216e+02,4.133896084640538253e-03,3.325404918261736843e-04,5.634716207570116264e-01,-3.397621221549606570e-05,-1.490379943071153455e-06,2.562824014449611868e-05,9.999999990932945115e-01
5.249465342218163423e+06,-4.657107055778006907e+05,-5.352142838703850884e+02,4.291678676876845532e-03,4.335571762006259718e-04,5.406944937393309836e-01,-1.494179668670219103e-05,-4.009944357976742704e-06,1.258313283264543439e-05,9.999999998011638302e-01
5.249465342304286547e+06,-4.657107055715450551e+05,-5.352073609422582194e+02,4.303972370599476981e-03,6.578969257030867126e-04,5.197656600916570335e-01,-1.584612263769207214e-05,-1.576587076732741344e-05,2.533346462375959447e-05,9.999999994292766425e-01
5.249465342396481894e+06,-4.657107055649189278e+05,-5.352009609515445163e+02,4.898282239323168384e-03,1.964491947607704069e-05,5.009725438131037434e-01,-1.289138626013006918e-05,-1.580827990411418752e-05,5.808866363252531482e-06,9.999999997750836922e-01
5.249465342502243817e+06,-4.657107055649165413e+05,-5.351950222841817322e+02,5.660835126376594431e-03,-9.945760560761320458e-05,4.830498000982857421e-01,-1.581577854988830574e-05,-1.538915325394571876e-05,-2.552760505852445707e-05,9.999999994306881801e-01
5.249465342618683353e+06,-4.657107055676861783e+05,-5.351895018833022277e+02,5.997333651145399409e-03,-1.196852076133978881e-03,4.656861325645226257e-01,-4.507560313882304941e-05,8.289296792166562036e-06,-1.466742603353782976e-05,9.999999988421720554e-01
5.249465342752991244e+06,-4.657107055816674838e+05,-5.351843619871041255e+02,7.471362996465012556e-03,-1.877223910349312339e-03,4.508374391550164506e-01,-5.075228995276108559e-05,2.495866933421126308e-05,-8.385448684067114020e-06,9.999999983654770386e-01
5.249465342907802202e+06,-4.657107056022745674e+05,-5.351795529467970027e+02,8.053533045055622300e-03,-2.656778317941397866e-03,4.359749680257583582e-01,-6.380961253798257411e-05,2.867112584963187036e-05,-1.515514760047370640e-05,9.999999974383106949e-01
5.249465343069688417e+06,-4.657107056298081880e+05,-5.351750522848204810e+02,8.192142822619225689e-03,-2.886926130132391570e-03,4.227619300178545592e-01,-4.312278563006839076e-05,3.723283481848193319e-05,-2.095514151097771524e-05,9.999999981575117269e-01
5.249465343227859586e+06,-4.657107056586834369e+05,-5.351708246709966943e+02,7.651057404862427608e-03,-3.193446238696114482e-03,4.096117787729298132e-01,-6.915877364866613068e-05,1.778981399855341541e-05,-3.854821039699151357e-05,9.999999967073109897e-01
5.249465343388156034e+06,-4.657107056893577101e+05,-5.351668530688756391e+02,8.395464902103688676e-03,-4.066988472902143339e-03,3.984334261341526684e-01,-5.041509229109387286e-05,1.248485383955147736e-05,-6.339462062334788942e-05,9.999999966417845165e-01
5.249465343562279828e+06,-4.657107057273731334e+05,-5.351631037269668241e+02,8.990840562037600431e-03,-4.407859087478546191e-03,3.877357440279778356e-01,-5.460000480256046827e-05,-1.246673085300025624e-05,-9.090177753940772618e-05,9.999999943001434133e-01
5.249465343753696419e+06,-4.657107057673300151e+05,-5.351595592276147499e+02,1.011793350021032191e-02,-4.702924801722971684e-03,3.772389358827265005e-01,-6.801026287986152287e-05,-1.579184191846408846e-05,-1.301009278596888666e-04,9.999999890994851759e-01
5.249465343958665617e+06,-4.657107058079843409e+05,-5.351562066865386669e+02,1.039252183268578843e-02,-5.599451715368879666e-03,3.673617119143242071e-01,-8.293688420253319247e-05,1.003454335930523983e-05,-1.110324215036914372e-04,9.999999903462912787e-01
5.249465344178620726e+06,-4.657107058555629919e+05,-5.351530292081088191e+02,1.158972250381131407e-02,-6.083280381909749422e-03,3.572175007858418017e-01,-1.319437341853807650e-04,-3.962679889570525374e-06,-1.322083286695321068e-04,9.999999825480528903e-01
5.249465344419606030e+06,-4.657107059038935695e+05,-5.351500222060114993e+02,1.247039352733784155e-02,-7.734511085945723098e-03,3.485233829949710427e-01,-1.312492731747537627e-04,-1.650914728812051294e-05,-1.490137638245444445e-04,9.999999801479871886e-01
5.249465344671079889e+06,-4.657107059658874059e+05,-5.351471625161590282e+02,1.268462587781309624e-02,-8.357503140526890972e-03,3.395770062131229228e-01,-1.595095279586129517e-04,8.040040272133139679e-06,-1.598533034844990355e-04,9.999999744694946235e-01
5.249465344928005710e+06,-4.657107060307110660e+05,-5.351444472963860335e+02,1.302538314108501322e-02,-9.165679701791069195e-03,3.317635505129393758e-01,-1.446334185998062079e-04,1.389046788036828462e-05,-1.755277323308882887e-04,9.999999740391219971e-01
5.249465345199677162e+06,-4.657107061014869832e+05,-5.351418601780553672e+02,1.413705198898294879e-02,-9.310659748979615083e-03,3.246711542621935620e-01,-1.265970552600340375e-04,4.070305639589284672e-06,-2.134096750378183295e-04,9.999999692064641676e-01
5.249465345489726402e+06,-4.657107061710109119e+05,-5.351393871096547628e+02,1.479150996037329781e-02,-9.699331911113153945e-03,3.171958859054167523e-01,-1.457447879506674473e-04,-3.085506316391004446e-05,-2.202034510691410017e-04,9.999999646584305513e-01
5.249465345792255364e+06,-4.657107062409623177e+05,-5.351370287217289388e+02,1.538532344989136831e-02,-1.035478918498145863e-02,3.106382572962756439e-01,-1.243281039995730792e-04,-3.041463979864605309e-05,-2.212930775552225898e-04,9.999999673234227782e-01
5.249465346111208200e+06,-4.657107063133906340e+05,-5.351347725625577141e+02,1.638634450477768206e-02,-1.118068650295785289e-02,3.046689251115996533e-01,-1.527299734204494918e-04,-5.283749853036923751e-05,-2.198282245560959232e-04,9.999999627786524403e-01
5.249465346443790942e+06,-4.657107063918097410e+05,-5.351326080022407723e+02,1.670623811543566276e-02,-1.133231092214334948e-02,2.985748783835164288e-01,-1.679249370309153847e-04,-7.191291551202198568e-05,-2.423482827222623811e-04,9.999999539485282529e-01
5.249465346779091284e+06,-4.657107064670987311e+05,-5.351305341426652831e+02,1.668969382733414761e-02,-1.225542870116807376e-02,2.931128754571566408e-01,-1.819368182680319737e-04,-5.697698500206486213e-05,-2.445851107334536196e-04,9.999999519153697225e-01
5.249465347117975354e+06,-4.657107065439635189e+05,-5.351285406511894962e+02,1.698200982531486089e-02,-1.404948313184607722e-02,2.875522358004307666e-01,-1.760507701045984686e-04,-9.047440837313823112e-05,-3.119175998631242225e-04,9.999999317639575169e-01
5.249465347464418970e+06,-4.657107066348906374e+05,-5.351266250028234026e+02,1.751860900784914243e-02,-1.460475217242389670e-02,2.819682091075633723e-01,-1.667188296225683146e-04,-5.522525810949748025e-05,-3.608858692365278877e-04,9.999999194581934425e-01
5.249465347820722498e+06,-4.657107067293683067e+05,-5.351247834783538337e+02,1.802999986839728605e-02,-1.460576434103179333e-02,2.761870679482827939e-01,-1.999400662638028351e-04,-2.758556455728497224e-05,-3.678558494296248313e-04,9.999999119725370145e-01
5.249465348186788149e+06,-4.657107068232601741e+05,-5.351230166246151612e+02,1.846129553041072485e-02,-1.424870486029340862e-02,2.708690010841111051e-01,-2.277488097709437151e-04,-4.148367512796700230e-05,-3.925792950359449987e-04,9.999998961455359714e-01
5.249465348564136773e+06,-4.657107069099611253e+05,-5.351213197936732513e+02,1.910275039483575951e-02,-1.472913756732358199e-02,2.662852967464713894e-01,-1.876949172579142047e-04,-6.506569000256506863e-05,-3.958897240803148755e-04,9.999999019041960757e-01
5.249465348955378868e+06,-4.657107069987574941e+05,-5.351196852045266041e+02,1.989634497333306676e-02,-1.496836869374024853e-02,2.622110483179227458e-01,-1.677373723327337874e-04,-4.423205131879110103e-05,-4.170774066247767285e-04,9.999998979770637897e-01
5.249465349361247383e+06,-4.657107070878957747e+05,-5.351181032125141428e+02,2.054789704204374595e-02,-1.504923037185120112e-02,2.575577727934869610e-01,-1.688222420819868121e-04,-4.984842016881262626e-05,-4.487812219164079232e-04,9.999998838047943206e-01
5.249465349779435433e+06,-4.657107071765378932e+05,-5.351165815815784299e+02,2.117414683676229620e-02,-1.496389711747658779e-02,2.539069094515314928e-01,-1.609853929241782924e-04,-2.827972104963883147e-05,-4.918118986982057900e-04,9.999998657025003235e-01
5.249465350205709226e+06,-4.657107072593786870e+05,-5.351151077759344616e+02,2.124710554598186266e-02,-1.574394311542256369e-02,2.501131647769692656e-01,-1.646412812684072853e-04,-7.294311933229625134e-05,-4.840725640225934916e-04,9.999998666231434408e-01
5.249465350632944144e+06,-4.657107073455663049e+05,-5.351136844154907521e+02,2.119464676642560455e-02,-1.638485892827864707e-02,2.470012397671185467e-01,-1.763569922323445090e-04,-1.043814306847703338e-04,-4.651044926948890487e-04,9.999998708402623171e-01
5.249465351066867821e+06,-4.657107074377001263e+05,-5.351123003482632612e+02,2.195857426095422851e-02,-1.612350854085920979e-02,2.432615061640398813e-01,-1.658050222827143995e-04,-8.711575491751330296e-05,-4.793905624624448408e-04,9.999998675521065694e-01
5.249465351519993506e+06,-4.657107075242775609e+05,-5.351109616540065872e+02,2.314395572712044449e-02,-1.643037964617529226e-02,2.398294701740031898e-01,-1.396466861438971495e-04,-7.461822227208116207e-05,-4.907485149231155920e-04,9.999998670484019359e-01
5.249465351999477483e+06,-4.657107076094652875e+05,-5.351096631943798911e+02,2.466592685562604345e-02,-1.706013340875559003e-02,2.362653177858593800e-01,-1.430406471511216037e-04,-4.609370574332876807e-05,-4.833472554086623921e-04,9.999998718950804388e-01
5.249465352505719289e+06,-4.657107077002326841e+05,-5.351084072249313976e+02,2.586315254362398994e-02,-1.689014991401555088e-02,2.331959609254053156e-01,-1.496890581924658974e-04,-2.891151096655446295e-05,-4.887430907442970925e-04,9.999998689437438193e-01
5.249465353025689721e+06,-4.657107077868838678e+05,-5.351071863203350176e+02,2.602209489743526408e-02,-1.708846464687091907e-02,2.298759643895620652e-01,-1.262835903662916164e-04,-3.322847759633671343e-05,-5.148186887272286801e-04,9.999998589550120887e-01
5.249465353546696715e+06,-4.657107078726962209e+05,-5.351060048604954318e+02,2.592604093451860228e-02,-1.736908788689793537e-02,2.271889590275011639e-01,-1.396606848472569220e-04,-4.765667488896737616e-05,-5.255136918455155775e-04,9.999998510295377008e-01
5.249465354077896103e+06,-4.657107079585962347e+05,-5.351048535059163669e+02,2.713738653905055712e-02,-1.763144600980891957e-02,2.241058270260737617e-01,-1.255288379074725135e-04,-1.051888039207115862e-05,-5.256705338151553821e-04,9.999998539011680787e-01
5.249465354622976854e+06,-4.657107080471801455e+05,-5.351037356303651222e+02,2.723874689403111074e-02,-1.734510107904493198e-02,2.211300152618685122e-01,-1.317520592948922197e-04,-3.915969126770992568e-05,-5.292603879920016298e-04,9.999998504956681966e-01
5.249465355174716562e+06,-4.657107081304856692e+05,-5.351026508652536222e+02,2.785451879732476349e-02,-1.755760687558206509e-02,2.184796475010443162e-01,-1.306861553799292756e-04,-1.889236534248187155e-05,-5.371665664561027813e-04,9.999998470081338242e-01
5.249465355745355599e+06,-4.657107082104336005e+05,-5.351015926930723481e+02,2.904294548469870188e-02,-1.835948659163651880e-02,2.153893748653448181e-01,-1.196534845997853633e-04,-4.914859368122841609e-05,-5.423424227957991499e-04,9.999998445660680524e-01
5.249465356333342381e+06,-4.657107082959898980e+05,-5.351005682984641680e+02,2.969032678260894245e-02,-1.857025781327432262e-02,2.129897097533165196e-01,-1.268725506053201683e-04,-8.758514192521186045e-06,-5.709488779216172899e-04,9.999998289219993453e-01
5.249465356931693852e+06,-4.657107083813581266e+05,-5.350995678517516581e+02,3.006203927004504409e-02,-1.876224749092463354e-02,2.102021399879878127e-01,-9.719698690013505512e-05,-1.147189015417306649e-05,-6.068115176179661365e-04,9.999998111004464452e-01
5.249465353489398956e+06,-4.657107010937644518e+05,-5.352246047126926669e+02,2.732691224427633361e-02,-1.326625964088668300e-02,1.046653171685224815e-01,-7.772099940324018606e-05,-5.597058231748407767e-06,-6.486777727927141085e-04,9.999997865726429902e-01
5.249465354038905352e+06,-4.657107013050899259e+05,-5.352229763419007895e+02,2.760929116409548828e-02,-1.411967610197852920e-02,1.045994243916122390e-01,-4.543204566176979717e-05,-4.034278489934612792e-05,-6.489239311430095199e-04,9.999997876030389810e-01
5.249465354597277008e+06,-4.657107015269059921e+05,-5.352213612126740827e+02,2.821139148060261906e-02,-1.469534719435296524e-02,1.039314529846844248e-01,-5.042795088566990339e-05,-4.521876175826282520e-05,-6.870393780709216488e-04,9.999997616945621726e-01
5.249465355168486945e+06,-4.657107017584922141e+05,-5.352197606375251553e+02,2.888974570449772197e-02,-1.567219711945159327e-02,1.040968594959810756e-01,-7.052995633988430656e-05,-6.833835363552664608e-05,-6.449680043243216036e-04,9.999997871858131715e-01
5.249465355747094378e+06,-4.657107019964531064e+05,-5.352181660222919390e+02,2.895300249055949432e-02,-1.528001656839623155e-02,1.043004956743337902e-01,-9.193176726313191942e-05,-5.458202813547116661e-05,-6.439620256963745921e-04,9.999997869411099138e-01
5.249465356333152391e+06,-4.657107022333071800e+05,-5.352165756257337534e+02,2.963678291579229657e-02,-1.605947602982187028e-02,1.047532207107727403e-01,-8.666371804936083578e-05,-3.084880865359978413e-05,-6.705294323466478527e-04,9.999997709639913968e-01
5.249465356931271031e+06,-4.657107024798777420e+05,-5.352149901040640998e+02,3.015904885551113496e-02,-1.668901017659034369e-02,1.045896192246229539e-01,-9.771004961671999158e-05,-2.505109872293037843e-05,-6.737843894304999717e-04,9.999997679198678879e-01
5.249465357538172044e+06,-4.657107027415516786e+05,-5.352134134176436646e+02,3.051309460723457961e-02,-1.869765882845789845e-02,1.048376174532277827e-01,-1.262564584957887720e-04,-2.392174974811372143e-05,-6.773854395400489637e-04,9.999997623179860406e-01
5.249465358151892200e+06,-4.657107030270481482e+05,-5.352118421986106114e+02,3.083944031960280524e-02,-1.974816891561079202e-02,1.049255217160476733e-01,-8.361664877325097650e-05,-2.149781728436306441e-05,-7.050119451799720122e-04,9.999997477520999878e-01
5.249465358769225888e+06,-4.657107033239752054e+05,-5.352102757118630052e+02,3.087499662831385064e-02,-2.025735137192244753e-02,1.054751413964285373e-01,-7.873830449761064232e-05,-1.078505808199672078e-05,-7.175071767378421754e-04,9.999997394336762602e-01
5.249465359394275583e+06,-4.657107036272050464e+05,-5.352087108265586721e+02,3.160985200373164772e-02,-2.084159016173892445e-02,1.057151476796973077e-01,-5.554806460072257549e-05,-2.066822551013472499e-05,-6.781307676415873273e-04,9.999997683129265846e-01
5.249465360032904893e+06,-4.657107039378260961e+05,-5.352071502196712345e+02,3.223224150951203848e-02,-2.150831557827188878e-02,1.060342658521134518e-01,-4.825865259783012278e-05,-1.361366952679836708e-05,-7.095569127683478512e-04,9.999997470073513917e-01
5.249465360683280043e+06,-4.657107042540529510e+05,-5.352055932691334874e+02,3.277553753611258530e-02,-2.162953757045055561e-02,1.063065819091993935e-01,-3.047003454320403257e-05,-4.537524221593202257e-05,-7.994612716564654517e-04,9.999996789371228267e-01
5.249465361342960969e+06,-4.657107045715448330e+05,-5.352040418458539079e+02,3.316649496344555720e-02,-2.200004627015702402e-02,1.062689298532917964e-01,-1.825002478044216673e-05,-1.667179145428232361e-05,-8.134270596303251220e-04,9.999996688626534569e-01
5.249465362013723701e+06,-4.657107048920559464e+05,-5.352024992062606543e+02,3.388033445946399269e-02,-2.221788056658772006e-02,1.061731179958737142e-01,-5.460904900613835881e-05,-3.666617344911071003e-05,-7.920864585676881675e-04,9.999996841361982192e-01
5.249465362695083022e+06,-4.657107052172594122e+05,-5.352009617512657087e+02,3.422661737045818581e-02,-2.315714964706235349e-02,1.069992178989874893e-01,-5.941456293305169908e-05,-1.916263169758563204e-05,-8.240571751167882590e-04,9.999996585161852192e-01
5.249465363379583694e+06,-4.657107055529773934e+05,-5.351994206256620146e+02,3.419782765036970956e-02,-2.381045279408100512e-02,1.077519413828952055e-01,-7.922659459246238721e-05,2.266231933582965882e-06,-8.091917169645069813e-04,9.999996694633396244e-01
5.249465364071378484e+06,-4.657107058936056565e+05,-5.351978769817487773e+02,3.496538964801983868e-02,-2.383834283201359885e-02,1.084172322776126990e-01,-7.136984550033451374e-05,5.443423446152999875e-05,-8.185443451747681509e-04,9.999996609641562673e-01
5.249465364774674177e+06,-4.657107062323224964e+05,-5.351963328664851360e+02,3.534316921536687778e-02,-2.373071106784122031e-02,1.088018676919929734e-01,-5.877886168185626477e-05,2.903237309983036079e-05,-8.132865916132882853e-04,9.999996671334946408e-01
5.249465365488958545e+06,-4.657107065703066764e+05,-5.351947911075729962e+02,3.606425711067309803e-02,-2.422893392743554614e-02,1.091780311758377281e-01,-5.232039096032140235e-05,2.692236975941053996e-05,-7.837585973367426368e-04,9.999996911300714775e-01
5.249465366226321086e+06,-4.657107069130540476e+05,-5.351932506977980211e+02,3.765273818739719308e-02,-2.459924304397613851e-02,1.098166897913773338e-01,-6.686688880452469597e-05,3.503198760286659676e-05,-7.686294174925830964e-04,9.999997017551625067e-01
5.249465366980900057e+06,-4.657107072575078928e+05,-5.351917107924781476e+02,3.778006174594262384e-02,-2.453372141253308894e-02,1.100114295858797414e-01,-5.694210891549742105e-05,1.061894501353717454e-05,-7.866969053233346682e-04,9.999996888763665881e-01
5.249465367738244124e+06,-4.657107076002301183e+05,-5.351901743939404241e+02,3.792794749162158724e-02,-2.469571703618604272e-02,1.105607559346677843e-01,-8.804327735008866626e-05,1.148462680490376758e-05,-8.069001116067974150e-04,9.999996705143014974e-01
5.249465368500429206e+06,-4.657107079444628907e+05,-5.351886414972008197e+02,3.826441265526142610e-02,-2.511557083085855582e-02,1.101967190332702601e-01,-6.254226650251005430e-05,9.569723576263619537e-06,-7.773525008890983532e-04,9.999996958599500774e-01
5.249465369267731905e+06,-4.657107082909106393e+05,-5.351871200227365080e+02,3.843799414528935310e-02,-2.504726979360741984e-02,1.101183945105210088e-01,-6.377192576178471910e-05,5.521574220051243665e-06,-7.899681872613559946e-04,9.999996859264181914e-01
5.249465370040836744e+06,-4.657107086343112169e+05,-5.351856020396772919e+02,3.884560379879602177e-02,-2.487141901884081657e-02,1.113745397918985136e-01,-5.702396161477662307e-05,9.170746539344560799e-06,-7.861843878894165432e-04,9.999996892890976596e-01
5.249465370821258053e+06,-4.657107089739470975e+05,-5.351840768717794390e+02,3.917463585512204888e-02,-2.478242497611326742e-02,1.119332544894023618e-01,-6.528803136565074748e-05,3.129860093273981219e-05,-7.870160443190435265e-04,9.999996876817688340e-01
5.249465371605928056e+06,-4.657107093126541586e+05,-5.351825526296987618e+02,3.926625747726749521e-02,-2.523261130435818650e-02,1.121733470910780406e-01,-8.010507515043153841e-05,2.092190595511450791e-05,-8.063174172257078385e-04,9.999996714987925417e-01
5.249465372396587394e+06,-4.657107096572607406e+05,-5.351810334835079175e+02,3.978334464209964255e-02,-2.610758542197006912e-02,1.121325786448873624e-01,-9.576380488501699166e-05,6.468363307299241586e-05,-7.918017385053467911e-04,9.999996798476236126e-01
5.249465373199745081e+06,-4.657107100107048173e+05,-5.351795203251109569e+02,4.051709493108494875e-02,-2.662749620814269108e-02,1.126164288424258281e-01,-9.204193159119431822e-05,7.570301943197617323e-05,-8.055606006646799742e-04,9.999996684346837972e-01
5.249465374015095644e+06,-4.657107103671667865e+05,-5.351780116256047677e+02,4.100161464030845776e-02,-2.649757187219962951e-02,1.120071649284347937e-01,-1.005466171444390909e-04,6.910388076066479180e-05,-7.960839064274124587e-04,9.999996756826818878e-01
5.249465374832876958e+06,-4.657107107218596502e+05,-5.351765146053716080e+02,4.076381374741122610e-02,-2.687148887770347480e-02,1.124656626764223011e-01,-1.169662858430576158e-04,8.985808564319490736e-05,-8.109312220206031608e-04,9.999996603174372556e-01
5.249465375650848262e+06,-4.657107110768413404e+05,-5.351750197204177084e+02,4.101730996273998675e-02,-2.633845631031711543e-02,1.125714841889988022e-01,-1.038709253768655007e-04,7.801496829710513777e-05,-8.295914247752144257e-04,9.999996474512314881e-01
5.249465376470580697e+06,-4.657107114210903528e+05,-5.351735315342323247e+02,4.093896103211237814e-02,-2.517096860898475688e-02,1.123401000347326595e-01,-1.220281283624695976e-04,7.012248781342586069e-05,-8.392452601028732324e-04,9.999996379296283155e-01
5.249465377294899896e+06,-4.657107117511385586e+05,-5.351720529230393595e+02,4.147911907583219648e-02,-2.487223671348675821e-02,1.122386731864866566e-01,-1.109312299037827236e-04,7.792987879246733606e-05,-8.270114661384704883e-04,9.999996488365648917e-01
5.249465378132292069e+06,-4.657107120764360880e+05,-5.351705810708176614e+02,4.224352819662951369e-02,-2.480727059914595439e-02,1.125967061990439666e-01,-8.895476713938565527e-05,6.164577203720556506e-05,-8.012733594058864782e-04,9.999996731238837144e-01
5.249465378984303214e+06,-4.657107123980374890e+05,-5.351691093550443838e+02,4.293818012733861128e-02,-2.429755975099819401e-02,1.136160932773660620e-01,-8.325477035942704615e-05,5.444954819371943590e-05,-8.319045372512906111e-04,9.999996490193150400e-01
5.249465379847987555e+06,-4.657107127124308608e+05,-5.351676346477732977e+02,4.340722243340033176e-02,-2.408747347735990668e-02,1.134854793200684858e-01,-7.942378810999664444e-05,3.955106935001141867e-05,-8.289703618309426491e-04,9.999996524678078647e-01
5.249465380726484582e+06,-4.657107130218553939e+05,-5.351661635757333215e+02,4.442664788391002817e-02,-2.360094978680587346e-02,1.150024601189157947e-01,-5.197220553450091428e-05,5.999874502489503875e-05,-8.187316532284618330e-04,9.999996616887143475e-01
5.249465381615377963e+06,-4.657107133231748594e+05,-5.351646826798635175e+02,4.444651057722209808e-02,-2.295611339262376704e-02,1.155022410522810600e-01,-4.892532815298060862e-05,5.779591245412104747e-05,-8.324644716502091132e-04,9.999996506343737934e-01
5.249465382523883134e+06,-4.657107136171475868e+05,-5.351632005949435325e+02,4.639589600392880764e-02,-2.311275578826594082e-02,1.165582303103036843e-01,-2.391041551675407423e-05,9.342308795127949553e-05,-8.691707565358660183e-04,9.999996176212460064e-01
5.249465383306414820e+06,-4.657107139110249700e+05,-5.351619042010518115e+02,3.183395178455249858e-02,-2.308196582532400648e-02,4.760923923165035626e-02,-9.450113751761261507e-06,1.044279308497029498e-04,-8.328836024520949125e-04,9.999996476551490376e-01
5.249465383955831639e+06,-4.657107142055935110e+05,-5.351612982799606471e+02,3.308573321004038004e-02,-2.397020636606142507e-02,4.826409335620106961e-02,1.773314945347515014e-05,1.286956183202547387e-04,-8.376495067360571842e-04,9.999996407330824510e-01
5.249465384625306353e+06,-4.657107145066050580e+05,-5.351606871597261943e+02,3.383621031074830060e-02,-2.356498899370633449e-02,4.878884769258083620e-02,3.662092271414280927e-05,1.005874780145660311e-04,-8.476161152194135835e-04,9.999996350439360748e-01
5.249465385307271965e+06,-4.657107148031810066e+05,-5.351600720190114089e+02,3.433685307225452926e-02,-2.395436087314012363e-02,4.938348768273901485e-02,2.586140624747387825e-05,1.198205062225710381e-04,-8.457122909985870804e-04,9.999996348724197182e-01
5.249465386000723578e+06,-4.657107151033197297e+05,-5.351594519046496998e+02,3.498165023905743659e-02,-2.437201164809328635e-02,5.009073913263865224e-02,5.645135623420718414e-05,1.140131422726435844e-04,-8.724178358912431644e-04,9.999996113506177675e-01
5.249465386701261625e+06,-4.657107154040401801e+05,-5.351588258881504316e+02,3.504636335834098587e-02,-2.345649742560615772e-02,5.074049012899135846e-02,6.821920719483669183e-05,1.139903217354586802e-04,-8.862590213567412721e-04,9.999995984485751110e-01
5.249465387411277741e+06,-4.657107156925736926e+05,-5.351581944751239917e+02,3.592741613615859503e-02,-2.272886273197853926e-02,5.143406728286024215e-02,9.320472429726734233e-05,9.184915890531221557e-05,-8.899229445332739906e-04,9.999995954568090539e-01
5.249465388139612973e+06,-4.657107159710063133e+05,-5.351575582053282005e+02,3.688087913365401677e-02,-2.204890778052163644e-02,5.174270689120095273e-02,8.079997862793298670e-05,1.052689664726196765e-04,-9.003869138307976899e-04,9.999995858465295928e-01
5.249465388879022561e+06,-4.657107162415448693e+05,-5.351569202770400580e+02,3.703239887675911779e-02,-2.210228671116011914e-02,5.233335021454508379e-02,4.702479319332587658e-05,1.020382291020787942e-04,-9.314539719302241836e-04,9.999995598850953682e-01
5.249465389616816305e+06,-4.657107165124290041e+05,-5.351562768706064617e+02,3.672200838623450314e-02,-2.257591572581591627e-02,5.339381791650112813e-02,2.579201896574823566e-05,1.327885467309660047e-04,-9.473014993444307157e-04,9.999995421608257606e-01
5.249465360995349474e+06,-4.657107092193455901e+05,-5.352294326820037895e+02,2.183445366341818517e-02,-1.870195519685466379e-02,1.805231595252771576e-02,3.700225540371370391e-05,1.249228471336034669e-04,-9.696687629205768925e-04,9.999995214030069635e-01
5.249465361434206367e+06,-4.657107095468761399e+05,-5.352291104899114771e+02,2.204237917229872820e-02,-1.878035092644838103e-02,1.890312916193718704e-02,2.749840738186070787e-05,1.174257829237261976e-04,-9.871156075026256763e-04,9.999995055287822510e-01
5.249465361878699623e+06,-4.657107098706307006e+05,-5.352287767258314943e+02,2.239856358346468956e-02,-1.824806140849391523e-02,1.938966519226617558e-02,5.877149570689292260e-05,1.327118129813293214e-04,-9.805701623213510746e-04,9.999995087077048206e-01
5.249465362326875329e+06,-4.657107101888535544e+05,-5.352284271539174370e+02,2.241003788693989029e-02,-1.829788879316998282e-02,2.093892464550698926e-02,9.709820732782038256e-05,1.146101018834172730e-04,-1.004889593579643033e-03,9.999994838165547906e-01
5.249465362777805887e+06,-4.657107105099171167e+05,-5.352280588314099532e+02,2.267344438366489939e-02,-1.869400533069089446e-02,2.146270642494179162e-02,1.178760235340223136e-04,9.508782562675586591e-05,-1.003221456189805870e-03,9.999994853050012678e-01
5.249465363246818073e+06,-4.657107108316865051e+05,-5.352276778510594113e+02,2.421889810653510972e-02,-1.833061616164707863e-02,2.255582425287839740e-02,1.433090843123988251e-04,1.389107219611556635e-04,-1.013013434529391743e-03,9.999994669849122664e-01
5.249465363739380613e+06,-4.657107111517711310e+05,-5.352272788551949816e+02,2.502832366878120565e-02,-1.867590547951598901e-02,2.361101869750721963e-02,1.274591826780594611e-04,1.409918948246289779e-04,-1.018392694465116181e-03,9.999994633757423035e-01
5.249465364238464274e+06,-4.657107114770921180e+05,-5.352268603143252221e+02,2.487001650207607342e-02,-1.900211426154125444e-02,2.493436667514394023e-02,8.748599173523429265e-05,9.926893292900928556e-05,-1.025071592007530466e-03,9.999994658599185016e-01
5.249465364732642658e+06,-4.657107118005976663e+05,-5.352264208805504495e+02,2.453816852289327985e-02,-1.838550112683477733e-02,2.608565462245415398e-02,9.967955084532115814e-05,9.140935870859871835e-05,-1.019765991391519177e-03,9.999994708926847053e-01
5.249465365224512294e+06,-4.657107121175628854e+05,-5.352259611387459017e+02,2.463866106468270978e-02,-1.841423457577607767e-02,2.740213240965692215e-02,1.071441044822929510e-04,6.982791562293518570e-05,-1.025474486696106770e-03,9.999994660230028254e-01
5.249465365716012195e+06,-4.657107124351364328e+05,-5.352254831640859720e+02,2.450101114085068837e-02,-1.853997915265559807e-02,2.821381053102509431e-02,1.096720060907577704e-04,7.524960135011455817e-05,-1.035245579747935598e-03,9.999994552879261089e-01
5.249465366210649721e+06,-4.657107127548335702e+05,-5.352249895936181474e+02,2.495107361665859988e-02,-1.874267704885348301e-02,2.936539744617939346e-02,9.527429072916588965e-05,2.111589209769923687e-05,-1.035482641164573369e-03,9.999994591261736065e-01
5.249465366709707305e+06,-4.657107130801206222e+05,-5.352244828211622689e+02,2.494316119001037391e-02,-1.932594913751004354e-02,2.971961988327836632e-02,1.058589076402914728e-04,4.590879440561424277e-05,-1.036818460806486182e-03,9.999994558467348860e-01
5.249465367219209671e+06,-4.657107134114315268e+05,-5.352239673250736587e+02,2.599475128877536123e-02,-1.943777807892147630e-02,3.056502703737695725e-02,1.179449009485786075e-04,3.590982811328230452e-05,-1.058035576818397655e-03,9.999994326799470645e-01
5.249465367737643421e+06,-4.657107137466928107e+05,-5.352234353330582053e+02,2.583548773290206269e-02,-1.992642005762322241e-02,3.181849252711929643e-02,1.579601483663651586e-04,4.496881244100192381e-06,-1.039606982434007620e-03,9.999994471226999471e-01
5.249465368267375045e+06,-4.657107140900556115e+05,-5.352228821133641077e+02,2.712366873839600068e-02,-2.047199836417891786e-02,3.317415304504493095e-02,1.329397131183483304e-04,-7.060806152936108300e-07,-1.051006868454266129e-03,9.999994388553985480e-01
5.249465368816923350e+06,-4.657107144347027061e+05,-5.352223090410110444e+02,2.781677133856448603e-02,-1.996754173618025402e-02,3.420027790641586712e-02,1.399012765889894245e-04,-2.231960767536471686e-05,-1.063401791263573386e-03,9.999994245528912584e-01
5.249465369384656660e+06,-4.657107147721046931e+05,-5.352217171913241600e+02,2.894147263365211969e-02,-1.974111254827142642e-02,3.555018660480332299e-02,1.468281178261399557e-04,-4.121337184918911519e-05,-1.068805999589907086e-03,9.999994171981865243e-01
5.249465369964767247e+06,-4.657107151056888979e+05,-5.352211037590190017e+02,2.905491017749615643e-02,-1.960686412818516550e-02,3.684956789637555685e-02,1.965349096160923811e-04,-2.935932791247295682e-05,-1.071506141052840045e-03,9.999994061931559708e-01
5.249465370552245528e+06,-4.657107154393977253e+05,-5.352204737333518096e+02,2.967835425121874079e-02,-1.990975430300043203e-02,3.751530394064758051e-02,1.653822726851244499e-04,-3.706340172957103038e-05,-1.024461245706462503e-03,9.999994608769451343e-01
5.249465371149757877e+06,-4.657107157811668585e+05,-5.352198318052822970e+02,3.005673208534216309e-02,-2.073286716775283450e-02,3.842260860552282331e-02,1.280298358918559396e-04,-5.820084955444666688e-05,-1.032975367813303898e-03,9.999994565913175038e-01
5.249465371749782003e+06,-4.657107161312340177e+05,-5.352191743778911359e+02,2.992869571438804346e-02,-2.083722139578423130e-02,3.950830490748599710e-02,1.723991653195207417e-04,-5.387145217614763967e-05,-1.079200854182925558e-03,9.999994013507856883e-01
5.249465372358423658e+06,-4.657107164842463098e+05,-5.352184992782513291e+02,3.091881510849671388e-02,-2.121223527625495237e-02,4.065930886426676744e-02,1.148231221548689514e-04,-3.013270251860044764e-05,-1.077157142975366383e-03,9.999994128199179988e-01
5.249465372986287810e+06,-4.657107168429397279e+05,-5.352178064101384507e+02,3.184896933497886190e-02,-2.159390213156566277e-02,4.173648972610783520e-02,8.816448446401482189e-05,-5.918750743902604792e-05,-1.115956830435163756e-03,9.999993716819212120e-01
5.249465373627273366e+06,-4.657107172070986126e+05,-5.352170988918192052e+02,3.223102664482790924e-02,-2.193914819639019090e-02,4.247474964265677416e-02,9.028342710071188282e-05,-4.577558247918682644e-05,-1.112175501668347674e-03,9.999993764093934034e-01
5.249465374280833639e+06,-4.657107175773829222e+05,-5.352163798438900812e+02,3.310503298816069168e-02,-2.243892029396732726e-02,4.325725193701900756e-02,1.120682182397425195e-04,-5.533535595502062446e-05,-1.131409532170791696e-03,9.999993521453944822e-01
5.249465374950874597e+06,-4.657107179501487408e+05,-5.352156501162752420e+02,3.387832532849800043e-02,-2.216644915286523215e-02,4.385484559952609190e-02,1.311349109370327638e-04,-6.408855153544200552e-05,-1.163950313398094336e-03,9.999993119577563760e-01
5.249465375639609993e+06,-4.657107183193832752e+05,-5.352149125042462856e+02,3.497392132141996512e-02,-2.214920983265432353e-02,4.431638887592996567e-02,1.265169924483838836e-04,-7.603584578745224091e-05,-1.162030060809034118e-03,9.999993139488471128e-01
5.249465376344400458e+06,-4.657107186904751579e+05,-5.352141684944557483e+02,3.548376691568367464e-02,-2.255980609688298943e-02,4.476376809123047001e-02,9.785717950321484520e-05,-4.799473106971190379e-05,-1.194145433507973848e-03,9.999992810683365763e-01
5.249465377061042003e+06,-4.657107190702980151e+05,-5.352134189045681296e+02,3.615742427696232164e-02,-2.336826520982813321e-02,4.511224992173005349e-02,1.232135264275844135e-04,-4.856617613439197906e-05,-1.222455887709571329e-03,9.999992440304078523e-01
5.249465377790016122e+06,-4.657107194626327837e+05,-5.352126649154412235e+02,3.671532306483330649e-02,-2.415540913775174325e-02,4.543364658041690318e-02,1.451325591387989198e-04,-6.461932603873255096e-05,-1.226799385630780986e-03,9.999992348617994242e-01
5.249465378527721390e+06,-4.657107198648242047e+05,-5.352119052774700094e+02,3.703059274790624494e-02,-2.457624984997374210e-02,4.598738470801649880e-02,1.863910856761108708e-04,-4.658103322573679139e-05,-1.229021371117380379e-03,9.999992262972385859e-01
5.249465379269716330e+06,-4.657107202762567904e+05,-5.352111308426042342e+02,3.714272080492860700e-02,-2.547112014982207823e-02,4.757617092965917005e-02,1.644731431469009851e-04,-5.929882631016767655e-05,-1.226625853899427146e-03,9.999992324103494923e-01
5.249465380013455637e+06,-4.657107206969329854e+05,-5.352103393468920558e+02,3.720397455704507750e-02,-2.564153312351866859e-02,4.794898946093405223e-02,1.645533184079898427e-04,-7.903459629415810969e-05,-1.222913706110483186e-03,9.999992355786306852e-01
5.249465380762595683e+06,-4.657107211203022161e+05,-5.352095407578167396e+02,3.768166096451557034e-02,-2.592056491827539333e-02,4.865896243663214021e-02,1.629025927093523082e-04,-8.706035360272888117e-05,-1.231121469807707662e-03,9.999992251113041242e-01
5.249465381523335353e+06,-4.657107215472379467e+05,-5.352087289506498564e+02,3.836574107808711498e-02,-2.616959699447669180e-02,4.979793858471000256e-02,1.517234120742127351e-04,-4.020675253499045949e-05,-1.222157839965336626e-03,9.999992408465526728e-01
5.249465382301039062e+06,-4.657107219833385316e+05,-5.352079042164629072e+02,3.937837439256100525e-02,-2.734670259546092760e-02,5.024110305027232326e-02,1.514942613110468398e-04,-6.566210711514021432e-07,-1.230727761530810887e-03,9.999992311788465926e-01
5.249465383099502884e+06,-4.657107224290678860e+05,-5.352070725158921505e+02,4.044288275086863754e-02,-2.714442079920184603e-02,5.084020310192116643e-02,1.416287747683059415e-04,1.279815879945203424e-05,-1.215372765439845775e-03,9.999992513230142599e-01
5.249465383916492574e+06,-4.657107228722551372e+05,-5.352062318963596681e+02,4.122844104379456975e-02,-2.719746968445478641e-02,5.150171139042244300e-02,1.528914749946725792e-04,-3.709638943832096564e-05,-1.213520338591532900e-03,9.999992513079671852e-01
5.249465384747715667e+06,-4.657107233155877911e+05,-5.352053796329564648e+02,4.186678716879710382e-02,-2.727325504395226169e-02,5.249779579070384949e-02,1.219974770189879943e-04,-2.588433519053721333e-05,-1.201331912954593795e-03,9.999992706238868267e-01
5.249465385588602163e+06,-4.657107237633963814e+05,-5.352045156986279153e+02,4.219592939241800789e-02,-2.800876152635612196e-02,5.298343919009548125e-02,1.117046083089342845e-04,-6.248293351910571623e-08,-1.177977805891116184e-03,9.999992999449666131e-01
5.249465386430636980e+06,-4.657107242169533856e+05,-5.352036425131582291e+02,4.198126288242393089e-02,-2.789342818223562726e-02,5.389236717962823248e-02,1.186271268823994586e-04,-3.962415132151362039e-06,-1.177080871090923622e-03,9.999993001960474359e-01
5.249465387279682793e+06,-4.657107246722318232e+05,-5.352027594148219123e+02,4.289694856895397840e-02,-2.850073821241121477e-02,5.424634161543066130e-02,1.045538649091689839e-04,1.302002974882596193e-05,-1.186625233584161524e-03,9.999992904095408308e-01
5.249465388138706796e+06,-4.657107251328420825e+05,-5.352018727287797901e+02,4.297691896319952298e-02,-2.852634241369448806e-02,5.447755282956157769e-02,9.674919910440030310e-05,-1.481507105833025527e-05,-1.205227826593763610e-03,9.999992689227602538e-01
5.249465389007800259e+06,-4.657107255941171898e+05,-5.352009772555405789e+02,4.390337986214190580e-02,-2.873994603397153277e-02,5.573280919134751543e-02,8.344372203165128566e-05,-1.370050143356630077e-05,-1.210822030776070131e-03,9.999992633794871910e-01
5.249465389889579266e+06,-4.657107260575053515e+05,-5.352000657766498080e+02,4.424408053113476624e-02,-2.888592952023184487e-02,5.651448737634266750e-02,8.728782257218871453e-05,-3.276225525273632872e-05,-1.212783348400852052e-03,9.999992602317703261e-01
5.249465390773513354e+06,-4.657107265226670424e+05,-5.351991430434989070e+02,4.411637354647027914e-02,-2.908804931830306223e-02,5.729944895631169238e-02,9.953290399716700819e-05,-5.177115882460180216e-05,-1.247566630795353968e-03,9.999992154949516321e-01
5.249465391659356654e+06,-4.657107269878309453e+05,-5.351982125015069869e+02,4.443609408488403273e-02,-2.890559167622639564e-02,5.753275597670715058e-02,1.513550481466065375e-04,-2.863249143276552395e-05,-1.251773354850974854e-03,9.999992046673672474e-01
5.249465392558101565e+06,-4.657107274487923132e+05,-5.351972746200353868e+02,4.540634513916005227e-02,-2.865887824141674298e-02,5.858188356637414329e-02,1.252819911139055819e-04,-2.219363949090146868e-05,-1.277303000709646133e-03,9.999991761541503488e-01
5.249465393468902446e+06,-4.657107279082448222e+05,-5.351963231873421591e+02,4.564033692732424874e-02,-2.897132469821806638e-02,5.932285234331325513e-02,1.312562939259314504e-04,-2.282233176876088382e-05,-1.305873987613208808e-03,9.999991384716926390e-01
5.249465394379483536e+06,-4.657107283693869831e+05,-5.351953610262982011e+02,4.538523483613984832e-02,-2.888574402364277316e-02,6.011228298125197850e-02,9.848724819448828453e-05,-8.076228591328857916e-06,-1.302440043411045136e-03,9.999991469421571910e-01
5.249465374753024429e+06,-4.657107149598011747e+05,-5.352233801951166470e+02,3.813941063819742405e-02,-2.388834381553365388e-02,5.069748701198663332e-02,4.939920649033231227e-05,3.139291338613669059e-05,-1.325343215536761926e-03,9.999991201009826858e-01
5.249465375512999482e+06,-4.657107154051668476e+05,-5.352224381826042645e+02,3.784712495777641655e-02,-2.472537722112978439e-02,5.164795814784706174e-02,9.734762461728900442e-05,-3.275484183665038739e-07,-1.360419100679106192e-03,9.999990698911879194e-01
5.249465376279044896e+06,-4.657107158600287512e+05,-5.352214787893573202e+02,3.874592505374879758e-02,-2.491522739052121765e-02,5.267105277973158778e-02,1.031132065396811779e-04,-1.962072328283796503e-06,-1.400062629104641089e-03,9.999990145937600605e-01
5.249465377049651928e+06,-4.657107163191241561e+05,-5.352205063020398939e+02,3.830308948173080652e-02,-2.525301082889841106e-02,5.310050781591318242e-02,1.194174587594867235e-04,8.467444911134979350e-06,-1.409188257743984162e-03,9.999989999276338581e-01
5.249465377812935971e+06,-4.657107167776641436e+05,-5.352195211784202229e+02,3.801389181004464352e-02,-2.483633833409927896e-02,5.418487125232721024e-02,1.275889748617776325e-04,1.229370076426726298e-05,-1.409572436923539878e-03,9.999989983372499225e-01
5.249465378573779948e+06,-4.657107172347540618e+05,-5.352185178317282634e+02,3.805962243760204616e-02,-2.522228549969125072e-02,5.515821862755773686e-02,1.175379444649441016e-04,4.795305578884036441e-05,-1.401826573252631459e-03,9.999990093833274196e-01
5.249465379339271225e+06,-4.657107176958626369e+05,-5.352175018173992385e+02,3.847847632869917656e-02,-2.529999715908852476e-02,5.560191148581079823e-02,1.400804908261848720e-04,4.194566520383315075e-05,-1.400238962495208581e-03,9.999990089739628774e-01
5.249465380117794499e+06,-4.657107181614930159e+05,-5.352164798151602554e+02,3.936190116592897664e-02,-2.581343623480173918e-02,5.588091883518311181e-02,1.413340079413104365e-04,2.409464733599840701e-05,-1.420337078384121708e-03,9.999989810428687731e-01
5.249465380905473605e+06,-4.657107186298668385e+05,-5.352154492909170358e+02,3.939359603038854879e-02,-2.558287118182593634e-02,5.666298920021627106e-02,1.342251913228163643e-04,1.058946422242614823e-05,-1.436302980374802151e-03,9.999989594520863889e-01
5.249465381696768105e+06,-4.657107190968716168e+05,-5.352143970188677713e+02,3.972358934261794455e-02,-2.575794191003969585e-02,5.843401324650710632e-02,1.462900198815181546e-04,2.175357366561491294e-05,-1.433997013739462915e-03,9.999989608887720482e-01
5.249465382493872195e+06,-4.657107195666522020e+05,-5.352133194826378713e+02,3.997444098590619693e-02,-2.594521794083696348e-02,5.944252728800637764e-02,1.762158645928718441e-04,1.982233404337922498e-05,-1.424538525931730391e-03,9.999989696220096258e-01
5.249465383298108354e+06,-4.657107200398158748e+05,-5.352122263446467514e+02,4.043759764397052148e-02,-2.619306904427240804e-02,6.020898778408861202e-02,1.765272123898469468e-04,5.656046044637575722e-05,-1.418937502317682130e-03,9.999989761272122246e-01
5.249465384113251232e+06,-4.657107205184632330e+05,-5.352111228396436218e+02,4.106443889720090556e-02,-2.662553617431028322e-02,6.063687820859861577e-02,1.925968496118712913e-04,5.123169136523755905e-05,-1.450304691460118679e-03,9.999989284484873675e-01
5.249465384938309900e+06,-4.657107210015421151e+05,-5.352100074467963395e+02,4.142884954101514611e-02,-2.670374778759765019e-02,6.166037273557609111e-02,2.124817519462421573e-04,4.480355359693948718e-05,-1.458583967658637088e-03,9.999989126879144097e-01
5.249465385760805570e+06,-4.657107214843991096e+05,-5.352088746347792494e+02,4.080783314225821384e-02,-2.664674168675962296e-02,6.263534995855815635e-02,2.276170507666860476e-04,2.325769006920761156e-05,-1.432642597761737274e-03,9.999989475918461546e-01
5.249465386581997387e+06,-4.657107219681445858e+05,-5.352077233120638766e+02,4.129865886578380774e-02,-2.689401017497424981e-02,6.380565072943121530e-02,2.215955830336363119e-04,3.212266374696580510e-05,-1.417206731324555666e-03,9.999989706938051670e-01
5.249465387409335002e+06,-4.657107224551743129e+05,-5.352065497980612463e+02,4.142260398182397163e-02,-2.706230115555327553e-02,6.519007723566323798e-02,2.472992745585147361e-04,4.305716284514360409e-05,-1.426477591013477738e-03,9.999989510748951149e-01
5.249465388236961327e+06,-4.657107229431761079e+05,-5.352053547514263983e+02,4.132779722209435624e-02,-2.704237364340406416e-02,6.623764448001939753e-02,2.243877176611745110e-04,5.834918058316177977e-05,-1.436480463612625465e-03,9.999989413841706698e-01
5.249465389068441465e+06,-4.657107234310802305e+05,-5.352041427427633380e+02,4.180714400795887409e-02,-2.712303413346104156e-02,6.714136444328182296e-02,2.182699418600338333e-04,5.104085883362353439e-05,-1.481911187758860361e-03,9.999988768455470023e-01
5.249465389903768897e+06,-4.657107239192305133e+05,-5.352029147529644888e+02,4.171260346131233643e-02,-2.712291445138000426e-02,6.810413296039029285e-02,2.159565244175598911e-04,5.359598530062683176e-05,-1.484858156435404702e-03,9.999988728426479900e-01
5.249465390741116367e+06,-4.657107244103537523e+05,-5.352016719862676837e+02,4.200946270669111970e-02,-2.756728406003529711e-02,6.885008951531360055e-02,2.355771366841861027e-04,5.860744019199527771e-05,-1.453669800420537891e-03,9.999989139557884377e-01
5.249465391583364457e+06,-4.657107249032138498e+05,-5.352004135295653668e+02,4.220272712041418101e-02,-2.729845184556676727e-02,6.997665706040391564e-02,2.273960583669730549e-04,6.258735711359318860e-05,-1.473251001894428916e-03,9.999988869520829438e-01
5.249465392424438149e+06,-4.657107253925711848e+05,-5.351991379332355336e+02,4.189104348440321479e-02,-2.726829131265256709e-02,7.081639580679921497e-02,2.167565757658281586e-04,3.216430820045706383e-05,-1.469004331248596144e-03,9.999988970035832425e-01
5.249465393263246864e+06,-4.657107258828086779e+05,-5.351978439818972220e+02,4.197590612179131347e-02,-2.749031669993754270e-02,7.216241281501051263e-02,2.014880054485758821e-04,2.966469763691610025e-05,-1.479045447895066534e-03,9.999988854729882082e-01
5.249465394108307548e+06,-4.657107263827961870e+05,-5.351965275006222100e+02,4.251618510661617223e-02,-2.851919757683395867e-02,7.340370935410650555e-02,1.956673620137960921e-04,4.854311950320663242e-05,-1.476973576209210685e-03,9.999988889528711455e-01
5.249465394969203509e+06,-4.657107268964347895e+05,-5.351951941854558754e+02,4.355975521186307431e-02,-2.902330349164884693e-02,7.407445919522036293e-02,1.972759899760719146e-04,6.817773603989212927e-05,-1.487589133131279754e-03,9.999988717556778095e-01
5.249465395845815539e+06,-4.657107274202980334e+05,-5.351938505447748184e+02,4.408598032075362189e-02,-2.976371077249991004e-02,7.464674569067525356e-02,1.999699994319486412e-04,3.236943998787846204e-05,-1.482801425370504182e-03,9.999988801314904086e-01
5.249465396730108187e+06,-4.657107279564683558e+05,-5.351924963554289434e+02,4.432764252353042084e-02,-3.047311084015527291e-02,7.537140068400603743e-02,2.023939060110624638e-04,3.589526321517090595e-05,-1.474377789451023889e-03,9.999988919786158004e-01
5.249465397617939860e+06,-4.657107284908208530e+05,-5.351911188955988337e+02,4.444141891607469169e-02,-2.941540334491663314e-02,7.748954595964138714e-02,2.435752485384295540e-04,4.523639520354282267e-05,-1.452240392295820652e-03,9.999989148107577552e-01
5.249465398515147157e+06,-4.657107290090799797e+05,-5.351897139727412878e+02,4.526521621629397973e-02,-2.878665936799327738e-02,7.840225580819025486e-02,2.562301818775556913e-04,4.894561944375815522e-05,-1.498222216412714580e-03,9.999988436396775038e-01
5.249465399422344752e+06,-4.657107295206495328e+05,-5.351882895851016428e+02,4.544067488870526250e-02,-2.881653282398981275e-02,7.982340377282981514e-02,2.553996727805072611e-04,4.932058963859731573e-05,-1.486684462700392593e-03,9.999988610532903888e-01
5.249465400331382640e+06,-4.657107300374458428e+05,-5.351868477013730399e+02,4.544906157520984397e-02,-2.953594327430620128e-02,8.036889965030225014e-02,2.392298982602265726e-04,6.497381814646456023e-05,-1.505936792863981320e-03,9.999988353502832217e-01
5.249465401248116978e+06,-4.657107305625627632e+05,-5.351853955789274551e+02,4.621130089236138300e-02,-2.976620401264764432e-02,8.110389706850938685e-02,2.305157676047642407e-04,9.407998518071981843e-05,-1.521540780757033723e-03,9.999988114618844071e-01
5.249465402171496302e+06,-4.657107310924047488e+05,-5.351839245032181225e+02,4.611385376911725231e-02,-3.016770010491206730e-02,8.269524547542819737e-02,2.364239162722169636e-04,1.096290361272845849e-04,-1.535919911943065723e-03,9.999987865169263079e-01
5.249465403097257949e+06,-4.657107316216018517e+05,-5.351824351559938577e+02,4.644948773774307954e-02,-2.964766917124341331e-02,8.313099695517170429e-02,2.233385504620264740e-04,1.014104638420679786e-04,-1.540448579866152525e-03,9.999987834262976660e-01
5.249465404028994963e+06,-4.657107321438607760e+05,-5.351809349906133093e+02,4.671071870814220289e-02,-2.950838615176713808e-02,8.408332016615595317e-02,1.978650380461294018e-04,7.425228889299551071e-05,-1.517108991879923333e-03,9.999988268575240591e-01
5.249465404966371134e+06,-4.657107326596689527e+05,-5.351794185311949832e+02,4.701418253337253522e-02,-2.893164278527517175e-02,8.507860385451677943e-02,1.825624509357486123e-04,8.372636926505716201e-05,-1.535994518495988493e-03,9.999988001901686241e-01
5.249465405904480256e+06,-4.657107331609924440e+05,-5.351778836365168672e+02,4.678364168005243878e-02,-2.786989938717869889e-02,8.629234228078377922e-02,1.787352234953904233e-04,6.936141010568743523e-05,-1.575061677058436438e-03,9.999987412109643259e-01
5.249465406844575889e+06,-4.657107336570292246e+05,-5.351763342107180961e+02,4.721063301324055633e-02,-2.865753424112645401e-02,8.674051353217746008e-02,1.902903049060633111e-04,4.299470194882553108e-05,-1.599222353772985269e-03,9.999987022136629378e-01
5.249465407800299115e+06,-4.657107341639266233e+05,-5.351747786482396805e+02,4.834771682084108152e-02,-2.913910596066192349e-02,8.709817694830512824e-02,1.583161155592102654e-04,8.222796486265053495e-05,-1.616920205930283665e-03,9.999986768709817619e-01
5.249465408765917644e+06,-4.657107346756072366e+05,-5.351732210288345186e+02,4.819925795226345788e-02,-2.922521983588631522e-02,8.705290294315329302e-02,1.372326765504539687e-04,6.555761395628247024e-05,-1.611602593935036092e-03,9.999986898024263438e-01
5.249465409728562459e+06,-4.657107351878230693e+05,-5.351716572749064653e+02,4.804902821353854853e-02,-2.927250034515776686e-02,8.803672473891398231e-02,1.282696096660128793e-04,4.592014971446051560e-05,-1.630197982098100656e-03,9.999986619455475401e-01
5.249465410694691353e+06,-4.657107357039951021e+05,-5.351700811308115817e+02,4.854717414261974090e-02,-2.982954993224291168e-02,8.851098309607366432e-02,1.273258813821842963e-04,4.808186990953835420e-05,-1.644575170671156794e-03,9.999986384235063364e-01
5.249465411666231230e+06,-4.657107362371302443e+05,-5.351684920965971060e+02,4.858722841898224787e-02,-3.145252840959038981e-02,8.969907635467271045e-02,1.202124135116290659e-04,2.626587625423638318e-05,-1.654137070261717853e-03,9.999986243439288325e-01
5.249465412640548311e+06,-4.657107367903951672e+05,-5.351668878153790274e+02,4.882675743463874701e-02,-3.207927261386439577e-02,9.028212823056129543e-02,1.292264248103039848e-04,5.889749724043869949e-05,-1.618481645181823938e-03,9.999986801735811781e-01
5.249465413618442602e+06,-4.657107373565775342e+05,-5.351652697666377207e+02,4.894158251691682615e-02,-3.308088500018752098e-02,9.144927988120669926e-02,1.454070067181000470e-04,1.284167454731647809e-05,-1.620615105773406473e-03,9.999986761484768172e-01
5.249465414602776989e+06,-4.657107379389994894e+05,-5.351636338706613287e+02,4.947169906157641156e-02,-3.403189754443813192e-02,9.239664454555529538e-02,1.441950295314065197e-04,4.014486165272582104e-05,-1.609524397408628555e-03,9.999986935129172583e-01
5.249465415596813895e+06,-4.657107385363829089e+05,-5.351619821385871774e+02,4.991017504048175096e-02,-3.488409213617713056e-02,9.336993907633966971e-02,1.182683872029235327e-04,2.960350247680361538e-05,-1.623339848200069544e-03,9.999986749511780015e-01
5.249465416604314931e+06,-4.657107391415432212e+05,-5.351603127988900042e+02,5.081808286289051652e-02,-3.489709855356995516e-02,9.454093815691699820e-02,1.048219161068739456e-04,2.940317475337951838e-05,-1.632370774911296764e-03,9.999986617559192270e-01
5.249465417623540387e+06,-4.657107397480100626e+05,-5.351586298272220574e+02,5.108150035248308629e-02,-3.517443382996505996e-02,9.494915638211449960e-02,1.053514845215631042e-04,1.963013482699565781e-05,-1.643963545003271918e-03,9.999986429489524653e-01
5.249465418644092046e+06,-4.657107403552519390e+05,-5.351569337157054633e+02,5.095191323634238462e-02,-3.501876331741247267e-02,9.627957833081847439e-02,1.136103818922395162e-04,4.053522881851342351e-05,-1.657121731621689128e-03,9.999986196976993202e-01
5.249465381476034410e+06,-4.657107220297064050e+05,-5.351937313024857303e+02,3.896119463998253679e-02,-2.912005521979391803e-02,8.663781382239854612e-02,1.190271521356197054e-04,8.533113883223061033e-05,-1.676462305433972476e-03,9.999985851468785603e-01
5.249465382256652229e+06,-4.657107225794055266e+05,-5.351920835969330028e+02,3.909289665528783986e-02,-2.963784742364983585e-02,8.764439124258792402e-02,1.199286835883288540e-04,8.969788820274318490e-05,-1.695564430188409083e-03,9.999985513153227812e-01
5.249465383042909205e+06,-4.657107231375622214e+05,-5.351904149278283285e+02,3.952486128760697437e-02,-3.006946185046669232e-02,8.894521599659091504e-02,1.375663798941544546e-04,9.471153475511170103e-05,-1.715696955748177276e-03,9.999985142435251495e-01
5.249465383835722692e+06,-4.657107236999103334e+05,-5.351887282691966448e+02,3.974766757452614235e-02,-3.011123756282445621e-02,8.958308224464939240e-02,1.576790685953128126e-04,6.235847638053648744e-05,-1.739237195301507419e-03,9.999984731502329360e-01
5.249465384631740861e+06,-4.657107242593903793e+05,-5.351870252135744295e+02,3.984471119867825928e-02,-2.978953502473903961e-02,9.078850895040527225e-02,1.578963230628681585e-04,2.821063824288866395e-05,-1.721193942034243999e-03,9.999985058810892946e-01
5.249465385428915732e+06,-4.657107248117310228e+05,-5.351853070719009793e+02,3.986388121973637177e-02,-2.939332349716102313e-02,9.121005088191445898e-02,1.655630369688038323e-04,4.338187124035133098e-05,-1.725976224331013777e-03,9.999984958553946868e-01
5.249465386229607277e+06,-4.657107253625039011e+05,-5.351835811854117537e+02,4.019607470818935269e-02,-2.972743985720321599e-02,9.168819998344515665e-02,1.450161384304761566e-04,4.009488864330207060e-05,-1.745238787328310922e-03,9.999984657510143649e-01
5.249465387037579902e+06,-4.657107259210621123e+05,-5.351818444901119847e+02,4.059171805629446794e-02,-3.030132455915545905e-02,9.244893618385094380e-02,1.517339686397380322e-04,4.552729656488044768e-05,-1.761425899607412058e-03,9.999984361402578514e-01
5.249465387859601527e+06,-4.657107264881079900e+05,-5.351800944727464184e+02,4.160060201786200396e-02,-3.068091406226799642e-02,9.317552806054626990e-02,1.966651046207347931e-04,3.484027717967147974e-05,-1.750776988408100487e-03,9.999984474433080139e-01
5.249465388687244616e+06,-4.657107270624549710e+05,-5.351783261066912019e+02,4.115363910967436561e-02,-3.115151659301337167e-02,9.450981096572830253e-02,2.004240112652662170e-04,2.879014151017875856e-05,-1.742665291224319846e-03,9.999984610583795286e-01
5.249465389507693239e+06,-4.657107276449107449e+05,-5.351765440298660224e+02,4.088124079632719093e-02,-3.161244985197991103e-02,9.463514975116951722e-02,2.005727734351958700e-04,4.265384969239977334e-05,-1.745013363789800487e-03,9.999984564386470431e-01
5.249465390326669440e+06,-4.657107282340044039e+05,-5.351747534287284225e+02,4.100814534392818039e-02,-3.191484242403855309e-02,9.554239185705178106e-02,1.808888199389348435e-04,1.060672977549282839e-04,-1.748746268910768894e-03,9.999984489565763024e-01
5.249465391149129719e+06,-4.657107288325682748e+05,-5.351729499109866310e+02,4.122884560817476757e-02,-3.273697043537263790e-02,9.606228358133432621e-02,2.098822480938118185e-04,9.459278947815170804e-05,-1.758830950469033629e-03,9.999984267564870910e-01
5.249465391978055239e+06,-4.657107294429220492e+05,-5.351711360363433414e+02,4.165538677727655820e-02,-3.322500604329325230e-02,9.673246128846342551e-02,1.812700426769811753e-04,1.253808452717731169e-04,-1.765261676977096083e-03,9.999984176348220011e-01
5.249465392806203105e+06,-4.657107300633767154e+05,-5.351693052722623634e+02,4.115101155422404289e-02,-3.391084702718703825e-02,9.797423034517585561e-02,1.817262885544329533e-04,1.346825047114926063e-04,-1.769551562171292006e-03,9.999984087605209293e-01
5.249465393630713224e+06,-4.657107306939234259e+05,-5.351674519934853151e+02,4.129129312679365865e-02,-3.436588454076524440e-02,9.920760910463066740e-02,2.022988361343327037e-04,1.195572278922420450e-04,-1.745782403668300368e-03,9.999984485113866395e-01
5.249465394467451610e+06,-4.657107313335993094e+05,-5.351655823207139520e+02,4.237390174365780054e-02,-3.498164657927213539e-02,9.975726080959776421e-02,2.228021594778215183e-04,1.287672772381760018e-04,-1.754284011307726291e-03,9.999984281317312318e-01
5.249465395317501388e+06,-4.657107319813937065e+05,-5.351637016313408139e+02,4.262186625817643293e-02,-3.529129598276400936e-02,1.004736016414509298e-01,2.347355171110993780e-04,1.125070731199089165e-04,-1.744012996612004374e-03,9.999984453288950359e-01
5.249465396180689335e+06,-4.657107326326597249e+05,-5.351618085304315855e+02,4.368707265035910031e-02,-3.541339681474198892e-02,1.011603248633636681e-01,2.148722380169129675e-04,1.051577185435859015e-04,-1.780621892216844920e-03,9.999983860774981359e-01
5.249465397055794485e+06,-4.657107332787365303e+05,-5.351599001012092458e+02,4.381331212253922192e-02,-3.473051942714924789e-02,1.022139878511380134e-01,2.026879533140505904e-04,6.879507061004657201e-05,-1.749822823302465101e-03,9.999984461513244938e-01
5.249465397930534557e+06,-4.657107339171811473e+05,-5.351579704103497761e+02,4.364996484151775769e-02,-3.471400561523197564e-02,1.035279935272488822e-01,2.308411784526241185e-04,5.226098290830942213e-05,-1.750172027081924086e-03,9.999984404383643888e-01
5.249465398799780756e+06,-4.657107345645318273e+05,-5.351560214273931706e+02,4.326309640793835759e-02,-3.587971059428883558e-02,1.043223390187629634e-01,2.398810588634153111e-04,4.406325843774210114e-05,-1.737491395917486374e-03,9.999984608184714352e-01
5.249465399664935656e+06,-4.657107352236469742e+05,-5.351540584270039744e+02,4.323969229756607219e-02,-3.597611304468974203e-02,1.051088981883398638e-01,2.222255543232625515e-04,2.012637403407065330e-05,-1.754985997592927458e-03,9.999984351162948260e-01
5.249465400535136461e+06,-4.657107358887639130e+05,-5.351520815936827375e+02,4.376827760833946340e-02,-3.666620511254753412e-02,1.058852443997794768e-01,2.380440121300030293e-04,4.350406306956260913e-05,-1.754774266921482924e-03,9.999984311037113383e-01
5.249465401412317529e+06,-4.657107365580705809e+05,-5.351500848020740477e+02,4.393863128433358328e-02,-3.642750425610515042e-02,1.073756057360602950e-01,2.328687271093330096e-04,5.175253838748246577e-05,-1.729311083204571574e-03,9.999984762874266631e-01
5.249465402292199433e+06,-4.657107372227043379e+05,-5.351480688850274419e+02,4.403899867961763581e-02,-3.623968572002556066e-02,1.079550059883379876e-01,2.156211733718215254e-04,5.740748171463981060e-05,-1.713023118178675112e-03,9.999985078808137917e-01
5.249465403171737678e+06,-4.657107378805883345e+05,-5.351460471782438617e+02,4.390380750927509734e-02,-3.573831095716153983e-02,1.080504417898932451e-01,2.007994041271041902e-04,4.139575542538990506e-05,-1.726245739663271120e-03,9.999984890197587406e-01
5.249465404040211812e+06,-4.657107385322907940e+05,-5.351440230588577833e+02,4.293244506982188402e-02,-3.568543482659691790e-02,1.083141374633792564e-01,1.657770443649246930e-04,4.443510919554873886e-05,-1.732589161893617526e-03,9.999984843380769206e-01
5.249465404907061718e+06,-4.657107391917383065e+05,-5.351419953165426477e+02,4.374140557341058000e-02,-3.678074346044470089e-02,1.085242106985463278e-01,1.685604434306318120e-04,5.616379032491586039e-05,-1.729406240345177960e-03,9.999984887924767696e-01
5.249465405776826665e+06,-4.657107398569424986e+05,-5.351399573591888839e+02,4.322502264978202863e-02,-3.624013947316256923e-02,1.095542737978446313e-01,1.780959636648175620e-04,7.487563820703782634e-05,-1.732091197989240510e-03,9.999984812667064293e-01
5.249465406640308909e+06,-4.657107405210674624e+05,-5.351379042514782896e+02,4.311306833647440134e-02,-3.686175974095438901e-02,1.102103491182318262e-01,2.180502434531232626e-04,8.288329873892205386e-05,-1.740939493147587811e-03,9.999984573559650425e-01
5.249465407507078722e+06,-4.657107411919859005e+05,-5.351358344830954366e+02,4.355508324366093309e-02,-3.702779987334439693e-02,1.114724711155500314e-01,2.224940415051676309e-04,1.011685884476753707e-04,-1.722017272065413549e-03,9.999984874578639049e-01
5.249465408377640881e+06,-4.657107418685700977e+05,-5.351337439447838733e+02,4.349180072007085424e-02,-3.761703228608972299e-02,1.125115458695725990e-01,1.863597732327956454e-04,9.623429891154905045e-05,-1.717844180707304210e-03,9.999985025091564506e-01
5.249465409252472222e+06,-4.657107425491095637e+05,-5.351316369835177511e+02,4.398273148225355367e-02,-3.747751414828107142e-02,1.133082749724042132e-01,1.906369633024294105e-04,9.937058362170701168e-05,-1.707029507027180322e-03,9.999985199156491422e-01
5.249465410130051896e+06,-4.657107432282374357e+05,-5.351295226061803305e+02,4.376695500440352937e-02,-3.757530218428226793e-02,1.133461753604071698e-01,1.979681096946365115e-04,1.168361463038878185e-04,-1.729748438677948053e-03,9.999984775630785805e-01
5.249465411007104442e+06,-4.657107439127789694e+05,-5.351274032716306692e+02,4.392896440420503146e-02,-3.822524495174615261e-02,1.139769624357293287e-01,2.079584780444633930e-04,1.206340155837429658e-04,-1.781860026602022362e-03,9.999983835865705606e-01
5.249465411886763759e+06,-4.657107446094066836e+05,-5.351252756327969564e+02,4.402788928661899998e-02,-3.902361393596696232e-02,1.143102852576523554e-01,2.096710360441745137e-04,1.367455632430218497e-04,-1.789216179787667116e-03,9.999983680208596182e-01
5.249465412765847519e+06,-4.657107453196229762e+05,-5.351231429160410471e+02,4.387105772392591724e-02,-3.982988647948921407e-02,1.146148706826441571e-01,1.732335857905377267e-04,1.429803136426971986e-04,-1.790195554715163194e-03,9.999983723721024287e-01
5.249465413647584617e+06,-4.657107460296130157e+05,-5.351209986521300834e+02,4.429192609056583491e-02,-3.890468982567122508e-02,1.157024050794874526e-01,1.935942155478598649e-04,1.024610369697271593e-04,-1.803248024388854134e-03,9.999983501585361090e-01
5.249465414532722905e+06,-4.657107467390381498e+05,-5.351188421418632970e+02,4.420902353236498550e-02,-4.010315525467088998e-02,1.159649568030421130e-01,2.068672878575042277e-04,7.837434837867389621e-05,-1.802995102043754901e-03,9.999983501347791126e-01
5.249465415423645638e+06,-4.657107474646052578e+05,-5.351166807182281673e+02,4.487067738638575443e-02,-4.074053931226732234e-02,1.163346827170145259e-01,1.696139295141459548e-04,7.513304825723760255e-05,-1.758916211095375463e-03,9.999984358988494026e-01
5.249465416321462020e+06,-4.657107481968122884e+05,-5.351145135234390864e+02,4.489715978424191345e-02,-4.089136300815320729e-02,1.166798857567276360e-01,1.574585410996484820e-04,5.643078824295650909e-05,-1.770179146713698679e-03,9.999984192429552943e-01
5.249465417226713151e+06,-4.657107489370926050e+05,-5.351123412896369018e+02,4.561401915580453464e-02,-4.184096829608225515e-02,1.169692748473113858e-01,1.685292243493600247e-04,4.936381437357739807e-05,-1.726901347354510693e-03,9.999984934854221352e-01
5.249465418139876798e+06,-4.657107496876642108e+05,-5.351101588667506803e+02,4.568970613559533711e-02,-4.206565686741464694e-02,1.179241317315372767e-01,1.718048200911002096e-04,6.940825069323985918e-05,-1.707410060814757444e-03,9.999985252072879360e-01
5.249465419056692161e+06,-4.657107504467943218e+05,-5.351079587649836640e+02,4.597834728169825080e-02,-4.299329115203266022e-02,1.189776661275074032e-01,1.664196511058313943e-04,6.333998671260501203e-05,-1.714172119490461280e-03,9.999985149522843120e-01
5.249465419983324595e+06,-4.657107512155270670e+05,-5.351057427107513149e+02,4.667166059980758924e-02,-4.316412674071651301e-02,1.197166071749467542e-01,1.736059159075370852e-04,6.314655061536003687e-05,-1.708568935485000814e-03,9.999985233319007571e-01
5.249465420922026038e+06,-4.657107519890405238e+05,-5.351035139176909752e+02,4.718459837099712312e-02,-4.368758893227341761e-02,1.204490360822767780e-01,1.681648022488106480e-04,6.753494927914244217e-05,-1.737706988318967133e-03,9.999984737660123635e-01
5.249465421872372739e+06,-4.657107527706233668e+05,-5.351012703081596555e+02,4.783376751826032280e-02,-4.418511445587644526e-02,1.214324966918265830e-01,1.619642742170320393e-04,3.179303965184959214e-05,-1.749949050610252526e-03,9.999984552165117613e-01
5.249465422824884765e+06,-4.657107535556938383e+05,-5.350990149150800335e+02,4.740150475360688925e-02,-4.413085404403690321e-02,1.217701364635325328e-01,1.641079478263886705e-04,4.951041987242571919e-05,-1.781136334534056927e-03,9.999983990842039594e-01
5.249465423779529519e+06,-4.657107543431392405e+05,-5.350967491907546218e+02,4.804701360298636870e-02,-4.464503241184215182e-02,1.226944240977708572e-01,1.753098389668811133e-04,6.554734144909037075e-05,-1.816528325300484012e-03,9.999983325961974145e-01
5.249465424742949195e+06,-4.657107551397344214e+05,-5.350944708093273903e+02,4.828008780508335346e-02,-4.530665728957744554e-02,1.232055598128368318e-01,1.682100930260409894e-04,8.554977745517065304e-05,-1.801729350356478165e-03,9.999983590777969944e-01
5.249465387580801733e+06,-4.657107346748802229e+05,-5.351493777982835809e+02,3.571319423573984797e-02,-3.943930946183760861e-02,1.105324172155990464e-01,1.830435114802567511e-04,1.437291059871044475e-04,-1.795934146811198296e-03,9.999983635450760966e-01
5.249465388296245597e+06,-4.657107354202279239e+05,-5.351472462332254736e+02,3.582469051377352304e-02,-3.973660885409337207e-02,1.115118872843219033e-01,1.912460531968041715e-04,1.225272331066514279e-04,-1.805286656040242009e-03,9.999983446747735538e-01
5.249465389011820778e+06,-4.657107361744442023e+05,-5.351450981235864219e+02,3.572632673270364351e-02,-4.048253156826937815e-02,1.123056272205418260e-01,1.747044852063382692e-04,1.375906213434089232e-04,-1.823388057295589502e-03,9.999983129002456561e-01
5.249465389728896320e+06,-4.657107369343980099e+05,-5.351429311146353029e+02,3.597456403154991600e-02,-4.036603868151279056e-02,1.135581995534707123e-01,1.663992996849737943e-04,1.268669175995501097e-04,-1.818944314904200228e-03,9.999983238275053088e-01
5.249465390455174260e+06,-4.657107376969050383e+05,-5.351407401110639057e+02,3.664663494731464771e-02,-4.086989544548517983e-02,1.148673187969731779e-01,1.722678137625489186e-04,1.128347908285114252e-04,-1.784736734310888662e-03,9.999983861522427908e-01
5.249465391193822958e+06,-4.657107384661643300e+05,-5.351385259772514473e+02,3.721186595623680177e-02,-4.114793599323073731e-02,1.160221701441080111e-01,2.024216899832160350e-04,1.030586434955245136e-04,-1.741554102162523208e-03,9.999984576957512417e-01
5.249465391949474812e+06,-4.657107392454657238e+05,-5.351362916033127703e+02,3.834614909908836550e-02,-4.206138367560387226e-02,1.170315771003280353e-01,1.921424930128443531e-04,1.028155824774205012e-04,-1.800719001873712878e-03,9.999983549593993715e-01
5.249465392716519535e+06,-4.657107400434083538e+05,-5.351340386306660548e+02,3.835070947988958312e-02,-4.323831962287067593e-02,1.180216420919756176e-01,1.911841367947209004e-04,9.446048243098333205e-05,-1.776016760077213244e-03,9.999984001439878867e-01
5.249465393482327461e+06,-4.657107408539401367e+05,-5.351317660517077002e+02,3.822229238218570468e-02,-4.342323831748456237e-02,1.191436513342016695e-01,2.105729388829620334e-04,7.559070098267921018e-05,-1.742831650677228268e-03,9.999984562403827493e-01
5.249465394252482802e+06,-4.657107416729870019e+05,-5.351294768412500389e+02,3.878597880139319359e-02,-4.428252493487702668e-02,1.197985747595960576e-01,1.890716207766427294e-04,9.330660351693624587e-05,-1.720230869324804743e-03,9.999984981747707113e-01
5.249465395035962574e+06,-4.657107425057691289e+05,-5.351271725746534003e+02,3.955571011089275418e-02,-4.497004867235883385e-02,1.207923642247254181e-01,1.648170930927794883e-04,1.333873510041412548e-04,-1.741776928840326052e-03,9.999984606270768683e-01
5.249465395835944451e+06,-4.657107433503377833e+05,-5.351248469972830435e+02,4.043527815634537226e-02,-4.563480460454913401e-02,1.220998586081788323e-01,1.864072234483037300e-04,1.082451573870756668e-04,-1.757645164898454220e-03,9.999984321083073002e-01
5.249465396643666551e+06,-4.657107442065514042e+05,-5.351225014395704420e+02,4.032978065028371834e-02,-4.631425017806918565e-02,1.229206878911315026e-01,1.916501078750764352e-04,1.144227823746663106e-04,-1.749919115319388324e-03,9.999984439793035973e-01
5.249465397449175827e+06,-4.657107450732481666e+05,-5.351201361390485545e+02,4.021433461376416885e-02,-4.684556489608147911e-02,1.242487399358844363e-01,1.967878890954073755e-04,1.313841074213036107e-04,-1.755012948578098904e-03,9.999984319700592206e-01
5.249465398259409703e+06,-4.657107459443596890e+05,-5.351177521197136002e+02,4.080242563825717955e-02,-4.684556362859038092e-02,1.249111348284784456e-01,2.299780911023317190e-04,1.426807919522840346e-04,-1.793177434299089495e-03,9.999983556322713518e-01
5.249465399077326059e+06,-4.657107468227882637e+05,-5.351153574995922781e+02,4.098302384914929292e-02,-4.780542104203089337e-02,1.254144953528726070e-01,1.963460571152237310e-04,1.763451285789518813e-04,-1.824886018115806337e-03,9.999983000695279456e-01
5.249465399898748845e+06,-4.657107477138098329e+05,-5.351129522246952774e+02,4.115348536076458147e-02,-4.826599802011389412e-02,1.260982987120833343e-01,1.568589523961409370e-04,1.832772287857361519e-04,-1.803279732898774518e-03,9.999983449922523748e-01
5.249465400731240399e+06,-4.657107486078682705e+05,-5.351105295346011417e+02,4.209208698035322993e-02,-4.819441461101291874e-02,1.273262478519139873e-01,1.788457622685006392e-04,2.183537666888011111e-04,-1.788756558508528558e-03,9.999983603417146316e-01
5.249465401579190977e+06,-4.657107495010527200e+05,-5.351080901728298613e+02,4.269815566326464612e-02,-4.828895114961492818e-02,1.278768296137479943e-01,1.776025198600920789e-04,1.934465219489035358e-04,-1.813385103749969376e-03,9.999983213338796695e-01
5.249465402438372374e+06,-4.657107503976634471e+05,-5.351056439692736149e+02,4.321471627025912088e-02,-4.869657862331385617e-02,1.280927861440911419e-01,1.871582601868798938e-04,1.761124706513082338e-04,-1.793574357411794641e-03,9.999983585224236915e-01
5.249465403311027214e+06,-4.657107512959157466e+05,-5.351031894158869591e+02,4.404540954073750403e-02,-4.852648399803569795e-02,1.288418702552378281e-01,1.468742673133804596e-04,1.621463008048633337e-04,-1.792857946385024298e-03,9.999983688972939877e-01
5.249465404196766205e+06,-4.657107521886850009e+05,-5.351007198036127193e+02,4.452316316606112073e-02,-4.819706448183126712e-02,1.297431717122049244e-01,1.464733269315771796e-04,1.579535120005407705e-04,-1.812968408224415080e-03,9.999983333696816912e-01
5.249465405094848946e+06,-4.657107530781216337e+05,-5.350982344623130302e+02,4.527805193837440567e-02,-4.831138815828886490e-02,1.305515302889024287e-01,9.444991401393333630e-05,1.150928782285066975e-04,-1.817146629405419662e-03,9.999983379042763909e-01
5.249465406006005593e+06,-4.657107539688038523e+05,-5.350957316904767822e+02,4.583030640623127899e-02,-4.844457568862495928e-02,1.316502896556210056e-01,8.297028382182704341e-05,9.757185001976387728e-05,-1.803740441525009119e-03,9.999983650568822213e-01
5.249465406922650523e+06,-4.657107548670824035e+05,-5.350932125501961991e+02,4.582700180600360329e-02,-4.931395762704743335e-02,1.323143575338418254e-01,6.536033362847196041e-05,1.203570050657906145e-04,-1.836072851470971429e-03,9.999983050380982785e-01
5.249465407845432870e+06,-4.657107557756651076e+05,-5.350906834375108474e+02,4.644413803241420613e-02,-4.963236904575173830e-02,1.327534485738240122e-01,7.086706703570889066e-05,1.286214153843072872e-04,-1.854366162179447693e-03,9.999982698789555702e-01
5.249465408775907941e+06,-4.657107566903563566e+05,-5.350881437045057964e+02,4.659684453941394938e-02,-5.011175998534221632e-02,1.335122313062142296e-01,4.025722306100504858e-05,1.419097506803126019e-04,-1.854753888988336288e-03,9.999982690631911142e-01
5.249465409715113230e+06,-4.657107576144864433e+05,-5.350855904351807339e+02,4.731700054789581694e-02,-5.080123519720917968e-02,1.342408267742291328e-01,4.017474464539127770e-06,1.423901273088528014e-04,-1.855791614673103513e-03,9.999982678718997153e-01
5.249465410662801936e+06,-4.657107585487816832e+05,-5.350830248885440596e+02,4.744462653891498571e-02,-5.133035365337881850e-02,1.348646193521546577e-01,-2.672304250306302466e-05,1.365927550786690469e-04,-1.856814021209736909e-03,9.999982664337006000e-01
5.249465411621164531e+06,-4.657107594886448933e+05,-5.350804483483393597e+02,4.838745568956753090e-02,-5.150127008878773588e-02,1.354637148022968529e-01,-1.426169153415008933e-05,1.919290523038623842e-04,-1.859157993056665282e-03,9.999982532443881800e-01
5.249465412599758245e+06,-4.657107604239620850e+05,-5.350778770176442549e+02,4.946781750284685170e-02,-5.088233281015029641e-02,1.343016907702117013e-01,-1.566109089780981197e-05,1.921073202635391135e-04,-1.886302505040129366e-03,9.999982023547806520e-01
5.249465413599484600e+06,-4.657107613562821643e+05,-5.350753601164237807e+02,5.049784371137001210e-02,-5.140838141633329028e-02,1.296476396788832919e-01,-1.878374187986553662e-04,1.809513391445632859e-04,-1.947904389996329587e-03,9.999980688194588518e-01
5.249465414612598717e+06,-4.657107622984409099e+05,-5.350729782862630373e+02,5.079502400887798974e-02,-5.210333407801478328e-02,1.199358096715541500e-01,-5.826154258501766055e-04,1.143450148327156666e-04,-2.222198512292477852e-03,9.999973546558583726e-01
5.249465415641621687e+06,-4.657107632499272004e+05,-5.350708228245748614e+02,5.207216031098358539e-02,-5.252991018412503377e-02,1.057110748675527678e-01,-1.081526619131375697e-03,1.620744874850079409e-05,-2.652886733000243535e-03,9.999958961065537055e-01
5.249465416690389626e+06,-4.657107642101818346e+05,-5.350689736290753444e+02,5.274742612708845785e-02,-5.321612657972105143e-02,8.762429756510166368e-02,-1.540614095396929334e-03,-1.126319554657727301e-04,-3.269746614902823128e-03,9.999934612685335011e-01
5.249465417751657777e+06,-4.657107651892370777e+05,-5.350675163869781272e+02,5.329624348579591053e-02,-5.481789233788450511e-02,6.430830902382479730e-02,-1.958323883402708718e-03,-2.488607902036663348e-04,-4.008450859274325512e-03,9.999900176292342291e-01
5.249465418815697543e+06,-4.657107661945426953e+05,-5.350665324382262042e+02,5.299899521128129815e-02,-5.621974741142463788e-02,3.775032293840076270e-02,-2.318177472446066902e-03,-3.510043983369270579e-04,-4.802078079725423734e-03,9.999857213459578675e-01
5.249465419881978072e+06,-4.657107672253678902e+05,-5.350660800535481485e+02,5.349241089858674386e-02,-5.778290279746670782e-02,8.298925465091771050e-03,-2.530858576744488952e-03,-4.395900026490910813e-04,-5.708569567474996824e-03,9.999804066828440474e-01
5.249465420952370390e+06,-4.657107682809730177e+05,-5.350662170062421410e+02,5.338243178980003889e-02,-5.906534707001115381e-02,-2.438136198116946929e-02,-2.624536995721674180e-03,-4.682835373084802085e-04,-6.640667911695761691e-03,9.999743966954357521e-01
5.249465422026303597e+06,-4.657107693700731033e+05,-5.350670014362464144e+02,5.381101792790931454e-02,-6.178633829393252730e-02,-5.996459003212985250e-02,-2.588874439578261934e-03,-4.605169872516084333e-04,-7.614422236938527856e-03,9.999675525875482140e-01
5.249465423104934394e+06,-4.657107705030076904e+05,-5.350684791910956619e+02,5.381494149120254200e-02,-6.402087970820133367e-02,-9.745370504881473162e-02,-2.478864735765136645e-03,-4.589515826474237746e-04,-8.611840140836888105e-03,9.999597395911510311e-01
5.249465424192056991e+06,-4.657107716666511842e+05,-5.350706859371741757e+02,5.462152584602870259e-02,-6.523248684780164064e-02,-1.368281938459116331e-01,-2.256313157094593218e-03,-4.222247929327872622e-04,-9.617230840914441428e-03,9.999511186297557197e-01
5.249465425291907974e+06,-4.657107728600685368e+05,-5.350736518818386003e+02,5.504249188606770427e-02,-6.762207107855872090e-02,-1.775075402716551065e-01,-1.958178876207813859e-03,-3.928894379173489748e-04,-1.056464464701974658e-02,9.999421980583242942e-01
5.249465426401643082e+06,-4.657107740846936358e+05,-5.350773953551447448e+02,5.556039313240278971e-02,-6.872344535452029612e-02,-2.188184741005567147e-01,-1.630998389717673970e-03,-3.054596872685629732e-04,-1.152821496300251644e-02,9.999321710992641332e-01
5.249465427523533814e+06,-4.657107753275407013e+05,-5.350819444610218625e+02,5.620553671149605690e-02,-6.982059134636826869e-02,-2.625987290171930000e-01,-1.302776906972473317e-03,-2.257779580488399713e-04,-1.242162146537506735e-02,9.999219745148836269e-01
5.249465428656949662e+06,-4.657107765925734420e+05,-5.350873262929767407e+02,5.664761809905756451e-02,-7.143188132685611424e-02,-3.066944103525344190e-01,-9.607312351170075020e-04,-1.356274114405250225e-04,-1.338579134598794074e-02,9.999099355400573597e-01
5.249465429794986732e+06,-4.657107778838542872e+05,-5.350935496018857975e+02,5.660016521154830060e-02,-7.292571350090563953e-02,-3.514620897009809730e-01,-5.681510444220333553e-04,-3.764760907368050241e-05,-1.419714024139482646e-02,9.998990534034131183e-01
5.249465430947656743e+06,-4.657107791970816907e+05,-5.351006227240749240e+02,5.803970194378171160e-02,-7.402141890806931968e-02,-3.964597150486866006e-01,-1.351245289673017936e-04,5.354922666240558569e-05,-1.495698822233516856e-02,9.998881274313837775e-01
5.249465432119623758e+06,-4.657107805303038913e+05,-5.351085534319053068e+02,5.844259842256017273e-02,-7.539318043214035536e-02,-4.421168502589055693e-01,2.416387826136609626e-04,1.856001908833695882e-04,-1.569811870380900809e-02,9.998767305190980892e-01
5.249465433301859535e+06,-4.657107818811294856e+05,-5.351173522145692232e+02,5.897645095986255720e-02,-7.611278376897749609e-02,-4.882592903377722116e-01,5.742891968104015974e-04,3.130463259989260259e-04,-1.641855974781053495e-02,9.998649924319235049e-01
5.249465434484515339e+06,-4.657107832402457134e+05,-5.351270249342542229e+02,5.839996596074899238e-02,-7.649184428117151990e-02,-5.345662744518085985e-01,9.095034914301797354e-04,4.137083883559603361e-04,-1.707049789188744629e-02,9.998537891870334926e-01
5.249465405034819618e+06,-4.657107574762853910e+05,-5.352151569764918122e+02,4.771303200402644829e-02,-6.765593372718728404e-02,-5.957739963293745555e-01,1.303011527154162522e-03,6.176314852348758220e-04,-1.768218031147763755e-02,9.998426233963029208e-01
5.249465405993680470e+06,-4.657107587471206789e+05,-5.352271442418634706e+02,4.766422007868127003e-02,-6.720416202370139980e-02,-6.424647091206322491e-01,1.615834606991891015e-03,7.543128307024536943e-04,-1.824932639721349795e-02,9.998318769559665364e-01
5.249465406950157136e+06,-4.657107600093873334e+05,-5.352400370244959049e+02,4.742039378966079327e-02,-6.687648907636502271e-02,-6.894496509324554712e-01,1.881827763258009292e-03,8.828939709643045556e-04,-1.872559406422199396e-02,9.998224999218665587e-01
5.249465407898065634e+06,-4.657107612694848212e+05,-5.352538352021364290e+02,4.676195479018252499e-02,-6.713927724949467213e-02,-7.361426767177733366e-01,2.057478045121986180e-03,9.308490124077394186e-04,-1.920566731458396917e-02,9.998130038401074060e-01
5.249465408838297240e+06,-4.657107625232590362e+05,-5.352685401526281339e+02,4.661083048795255923e-02,-6.625365509585441626e-02,-7.833282833626667996e-01,2.159052572315415391e-03,9.778911576419531404e-04,-1.963900603378864254e-02,9.998043266876939228e-01
5.249465409780795686e+06,-4.657107637690172414e+05,-5.352841583598934676e+02,4.693837362647314271e-02,-6.648453156579145484e-02,-8.307145480410078608e-01,2.256756746476149510e-03,1.026958440942364994e-03,-2.000331920624101589e-02,9.997968391761627993e-01
5.249465410723271780e+06,-4.657107650115396245e+05,-5.353006850490982060e+02,4.656668507373871307e-02,-6.598918707956327734e-02,-8.774120156222003919e-01,2.329622022870702237e-03,1.051626127810008403e-03,-2.038729814766141596e-02,9.997888902255882559e-01
5.249465411667801440e+06,-4.657107662467621849e+05,-5.353181124326650888e+02,4.710168114796720734e-02,-6.585611856281274601e-02,-9.240477051815783049e-01,2.370685382954662319e-03,1.059965877639713026e-03,-2.072179349810642640e-02,9.997819080169121353e-01
5.249465412611666135e+06,-4.657107674740960938e+05,-5.353364389130673544e+02,4.647100882276013895e-02,-6.524684702729138808e-02,-9.706135072608634839e-01,2.391406101967019030e-03,1.038634648627673358e-03,-2.100696606477995415e-02,9.997759297923839439e-01
5.249465413546339609e+06,-4.657107686914052465e+05,-5.353556710840763344e+02,4.614363748714602614e-02,-6.493753999196195947e-02,-1.017992755936240945e+00,2.383931125101519145e-03,1.042261911820679347e-03,-2.128140473630245680e-02,9.997701397698842696e-01
5.249465414476454258e+06,-4.657107698998218402e+05,-5.353758134242392543e+02,4.597362960153533046e-02,-6.441090802979032581e-02,-1.065016121338697275e+00,2.407649643733791953e-03,1.053834166433772167e-03,-2.155270206400820843e-02,9.997642590586155453e-01
5.249465415403114632e+06,-4.657107710994325462e+05,-5.353968576489509132e+02,4.576055118283194056e-02,-6.414709926867120937e-02,-1.111568993689132201e+00,2.393605914224473073e-03,1.050353293522285000e-03,-2.176233829565784456e-02,9.997597551617731781e-01
5.249465416331795044e+06,-4.657107722909428412e+05,-5.354187976749337849e+02,4.614400747877755310e-02,-6.365666967083795369e-02,-1.158008988009353812e+00,2.423935812777349222e-03,1.029563888122876289e-03,-2.192315787716550210e-02,9.997561901196725387e-01
5.249465417264896445e+06,-4.657107734667942277e+05,-5.354416341596652273e+02,4.617381570462983365e-02,-6.255082221424806965e-02,-1.204674735493635573e+00,2.421480448552369019e-03,1.016089097533270274e-03,-2.205859667827245879e-02,9.997532307067013013e-01
5.249465418195573613e+06,-4.657107746311228257e+05,-5.354653727491247537e+02,4.586932756882908940e-02,-6.264657160707649830e-02,-1.251737975908157718e+00,2.401037150462359982e-03,9.912410846643277592e-04,-2.221066575206375945e-02,9.997499381290730902e-01
5.249465419123575091e+06,-4.657107757871442009e+05,-5.354900033858355073e+02,4.586361060704580161e-02,-6.171011424916385962e-02,-1.297333177213974675e+00,2.364456792655538018e-03,1.010701834597852334e-03,-2.233155787598418290e-02,9.997473127491851574e-01
5.249465420048976317e+06,-4.657107769300629734e+05,-5.355155177228909906e+02,4.556494071317678668e-02,-6.142275367836571437e-02,-1.343641038712538149e+00,2.345005576263953923e-03,1.021245257813380505e-03,-2.242970955485055692e-02,9.997451505942706040e-01
5.249465420972400345e+06,-4.657107780676330440e+05,-5.355419253688627350e+02,4.562700924447741363e-02,-6.128243175443003066e-02,-1.390249625859281579e+00,2.291045954119420424e-03,1.014717597763826118e-03,-2.248670290575155439e-02,9.997440020573105102e-01
5.249465421901219524e+06,-4.657107791972032283e+05,-5.355692269482236725e+02,4.605247157317351320e-02,-6.065234611483439481e-02,-1.436637447027687919e+00,2.223796580233015820e-03,1.039725866043716366e-03,-2.253218324593518965e-02,9.997431042110599408e-01
5.249465422828753479e+06,-4.657107803190365084e+05,-5.355974172224312042e+02,4.545224587120916954e-02,-6.064056229782094354e-02,-1.482735195788956961e+00,2.190356099640998651e-03,1.047192828249801167e-03,-2.258074884863917400e-02,9.997420744918528168e-01
5.249465423745260574e+06,-4.657107814352369751e+05,-5.356264902437725368e+02,4.488635267764911480e-02,-6.014407854468402370e-02,-1.528540483055639720e+00,2.129302134398788123e-03,1.091067808577708513e-03,-2.265217256497618556e-02,9.997405437022338637e-01
5.249465424661038443e+06,-4.657107825454191770e+05,-5.356564412245093081e+02,4.532135042779320694e-02,-6.017184690375848577e-02,-1.574180268991803633e+00,2.129180073887388443e-03,1.107718088078417547e-03,-2.262630661105352950e-02,9.997411113895904311e-01
5.249465425582361408e+06,-4.657107836482417188e+05,-5.356872657009906789e+02,4.540982905461843355e-02,-5.941915203335638301e-02,-1.619553362072741365e+00,2.083430724167386911e-03,1.090023467966308142e-03,-2.259008341390760302e-02,9.997420463785147149e-01
5.249465426496904343e+06,-4.657107847419329337e+05,-5.357189622450595152e+02,4.456954965546527925e-02,-5.939162798489616008e-02,-1.665093403333661959e+00,2.056020916677888093e-03,1.137257895831062784e-03,-2.260022801887163688e-02,9.997418212300884788e-01
5.249465427402221598e+06,-4.657107858343061525e+05,-5.357515202837579409e+02,4.440321771386761956e-02,-5.942694941802136033e-02,-1.709352223444682739e+00,2.049294891759724773e-03,1.190995783748965281e-03,-2.259305418949271796e-02,9.997419346123154194e-01
5.249465428306930698e+06,-4.657107869262967724e+05,-5.357848941926091584e+02,4.441919998474266884e-02,-5.949938169542866306e-02,-1.750117280015887511e+00,2.026775201449587671e-03,1.249981684008574009e-03,-2.256709189392753709e-02,9.997424948915717424e-01
5.249465429215207696e+06,-4.657107880130380508e+05,-5.358190139259910438e+02,4.470864816262268282e-02,-5.893991523648653419e-02,-1.787138353117920131e+00,2.001887183954754144e-03,1.256844816085246706e-03,-2.255537160519432982e-02,9.997428009248471303e-01
5.249465430125861429e+06,-4.657107890877152095e+05,-5.358538113111516168e+02,4.459824957199284151e-02,-5.832211758866396450e-02,-1.820881475332644550e+00,1.993285812097953576e-03,1.278629172110419109e-03,-2.253612883009936327e-02,9.997432244416328828e-01
5.249465431029502302e+06,-4.657107901580816251e+05,-5.358892197123303731e+02,4.388936444196264719e-02,-5.871761533246067088e-02,-1.851006271982239548e+00,1.991573327176985111e-03,1.374171755484626016e-03,-2.253705633271285702e-02,9.997430801861159066e-01
5.249465431912706234e+06,-4.657107912255527335e+05,-5.359251830399200571e+02,4.247588522203498557e-02,-5.806376592416514354e-02,-1.879011828426417452e+00,1.989896684670091134e-03,1.431372256892603093e-03,-2.251889796630706861e-02,9.997434124411692657e-01
5.249465432779829949e+06,-4.657107922802364337e+05,-5.359616529571346746e+02,4.223209616265381078e-02,-5.747109018380788109e-02,-1.904115744453893644e+00,1.968070298553125080e-03,1.441187116192209090e-03,-2.250257435963353911e-02,9.997438090964413382e-01
5.249465433646557853e+06,-4.657107933244391461e+05,-5.359985742189860503e+02,4.238159126809328686e-02,-5.708034084428832700e-02,-1.926413175964022173e+00,1.964459128035635042e-03,1.454338454559956847e-03,-2.246907994969962394e-02,9.997445504961163243e-01
5.249465434515867382e+06,-4.657107943626498454e+05,-5.360359006200677641e+02,4.245723880404831535e-02,-5.699462680097468897e-02,-1.946773059451523125e+00,1.960203936474017028e-03,1.438813650122807526e-03,-2.242218469527804126e-02,9.997456341739001662e-01
5.249465435383161530e+06,-4.657107953970502131e+05,-5.360735946105588710e+02,4.215534451993076942e-02,-5.680680462294798033e-02,-1.965189532202445966e+00,1.945749181037498233e-03,1.419697591012517284e-03,-2.237827588320423847e-02,9.997466735567781537e-01
5.249465436237674206e+06,-4.657107964276817511e+05,-5.361116178630061313e+02,4.114055152496966239e-02,-5.675772115779693927e-02,-1.981582686527230353e+00,1.942835669764193503e-03,1.422441383635703266e-03,-2.233230018387082419e-02,9.997477033827282256e-01
5.249465437075751834e+06,-4.657107974532158114e+05,-5.361499432557791351e+02,4.048414362254173365e-02,-5.636887391781415096e-02,-1.997245759471341531e+00,1.909316174838868087e-03,1.414349453644809943e-03,-2.230333739116785105e-02,9.997484259897828629e-01
5.249465437907479703e+06,-4.657107984673284227e+05,-5.361885466966165268e+02,4.051039822729253503e-02,-5.560915400716212598e-02,-2.011109079795487808e+00,1.906371306829471139e-03,1.370369101388453593e-03,-2.226130256756636561e-02,9.997494297299778232e-01
5.249465438732684590e+06,-4.657107994719953276e+05,-5.362274084683565434e+02,3.982946207097393110e-02,-5.556376677353656174e-02,-2.024797924789301984e+00,1.891399393521554957e-03,1.333691840136514957e-03,-2.222476825659348496e-02,9.997503206055017300e-01
5.249465439555491321e+06,-4.657108004786632373e+05,-5.362665133753425835e+02,4.025421995492053234e-02,-5.604601108243337237e-02,-2.037044512802197449e+00,1.909948315363576687e-03,1.299195129593166227e-03,-2.220516501528341236e-02,9.997507663595746052e-01
5.249465440379435197e+06,-4.657108014908956829e+05,-5.363058334331255992e+02,3.998596913266697778e-02,-5.632800750143586443e-02,-2.047836141122358011e+00,1.873365944359054380e-03,1.213413863822665516e-03,-2.218546316553676387e-02,9.997513807699560662e-01
5.249465441199837252e+06,-4.657108025113017065e+05,-5.363453549249007892e+02,3.993671335364269714e-02,-5.719453020235717305e-02,-2.058726603355629070e+00,1.779787306479159014e-03,1.132374755204992520e-03,-2.209372097319136155e-02,9.997536784521482423e-01
5.249465442023694515e+06,-4.657108035435630591e+05,-5.363850731078816807e+02,4.037423429086543086e-02,-5.778780376044749534e-02,-2.069006343833325712e+00,1.728175083389220205e-03,1.045014887980992265e-03,-2.205130123655196783e-02,9.997548006731641346e-01
5.249465442852111533e+06,-4.657108045823309221e+05,-5.364249722822563626e+02,4.047202248515502365e-02,-5.805911976713590272e-02,-2.078257209344193779e+00,1.693737169736536088e-03,9.295665344306712095e-04,-2.203712686048795583e-02,9.997552861579159789e-01
5.249465443681852892e+06,-4.657108056251232047e+05,-5.364650388159043359e+02,4.054914686175802724e-02,-5.842674256062291988e-02,-2.087153780713799200e+00,1.610411968596537138e-03,8.550462938705647494e-04,-2.199338035532678176e-02,9.997564536876891728e-01
5.249465444508577697e+06,-4.657108066731864237e+05,-5.365052675684862606e+02,4.019494887664588206e-02,-5.883876328353659230e-02,-2.095884907108743533e+00,1.617231353991134589e-03,7.999797617509058758e-04,-2.197305422621007032e-02,9.997569352015620581e-01
5.249465445332616568e+06,-4.657108077297140844e+05,-5.365456552942041526e+02,4.031838202798102011e-02,-5.960269148964974367e-02,-2.104451170295649653e+00,1.593094002059979334e-03,7.273105162941912111e-04,-2.197645948946119407e-02,9.997569546143489916e-01
5.249465446160720661e+06,-4.657108087935481453e+05,-5.365862009321103869e+02,4.068023019124858419e-02,-5.977261929240443306e-02,-2.113088821892795455e+00,1.579901279261933114e-03,6.260061079791054981e-04,-2.187027609093211700e-02,9.997593725754955196e-01
5.249465446995681152e+06,-4.657108098627747386e+05,-5.366269029742938983e+02,4.106881034356484050e-02,-6.046417916696782135e-02,-2.121492931402349402e+00,1.651037081533165800e-03,5.320414657001326696e-04,-2.181857881544417913e-02,9.997604416196239629e-01
5.249465447834893130e+06,-4.657108109349473380e+05,-5.366677522737409163e+02,4.122598692281247840e-02,-6.017219558901847759e-02,-2.129166178266788556e+00,1.632917721791874322e-03,4.049501732024074442e-04,-2.176937201260799662e-02,9.997616036024788988e-01
5.249465448673077859e+06,-4.657108120045740507e+05,-5.367087381956291665e+02,4.105124604079590095e-02,-6.044846703036740876e-02,-2.136485018636709032e+00,1.620692713568813812e-03,3.099553725157046398e-04,-2.171965178783442224e-02,9.997627388583597563e-01
5.249465449505044147e+06,-4.657108130807505222e+05,-5.367498578160771103e+02,4.071310311616456457e-02,-6.117956307313984765e-02,-2.143877682182257161e+00,1.660699544572910493e-03,1.940156316867884263e-04,-2.164776533438557415e-02,9.997642615594722892e-01
5.249465406284553930e+06,-4.657107650438590208e+05,-5.369003564688418919e+02,2.549552523565871628e-02,-4.477987655912821219e-02,-2.169500354101573159e+00,1.823267217756860447e-03,2.412579731337130540e-04,-2.159458680914474321e-02,9.997651353909301486e-01
5.249465406800685450e+06,-4.657107658853448811e+05,-5.369427445459599539e+02,2.548142556771956432e-02,-4.475122766587728146e-02,-2.177097069247665218e+00,1.839819021205531171e-03,2.271453405558826965e-04,-2.153729579147904347e-02,9.997663268789925839e-01
5.249465407324204221e+06,-4.657107667279697489e+05,-5.369852663819885947e+02,2.625702071815029168e-02,-4.500873771933532053e-02,-2.183764873461934819e+00,1.825350250053700942e-03,1.634868555469395403e-04,-2.147152774201339931e-02,9.997677804695943582e-01
5.249465407862023450e+06,-4.657107675762373838e+05,-5.370279132612336070e+02,2.691277649432646801e-02,-4.545610984776537328e-02,-2.190497442738195133e+00,1.840956864822871015e-03,1.337340722615966806e-04,-2.144050868831460718e-02,9.997684219759962465e-01
5.249465408408879302e+06,-4.657107684317276580e+05,-5.370706880386105695e+02,2.717215145928851897e-02,-4.587238376373362070e-02,-2.197467019377604913e+00,1.827666975424591068e-03,9.206472195932511855e-05,-2.143712144112205897e-02,9.997685237003636205e-01
5.249465408965571783e+06,-4.657107692992249504e+05,-5.371135971413847301e+02,2.789889940515365499e-02,-4.687549607993811429e-02,-2.204868522553590005e+00,1.819077070174161077e-03,5.633775126984725542e-05,-2.141526325475983511e-02,9.997690104642081854e-01
5.249465409537388943e+06,-4.657107701809488353e+05,-5.371566317251887313e+02,2.869089606671079012e-02,-4.746211314930730979e-02,-2.210888220857062159e+00,1.780011269213981583e-03,1.982220643634306420e-05,-2.140766812855119869e-02,9.997692448322504921e-01
5.249465410119188018e+06,-4.657107710641064332e+05,-5.371997778860112476e+02,2.893143925706235381e-02,-4.705813426963113832e-02,-2.216903266215720869e+00,1.773969355086813058e-03,-4.479236592690608661e-05,-2.140917405540719923e-02,9.997692225172883917e-01
5.249465410708408803e+06,-4.657107719409244601e+05,-5.372430035208757317e+02,2.946519577347454788e-02,-4.689807650352034035e-02,-2.219543484000461753e+00,1.694349322437137479e-03,-1.073639309266879587e-04,-2.145042598281590718e-02,9.997684716366597169e-01
5.249465411309747957e+06,-4.657107728195706150e+05,-5.372862477585831584e+02,3.015968457956196003e-02,-4.740305009503647388e-02,-2.219326203076064097e+00,1.599920650773095252e-03,-1.516255059804918115e-04,-2.147161866350866949e-02,9.997681665545163909e-01
5.249465411931556650e+06,-4.657107736988707329e+05,-5.373294512105075000e+02,3.156246429643948248e-02,-4.699495187460883683e-02,-2.215860235206087658e+00,1.500720632577655931e-03,-2.396904159111108940e-04,-2.151169725924839335e-02,9.997674415919465263e-01
5.249465412570912391e+06,-4.657107745758146048e+05,-5.373725381592713575e+02,3.193861576487590226e-02,-4.730775745397784032e-02,-2.207832502982419065e+00,1.374553476357530824e-03,-2.863691348364150592e-04,-2.152247015606634575e-02,9.997673788807259765e-01
5.249465413225395605e+06,-4.657107754523644107e+05,-5.374154150207211842e+02,3.313813046459635620e-02,-4.700299018427517989e-02,-2.194739999254669005e+00,1.217698998099499448e-03,-3.863821952369397351e-04,-2.159165767578787032e-02,9.997660567537572929e-01
5.249465413895492442e+06,-4.657107763240642962e+05,-5.374580044925571656e+02,3.356363304645362811e-02,-4.690549163430345059e-02,-2.178827734853458153e+00,1.082397311388079300e-03,-4.815940021525208481e-04,-2.165615146464909893e-02,9.997647761284722545e-01
5.249465414575003088e+06,-4.657107772001069970e+05,-5.375002446500692486e+02,3.412616581466618171e-02,-4.764568997375238923e-02,-2.159346563155292831e+00,9.501994687776387644e-04,-5.616290492067747353e-04,-2.170876649806383410e-02,9.997637276632506120e-01
5.249465415270084515e+06,-4.657107780842848006e+05,-5.375420703524582677e+02,3.515889923229727904e-02,-4.784510645421462260e-02,-2.136745268552036947e+00,8.145461923752004901e-04,-6.272684211606402698e-04,-2.173601414254546990e-02,9.997632163358647350e-01
5.249465415977507830e+06,-4.657107789728657808e+05,-5.375834299130945055e+02,3.540203976622217225e-02,-4.825104724124436306e-02,-2.111968286234122694e+00,6.796345815629269713e-04,-6.939784484370450273e-04,-2.178361689718890867e-02,9.997622369972973821e-01
5.249465416700799018e+06,-4.657107798702687141e+05,-5.376242812330386869e+02,3.677829418804465234e-02,-4.892946054346881957e-02,-2.085029086489505357e+00,5.236502733402546893e-04,-7.600840116168452445e-04,-2.185951143579189029e-02,9.997606262614566752e-01
5.249465417441111058e+06,-4.657107807778036222e+05,-5.376645801490453778e+02,3.716146094729872590e-02,-4.945348947223700276e-02,-2.055693340843333772e+00,4.378540764206289388e-04,-8.520061733766490708e-04,-2.192269073001183038e-02,9.997592100104287782e-01
5.249465418194774538e+06,-4.657107816935869632e+05,-5.377042849300020180e+02,3.815767378610145089e-02,-4.993485084048703698e-02,-2.024463957695453509e+00,3.339458791528747829e-04,-9.307631257201100282e-04,-2.198161081302364359e-02,9.997578861636743364e-01
5.249465418960513547e+06,-4.657107826153163332e+05,-5.377433741639219988e+02,3.840010391770294629e-02,-5.020084636719396309e-02,-1.992956190051099252e+00,2.659970507086428728e-04,-9.852211347049165922e-04,-2.204283673484471948e-02,9.997565063223196047e-01
5.249465419741240330e+06,-4.657107835477071349e+05,-5.377818254112711429e+02,3.965806591948628501e-02,-5.128357737420236734e-02,-1.959352397799163148e+00,2.200980165510076948e-04,-1.017710109332615022e-03,-2.210544275026013819e-02,9.997551026246735972e-01
5.249465420542161912e+06,-4.657107844930574065e+05,-5.378196029356683994e+02,4.042729280082231480e-02,-5.167081369808353142e-02,-1.924167230386072402e+00,2.333620881961188714e-04,-1.050181388048947216e-03,-2.218738194499996624e-02,9.997532509293893810e-01
5.249465421354935504e+06,-4.657107854512523045e+05,-5.378566998825724568e+02,4.086615795638522813e-02,-5.289111647601345279e-02,-1.889911477940953599e+00,2.312767705694403274e-04,-1.109472720142105906e-03,-2.224225923735056315e-02,9.997519679828800188e-01
5.249465422180252150e+06,-4.657107864265520475e+05,-5.378931134112693826e+02,4.168392890357850572e-02,-5.362204751777131101e-02,-1.854352650153812565e+00,2.192701410984026350e-04,-1.138846487614433639e-03,-2.228098176586015833e-02,9.997510754188408955e-01
5.249465423014936037e+06,-4.657107874129456468e+05,-5.379288369144351236e+02,4.178997783727569221e-02,-5.422898151087608004e-02,-1.819454812751437611e+00,2.606801380546509405e-04,-1.141091911822318065e-03,-2.228618405245895787e-02,9.997509469641929769e-01
5.249465423858138733e+06,-4.657107884157429216e+05,-5.379638646234130874e+02,4.252230395107477884e-02,-5.563215268992820206e-02,-1.783226862207146546e+00,2.223918863763756234e-04,-1.155502574510085213e-03,-2.228087538385645217e-02,9.997510579879902437e-01
5.249465424712369218e+06,-4.657107894339966588e+05,-5.379981847178740963e+02,4.289488672821528681e-02,-5.596076729998014643e-02,-1.747136391322564597e+00,2.017096302503544581e-04,-1.177051585557168214e-03,-2.226752020682324154e-02,9.997513347862875266e-01
5.249465425579039380e+06,-4.657107904664781527e+05,-5.380318028697636237e+02,4.372581682167894779e-02,-5.745106708409866009e-02,-1.711481549622766218e+00,1.808374561134719327e-04,-1.157698781878335271e-03,-2.227237305095023517e-02,9.997512532777258487e-01
5.249465426458437927e+06,-4.657107915179676493e+05,-5.380647127818932631e+02,4.416924565413106463e-02,-5.811770068687129032e-02,-1.674678052760415481e+00,2.022397449804967250e-04,-1.185468553524087745e-03,-2.226370343625968737e-02,9.997514097379750497e-01
5.249465427345135249e+06,-4.657107925817072392e+05,-5.380969045361111966e+02,4.446323885540498511e-02,-5.897344950014478393e-02,-1.638020803839902007e+00,2.139417065837375276e-04,-1.223960973094838497e-03,-2.225724174450070120e-02,9.997515047944646183e-01
5.249465428244264796e+06,-4.657107936549863080e+05,-5.381283750926733092e+02,4.537240690993551984e-02,-5.925773102799852116e-02,-1.600865813749521971e+00,2.090518891851585019e-04,-1.192355090472260086e-03,-2.225019286133167115e-02,9.997517009261231991e-01
5.249465429159139283e+06,-4.657107947403616854e+05,-5.381591244254727826e+02,4.601862852159105399e-02,-6.057466466503329261e-02,-1.564215771500129470e+00,1.880969344805383974e-04,-1.201304956248002266e-03,-2.222552502905386987e-02,9.997522430700266360e-01
5.249465430091103539e+06,-4.657107958368306281e+05,-5.381891546399134540e+02,4.706992244954642801e-02,-6.048619098200608279e-02,-1.527233407779922558e+00,1.445921541697929265e-04,-1.208616429753121791e-03,-2.226539530821507185e-02,9.997513543434838335e-01
5.249465431041814387e+06,-4.657107969333193032e+05,-5.382184711222687383e+02,4.786730863333858027e-02,-6.077395245094058263e-02,-1.491155170890428261e+00,1.025936317622893181e-04,-1.193980960106116439e-03,-2.221939947533147289e-02,9.997524004329303438e-01
5.249465431998047046e+06,-4.657107980352430022e+05,-5.382470801326226137e+02,4.759993627213585099e-02,-6.128319559663158306e-02,-1.454761400670268712e+00,8.560678714850788052e-05,-1.181683723290414103e-03,-2.219113299347971399e-02,9.997530444624654899e-01
5.249465432957718149e+06,-4.657107991466287058e+05,-5.382749799408431954e+02,4.819998062204033928e-02,-6.201589201307970006e-02,-1.418499073601219740e+00,3.273625581324767327e-05,-1.194227765105638529e-03,-2.214182018113387135e-02,9.997541260469557933e-01
5.249465433931502514e+06,-4.657108002685225219e+05,-5.383021900702312905e+02,4.898925284539888680e-02,-6.260239261267296074e-02,-1.384151585245790628e+00,-1.319396721298358130e-06,-1.189461418710192116e-03,-2.207926642461411140e-02,9.997555157009251348e-01
5.249465434913895093e+06,-4.657108014009847539e+05,-5.383287315042923638e+02,4.902642387583303757e-02,-6.339423440777845753e-02,-1.349979775778909596e+00,-2.364581817251119465e-05,-1.162936623136619826e-03,-2.201998785032555778e-02,9.997568540174420759e-01
5.249465435911090113e+06,-4.657108025430454873e+05,-5.383546148853013165e+02,5.044117721480740474e-02,-6.379187229590163599e-02,-1.316734080290244524e+00,-3.351516442399038730e-05,-1.153063759497347570e-03,-2.201985838721691457e-02,9.997568680223304360e-01
5.249465436929200776e+06,-4.657108036912237294e+05,-5.383798430091823093e+02,5.112356906835126974e-02,-6.426306357097390232e-02,-1.282782280285819532e+00,-8.247796077191861031e-05,-1.190934984503359741e-03,-2.199160238950256807e-02,9.997574427310441658e-01
5.249465437963580713e+06,-4.657108048493089154e+05,-5.384044228070392819e+02,5.204562763661030322e-02,-6.512388216111118788e-02,-1.250299841319475913e+00,-1.015171972404094679e-04,-1.193266545898044335e-03,-2.197021577340401571e-02,9.997579084101453351e-01
5.249465439012315124e+06,-4.657108060205639922e+05,-5.384283778699189043e+02,5.256985648806698774e-02,-6.591829912692208360e-02,-1.218746256664233973e+00,-1.203303750922566880e-04,-1.244361376750470699e-03,-2.191313696620673587e-02,9.997590967399268003e-01
5.249465440064805560e+06,-4.657108072062856518e+05,-5.384517114802928290e+02,5.243732075196731041e-02,-6.697944704801790661e-02,-1.186535439657116608e+00,-1.344487850762231989e-04,-1.306797393882683364e-03,-2.187238942955765236e-02,9.997599075704766136e-01
5.249465441120883450e+06,-4.657108084107099567e+05,-5.384744307369874150e+02,5.291701712404549979e-02,-6.824356659525727953e-02,-1.155762035082368744e+00,-1.931016295644698039e-04,-1.329531398438100771e-03,-2.179622390917860392e-02,9.997615314073364789e-01
5.249465442189224996e+06,-4.657108096336208982e+05,-5.384965509747499937e+02,5.366838463561535155e-02,-6.922430959700413833e-02,-1.125073826338717664e+00,-2.048034440364174822e-04,-1.380276352894473568e-03,-2.173502395795418388e-02,9.997627926798102749e-01
5.249465443270225078e+06,-4.657108108730830136e+05,-5.385180789836648501e+02,5.416464121371276919e-02,-7.033182934177036050e-02,-1.095000606119176600e+00,-1.936471867883259067e-04,-1.394291841973691916e-03,-2.168109258818657487e-02,9.997639464773095952e-01
5.249465444356100634e+06,-4.657108121297571925e+05,-5.385390247556458689e+02,5.413397107336007791e-02,-7.137614746186751735e-02,-1.065319607100045918e+00,-1.646469784412136388e-04,-1.397575728264304840e-03,-2.162911538735001402e-02,9.997650729254936586e-01
5.249465445448946208e+06,-4.657108133971107891e+05,-5.385594063321894964e+02,5.483074588030826396e-02,-7.164702321520563522e-02,-1.037127129485334809e+00,-1.825548069021890008e-04,-1.375296262423174147e-03,-2.158805270627090975e-02,9.997659882267446729e-01
5.249465446556828916e+06,-4.657108146684842068e+05,-5.385792321440027308e+02,5.558310447960108924e-02,-7.206052051906287892e-02,-1.008229972988308409e+00,-2.589978389931613632e-04,-1.312070623517964940e-03,-2.154119661096869434e-02,9.997670669911564723e-01
5.249465447679724544e+06,-4.657108159470007522e+05,-5.385985080596256012e+02,5.627104486487686380e-02,-7.270345505434430700e-02,-9.806938024964151346e-01,-3.154006147747420957e-04,-1.237297143452452440e-03,-2.147271733694433235e-02,9.997686192460513155e-01
5.249465387728260830e+06,-4.657107547863061773e+05,-5.387722861218895787e+02,3.545950983100716603e-02,-5.229960911771134452e-02,-9.780860833111415520e-01,-2.007151126295891863e-04,-9.270885936209880430e-04,-2.143141737006551070e-02,9.997699017532355459e-01
5.249465388443107717e+06,-4.657107557752166176e+05,-5.387911863920900259e+02,3.579662927554125990e-02,-5.301512518092350162e-02,-9.512894392567710078e-01,-3.007218200176526267e-04,-8.060865991798844398e-04,-2.137584318668771591e-02,9.997711403711593281e-01
5.249465389168182388e+06,-4.657107567715710029e+05,-5.388095629269936353e+02,3.644245251858528600e-02,-5.315116350525802419e-02,-9.248087832603107961e-01,-4.197051367002548831e-04,-6.726110653876054201e-04,-2.130249398387921295e-02,9.997727617775117315e-01
5.249465389910235070e+06,-4.657107577720378758e+05,-5.388274326388452664e+02,3.746747903035479305e-02,-5.356926108980704371e-02,-8.997524317382905590e-01,-5.251552876844224225e-04,-5.968554692361427568e-04,-2.126932279520410765e-02,9.997734662830015662e-01
5.249465390668150038e+06,-4.657107587813158752e+05,-5.388448029057454960e+02,3.799999106011121147e-02,-5.420922072802328989e-02,-8.739689441971880690e-01,-6.201315252182141918e-04,-5.139995215231065026e-04,-2.123149290480998500e-02,9.997742619965005462e-01
5.249465391433556564e+06,-4.657107598012536764e+05,-5.388616788264052957e+02,3.819354504004485867e-02,-5.481210568853224496e-02,-8.494661926788037443e-01,-6.841701546917339271e-04,-4.508044244043497330e-04,-2.122701290846452232e-02,9.997743458449975806e-01
5.249465392204532400e+06,-4.657107608282695874e+05,-5.388780781059795117e+02,3.853881922574693697e-02,-5.504651713680325242e-02,-8.254647101458145730e-01,-7.544317324877417540e-04,-3.984029699919648540e-04,-2.122070015898926479e-02,9.997744515603708138e-01
5.249465392978287302e+06,-4.657107618643916212e+05,-5.388940154225417700e+02,3.843955468388807889e-02,-5.594717073801426521e-02,-8.024624185148621081e-01,-8.729702368098693878e-04,-2.987558322777594008e-04,-2.119562734142286381e-02,9.997749216947656725e-01
5.249465393749252893e+06,-4.657107629186392878e+05,-5.389095003063989680e+02,3.823109459952655359e-02,-5.712759908294900990e-02,-7.794021939055933990e-01,-9.532624287524873660e-04,-2.157240021699928468e-04,-2.115417958391633754e-02,9.997757475755718604e-01
5.249465394517556764e+06,-4.657107639901511720e+05,-5.389245406278022301e+02,3.815530921271232528e-02,-5.788794366227260901e-02,-7.572153417540585796e-01,-9.970201178628899583e-04,-1.687738146470161237e-04,-2.112352384472621081e-02,9.997763620965136599e-01
5.249465395291974768e+06,-4.657107650771136978e+05,-5.389391541229156246e+02,3.882604257595591996e-02,-5.892615894425675543e-02,-7.359600480938711664e-01,-1.061444117870618360e-03,-1.396442457673356479e-04,-2.108097236370328267e-02,9.997771983999027556e-01
5.249465396073302254e+06,-4.657107661796930479e+05,-5.389533481368251842e+02,3.883316490690359724e-02,-5.966884919172524976e-02,-7.144897527843550034e-01,-1.115103130455295972e-03,-1.154829379748138166e-04,-2.108323611099654354e-02,9.997770953387985493e-01
5.249465396866812371e+06,-4.657107673019606154e+05,-5.389671274588104097e+02,4.002475756867847345e-02,-6.123065607035568791e-02,-6.937358087957153918e-01,-1.118637775146976137e-03,-9.447980487896407060e-05,-2.107504530121508471e-02,9.997772662893308349e-01
5.249465397662237287e+06,-4.657107684469125816e+05,-5.389805093211077747e+02,3.900626310121659002e-02,-6.220683854683400210e-02,-6.740260136617967079e-01,-1.096871713755287643e-03,-4.449358925566311248e-05,-2.104458679573533927e-02,9.997779354735177870e-01
5.249465398448799737e+06,-4.657107696096082800e+05,-5.389935042291962191e+02,3.912614129971382637e-02,-6.328791504049376127e-02,-6.543146137122796135e-01,-1.067718194044670792e-03,-3.737150781470382609e-05,-2.105742199624698746e-02,9.997776970709254529e-01
5.249465399240787141e+06,-4.657107707898502704e+05,-5.390061144062686935e+02,3.952893627088309436e-02,-6.422574741847492108e-02,-6.348289215855079659e-01,-1.038340246777736059e-03,8.252404210092489001e-06,-2.106053726070890308e-02,9.997776630591810321e-01
5.249465400033897720e+06,-4.657107719891678425e+05,-5.390183470728521797e+02,3.922931842404734498e-02,-6.552525389550890866e-02,-6.158544291387147984e-01,-1.049775869755495243e-03,-2.889940480561943200e-06,-2.106457438265975021e-02,9.997775660959398181e-01
5.249465400830399245e+06,-4.657107732049846672e+05,-5.390302154362374267e+02,3.985971826615552355e-02,-6.609084584341000379e-02,-5.977192652079993396e-01,-1.035751180218038746e-03,-2.611230987621762362e-06,-2.106174385040298497e-02,9.997776403576137394e-01
5.249465401634183712e+06,-4.657107744341372745e+05,-5.390417332415146348e+02,3.994868821884137861e-02,-6.716167041104018076e-02,-5.801365268196055913e-01,-1.029030811750720684e-03,-6.309941651034452147e-06,-2.100179486384546115e-02,9.997789083935854082e-01
5.249465402444927022e+06,-4.657107756778299226e+05,-5.390529054089802230e+02,4.054025903483925164e-02,-6.777517078518946470e-02,-5.624828337935358080e-01,-1.013682100802997151e-03,2.681269111541007916e-05,-2.100153876941864353e-02,9.997789291135349421e-01
5.249465403267591260e+06,-4.657107769277172629e+05,-5.390637426925248974e+02,4.112952450368390772e-02,-6.794330018649109848e-02,-5.460223627567200033e-01,-1.051554490272091054e-03,6.278171975028383532e-05,-2.094503569589878031e-02,9.997800737020748896e-01
5.249465404097949155e+06,-4.657107781808640575e+05,-5.390742559844047719e+02,4.129259083053078705e-02,-6.829722446684005632e-02,-5.294456173056604209e-01,-1.115474458669704410e-03,1.185398399565097260e-04,-2.095792822774697473e-02,9.997797291953189891e-01
5.249465404928611591e+06,-4.657107794485625927e+05,-5.390844503397927383e+02,4.113546812247112494e-02,-6.978956050949502998e-02,-5.135130150053920373e-01,-1.136049353865911269e-03,1.767834523346604417e-04,-2.094270986098449583e-02,9.997800163253924843e-01
5.249465405769266188e+06,-4.657107807375724078e+05,-5.390943347768670719e+02,4.227620661214300662e-02,-7.072423036320588108e-02,-4.978437334214532162e-01,-1.125883001733356996e-03,2.033990601676778285e-04,-2.089950735028800813e-02,9.997809268081048195e-01
5.249465406615891494e+06,-4.657107820402701618e+05,-5.391039126490497893e+02,4.172559539022983183e-02,-7.143170216235969483e-02,-4.822432395970926988e-01,-1.167435139997112731e-03,1.991971966386221575e-04,-2.090622480124825627e-02,9.997807395527815721e-01
5.249465407459809445e+06,-4.657107833595962729e+05,-5.391131887340892490e+02,4.198500940887182203e-02,-7.276741434913620854e-02,-4.670644430543424153e-01,-1.191337786632374902e-03,2.381313983069496658e-04,-2.090369700238076806e-02,9.997807556958909769e-01
5.249465408307936974e+06,-4.657107846957586589e+05,-5.391221743329543870e+02,4.212988093364552350e-02,-7.337599930534899340e-02,-4.526221077062860809e-01,-1.252256166548179964e-03,2.899121985441354766e-04,-2.088263576263775859e-02,9.997811077078452291e-01
5.249465409153622575e+06,-4.657107860526995501e+05,-5.391308821212621751e+02,4.171936624923102549e-02,-7.535734324403796369e-02,-4.387304414393410901e-01,-1.311980307635671845e-03,3.099826089919783612e-04,-2.088437389983691800e-02,9.997809887899473669e-01
5.249465409999554977e+06,-4.657107874323833967e+05,-5.391393184382867503e+02,4.214232683570012100e-02,-7.590930911253528091e-02,-4.249202208687716809e-01,-1.314148385123410168e-03,3.337451321568307640e-04,-2.087348063350480398e-02,9.997812057820466558e-01
5.249465410847762600e+06,-4.657107888226662762e+05,-5.391474811599962322e+02,4.193574255162927505e-02,-7.673493716252210994e-02,-4.107953348342840427e-01,-1.296790048225970665e-03,3.495572880132245038e-04,-2.083472571122405373e-02,9.997820314200370762e-01
5.249465411695528775e+06,-4.657107902283159201e+05,-5.391554121060429452e+02,4.208005024526326882e-02,-7.781101895227170162e-02,-4.013853259802151463e-01,-1.329733834307437633e-03,3.776373754360269966e-04,-2.082603922534458085e-02,9.997821589169869627e-01
5.249465412541789934e+06,-4.657107916501435684e+05,-5.391631808121716176e+02,4.176811292540187626e-02,-7.869152919926181156e-02,-3.943222683952364860e-01,-1.357874738787861633e-03,4.159584241099543674e-04,-2.076434010754423659e-02,9.997833892075217443e-01
5.249465413386229426e+06,-4.657107930846199743e+05,-5.391708211469097023e+02,4.188415861376254545e-02,-7.938065897349738664e-02,-3.883486012916390062e-01,-1.350891848361022822e-03,4.373040654005871399e-04,-2.069537411677011343e-02,9.997848195222543977e-01
5.249465414235064760e+06,-4.657107945326868794e+05,-5.391783435951983847e+02,4.219015512457235245e-02,-8.042622190402612392e-02,-3.823292617747866551e-01,-1.328461332428900995e-03,4.617696151192226509e-04,-2.063038095519631812e-02,9.997861818116847710e-01
5.249465415085197426e+06,-4.657107959980191663e+05,-5.391857492741664828e+02,4.199572009060897892e-02,-8.149705224197237308e-02,-3.764727201188801664e-01,-1.261904975115942960e-03,4.831007004523764727e-04,-2.059900624727963384e-02,9.997869048711442996e-01
5.249465415935133584e+06,-4.657107974820213276e+05,-5.391930418443407689e+02,4.215463774578613598e-02,-8.271468895675172794e-02,-3.708273774691471236e-01,-1.198658006704562701e-03,4.722053021263247817e-04,-2.060261776129472880e-02,9.997869134886655518e-01
5.249465416785516776e+06,-4.657107989833591855e+05,-5.392002129892587163e+02,4.202645111610055217e-02,-8.359551113996228910e-02,-3.640830553870058051e-01,-1.136604591378509574e-03,4.815556963355705237e-04,-2.055932702928357433e-02,9.997878726544486838e-01
5.249465417636632919e+06,-4.657108005035097012e+05,-5.392072420900204861e+02,4.220650535951858684e-02,-8.508503456064329951e-02,-3.563228325034148436e-01,-1.059872158173115128e-03,4.971593328917288867e-04,-2.055102050175738881e-02,9.997881200837822613e-01
5.249465418490346521e+06,-4.657108020442229463e+05,-5.392141229480372431e+02,4.227182671227248251e-02,-8.604267591147432559e-02,-3.489759308485531619e-01,-9.981139938939147770e-04,4.994032950193217323e-04,-2.052613985760865997e-02,9.997886936488583620e-01
5.249465419342957437e+06,-4.657108035992198857e+05,-5.392208556002977957e+02,4.208639682501843365e-02,-8.688953221371580049e-02,-3.411948461050582360e-01,-9.698701819764729082e-04,4.806160144710167319e-04,-2.050766243918259249e-02,9.997891098337258198e-01
5.249465420187901706e+06,-4.657108051677702460e+05,-5.392274281297403604e+02,4.149548363544765250e-02,-8.779500487862176850e-02,-3.326129677651224470e-01,-9.428122067206848528e-04,4.604468859384074227e-04,-2.049828500013965368e-02,9.997893375139739192e-01
5.249465421021859162e+06,-4.657108067439989536e+05,-5.392338317538132060e+02,4.098370668897409475e-02,-8.788957762149267328e-02,-3.239457852163621365e-01,-9.177371380345957560e-04,4.509660697819081352e-04,-2.047307921528591923e-02,9.997898816333173899e-01
5.249465421852585860e+06,-4.657108083267440670e+05,-5.392400627088780993e+02,4.116042859179545876e-02,-8.886135879716003383e-02,-3.149678556433563870e-01,-8.778758514519053669e-04,4.445766604490604791e-04,-2.043209652183305622e-02,9.997907586680804259e-01
5.249465422689102590e+06,-4.657108099223418394e+05,-5.392461167906318451e+02,4.155701985052816932e-02,-8.952836933904821659e-02,-3.058704627997407832e-01,-8.187225500647183013e-04,4.094307859374908304e-04,-2.039557504901210946e-02,9.997915695679011616e-01
5.249465423531986773e+06,-4.657108115320006618e+05,-5.392519947897360453e+02,4.177886672438227422e-02,-9.074540466697664232e-02,-2.969776466540588467e-01,-7.743495059070212676e-04,4.150060390655517279e-04,-2.039826665206988937e-02,9.997915477094508896e-01
5.249465424386021681e+06,-4.657108131647892296e+05,-5.392577003921040841e+02,4.264953904417398411e-02,-9.242250087534709113e-02,-2.882533306814525353e-01,-7.244212129566353396e-04,4.232073314042817183e-04,-2.037193596672363244e-02,9.997921185603090288e-01
5.249465425257205032e+06,-4.657108148218275746e+05,-5.392632400420937984e+02,4.347501086287875599e-02,-9.366533391347253712e-02,-2.800266702790571993e-01,-6.861499685901124596e-04,4.342010142825130509e-04,-2.033141862157495164e-02,9.997929656111076424e-01
5.249465426135953516e+06,-4.657108164972536033e+05,-5.392686169220968395e+02,4.338932056126559161e-02,-9.473215580610286346e-02,-2.716070757059027563e-01,-6.260995181265677700e-04,4.461127353251648805e-04,-2.030221540721046519e-02,9.997935932147811178e-01
5.249465427012323402e+06,-4.657108181859515025e+05,-5.392738268409373177e+02,4.323021733562333602e-02,-9.537427796300003424e-02,-2.629453809569528566e-01,-5.622205692396577918e-04,4.096495383506985411e-04,-2.029225798584748455e-02,9.997938489319089239e-01
5.249465427874961868e+06,-4.657108198799678357e+05,-5.392788662236505388e+02,4.200652953006735885e-02,-9.555443408490862933e-02,-2.541577121059547251e-01,-4.666688216002442711e-04,4.411412323824835191e-04,-2.025687699085162649e-02,9.997946021809439587e-01
5.249465428726654500e+06,-4.657108215783083579e+05,-5.392837521170099535e+02,4.212102014922778498e-02,-9.619368924050525349e-02,-2.472971170301996591e-01,-4.143212013225510163e-04,4.616753159255100776e-04,-2.022362629639092371e-02,9.997952891138449649e-01
5.249465367252145894e+06,-4.657107618276407011e+05,-5.394553504495714833e+02,2.187508615004919721e-02,-7.637688625036954948e-02,-2.631603925950258271e-01,-2.178234152969535560e-04,6.768502162309003719e-04,-2.022227422764625790e-02,9.997952847818580846e-01
5.249465367694147862e+06,-4.657107632616495248e+05,-5.394604389743122965e+02,2.186620678024360845e-02,-7.615792422238455706e-02,-2.548008459105678414e-01,-1.528109707518455758e-04,7.305090609287388966e-04,-2.012878326170181725e-02,9.997971169642452249e-01
5.249465368129657581e+06,-4.657107646901553380e+05,-5.394653633020375310e+02,2.122553891518915228e-02,-7.592466359826002820e-02,-2.464875251554230207e-01,-1.088484513210402177e-04,7.152300989884157389e-04,-2.010154655389168391e-02,9.997976817458380516e-01
5.249465368552657776e+06,-4.657107661166570615e+05,-5.394701294726191918e+02,2.061423927146201901e-02,-7.610784604073289605e-02,-2.387498715973592756e-01,1.162153611411135768e-05,6.773228088646666024e-04,-2.006111243738790614e-02,9.997985261375497146e-01
5.249465368967978284e+06,-4.657107675463614869e+05,-5.394747379596025212e+02,2.045599690401218515e-02,-7.640976018617655352e-02,-2.304611508381492202e-01,7.529490650305298879e-05,6.422607240238195972e-04,-2.001000865172419818e-02,9.997995706069741084e-01
5.249465369380867109e+06,-4.657107689772007870e+05,-5.394791887096516803e+02,2.036928548149059132e-02,-7.633998446304007812e-02,-2.227358546046635523e-01,1.056002695380807573e-04,6.366862020095285938e-04,-1.996436111279829492e-02,9.998004839791355680e-01
5.249465369793822989e+06,-4.657107704044710263e+05,-5.394834838828328429e+02,2.046364088511667956e-02,-7.615679254535082099e-02,-2.146471612843551535e-01,1.003523810179101115e-04,6.013457921336246275e-04,-1.990458088126622477e-02,9.998016983246587053e-01
5.249465370204684325e+06,-4.657107718327754410e+05,-5.394876251639539078e+02,2.015329729021242411e-02,-7.663670833362799806e-02,-2.071075556595052269e-01,1.040338099872796122e-04,6.259200721175723009e-04,-1.986646482334552405e-02,9.998024409735899454e-01
5.249465370606084354e+06,-4.657107732658272143e+05,-5.394916123325610897e+02,1.951505245289384544e-02,-7.678513991073578071e-02,-1.989721915220709625e-01,8.440269478678342704e-05,6.173682487256699179e-04,-1.982993624070563191e-02,9.998031733104353336e-01
5.249465370997212827e+06,-4.657107746971593006e+05,-5.394954465840845614e+02,1.912402735963968092e-02,-7.656910715508037646e-02,-1.915768503780697629e-01,1.751174997364222577e-05,6.192743646189815534e-04,-1.982227235236549284e-02,9.998033275158083599e-01
5.249465371380652301e+06,-4.657107761242832639e+05,-5.394991356269072185e+02,1.874668034662907781e-02,-7.648746433901544572e-02,-1.842108567575801159e-01,-4.407674371150638342e-05,5.659248576969210659e-04,-1.980645774797598624e-02,9.998036717366400872e-01
5.249465371753484011e+06,-4.657107775467869360e+05,-5.395026773007757583e+02,1.806410245107148080e-02,-7.620492881919735395e-02,-1.765871678126051114e-01,-6.477414003815588981e-05,5.351617643160568776e-04,-1.976675895941084130e-02,9.998044732080005881e-01
5.249465372120340355e+06,-4.657107789707533666e+05,-5.395060725915941475e+02,1.814425281232977250e-02,-7.685883783276654946e-02,-1.693307014109750874e-01,-1.016335918101454256e-04,5.105667065015336578e-04,-1.972210839312069780e-02,9.998053647751037332e-01
5.249465372492450289e+06,-4.657107804042634089e+05,-5.395093253679717691e+02,1.858799731320734394e-02,-7.736477312968541298e-02,-1.620920316345534073e-01,-1.432993059581509838e-04,4.328793018944756188e-04,-1.967404593708564631e-02,9.998063432473253132e-01
5.249465372868091799e+06,-4.657107818428108585e+05,-5.395124435494550426e+02,1.849490902183752172e-02,-7.752372451632520700e-02,-1.556555350336124577e-01,-1.570797018708250143e-04,4.055762948479769742e-04,-1.963010092317529071e-02,9.998072164031868159e-01
5.249465373238805681e+06,-4.657107832885808893e+05,-5.395154324728101756e+02,1.808939584489132474e-02,-7.834829685507502250e-02,-1.489373084081764553e-01,-1.785073034932330171e-04,3.536595168908018448e-04,-1.961958076491900765e-02,9.998074390156391766e-01
5.249465373613299802e+06,-4.657107847439135076e+05,-5.395182867055278848e+02,1.887016329220854091e-02,-7.866369183870776383e-02,-1.419445930449608761e-01,-1.824627580888335044e-04,3.051933792580916100e-04,-1.957588600196256273e-02,9.998083107535672420e-01
5.249465373996764421e+06,-4.657107862066931557e+05,-5.395210058873859680e+02,1.897954836024932576e-02,-7.933541737843642638e-02,-1.351971979292058423e-01,-1.482497221105974830e-04,2.737858682151066560e-04,-1.958353884278186616e-02,9.998081756367266371e-01
5.249465374371775426e+06,-4.657107876749409479e+05,-5.395235929410536073e+02,1.802298733347584142e-02,-7.936586213195369333e-02,-1.284962489107752959e-01,-1.327177031124135572e-04,2.219574251735265157e-04,-1.957866590526482695e-02,9.998082861041958092e-01
5.249465374738306738e+06,-4.657107891407086863e+05,-5.395260558149971075e+02,1.813046284694165566e-02,-7.920946945573986708e-02,-1.225715852120118771e-01,-1.351265585139209912e-04,2.007319918241906478e-04,-1.951515540718253700e-02,9.998095319395797764e-01
5.249465375099358149e+06,-4.657107906072067562e+05,-5.395283894452086315e+02,1.747260589169877254e-02,-7.965983967083989370e-02,-1.153094264334650482e-01,-1.091790789749097073e-04,1.059687049385039996e-04,-1.949295038699943444e-02,9.998099828147862800e-01
5.249465375460987911e+06,-4.657107920796145336e+05,-5.395305877608233232e+02,1.818198001900865959e-02,-7.999805945989361955e-02,-1.088047784664236545e-01,-9.605432936940512111e-05,1.010879115363602849e-04,-1.948343150620998263e-02,9.998101702082654585e-01
5.249465375833378173e+06,-4.657107935588916880e+05,-5.395326609113260474e+02,1.854195368108036562e-02,-8.058899685472015184e-02,-1.025656569326206247e-01,-6.501825287651200036e-05,7.206030862483711011e-05,-1.945475007766444067e-02,9.998107337289895424e-01
5.249465376206151210e+06,-4.657107950431360514e+05,-5.395346205963046486e+02,1.821585399147875733e-02,-8.066108613753061873e-02,-9.726619224975846523e-02,-1.582344888582232263e-05,6.874825129377411931e-05,-1.942775990348113296e-02,9.998112607731404200e-01
5.249465376582147554e+06,-4.657107965290325228e+05,-5.395364739487843053e+02,1.885945405142835235e-02,-8.095140920436384724e-02,-9.172883987045483967e-02,-1.002310138500593437e-05,3.891964996745417792e-05,-1.939146931881763347e-02,9.998119669731952985e-01
5.249465376967134885e+06,-4.657107980175196426e+05,-5.395382123532846208e+02,1.910958395007372398e-02,-8.109798390358310960e-02,-8.553948376452648328e-02,-2.907743904810288976e-05,1.475812367432112830e-05,-1.939993399629894727e-02,9.998118030399508749e-01
5.249465377353592776e+06,-4.657107995069105527e+05,-5.395398360469670251e+02,1.900236086150491888e-02,-8.121955151723725397e-02,-8.005191540843334397e-02,-4.019590868168132242e-05,-1.382904426260151781e-05,-1.937530362997984604e-02,9.998122802819803256e-01
5.249465377740638331e+06,-4.657108009975029272e+05,-5.395413506813033564e+02,1.916310396808740615e-02,-8.140691837941728404e-02,-7.441965097012800956e-02,-7.601054594436861000e-05,-8.563244002380216758e-06,-1.933327453277515484e-02,9.998130918553091995e-01
5.249465378133376129e+06,-4.657108024865902262e+05,-5.395427591924586750e+02,1.956807975246744463e-02,-8.118866975018504406e-02,-6.924224202642087489e-02,-1.628835177809164012e-04,-4.752516175401046109e-06,-1.932265927891823470e-02,9.998132867116390488e-01
5.249465378529005684e+06,-4.657108039784071152e+05,-5.395440565415071887e+02,1.944392329038003436e-02,-8.197676185192845355e-02,-6.306273462193827395e-02,-2.584303090574358161e-04,-3.714014637159646380e-05,-1.929030260988481155e-02,9.998138907116558283e-01
5.249465378926983103e+06,-4.657108054752125172e+05,-5.395452425093441207e+02,1.979872479389822859e-02,-8.182063621279579702e-02,-5.790327964989393228e-02,-3.979221691005571681e-04,-2.166902895901338152e-05,-1.927933750976062316e-02,9.998140568795588212e-01
5.249465379326556809e+06,-4.657108069734130404e+05,-5.395463258325421521e+02,1.959462371741220454e-02,-8.237963811355367150e-02,-5.258877946194501218e-02,-4.974905653131588695e-04,5.415355121997364358e-06,-1.926150351826502738e-02,9.998143562464035794e-01
5.249465379720893688e+06,-4.657108084804167156e+05,-5.395473028975536636e+02,1.926541418204252495e-02,-8.297474333735986585e-02,-4.705686337558691312e-02,-5.400768173048936961e-04,7.717514058935299049e-06,-1.927339528738054863e-02,9.998141049674972303e-01
5.249465380117885768e+06,-4.657108099933011108e+05,-5.395481719584842040e+02,1.985399125256199007e-02,-8.316616453432693068e-02,-4.156753634261042829e-02,-6.108974852470384085e-04,-9.968496395361933882e-06,-1.926517590303049657e-02,9.998142225947341810e-01
5.249465380518536083e+06,-4.657108115119197755e+05,-5.395489361404196416e+02,1.962257410508902802e-02,-8.384268652603228678e-02,-3.635761299519332801e-02,-6.878761883394477958e-04,-4.709073850009849461e-05,-1.924340473929665382e-02,9.998145908033424512e-01
5.249465380917035975e+06,-4.657108130375925684e+05,-5.395496174154314986e+02,1.963174945106160516e-02,-8.408859170665491933e-02,-3.314807883473517430e-02,-7.362608062094963806e-04,-6.923188245102436435e-05,-1.923631670744594888e-02,9.998146914538268426e-01
5.249465381312527694e+06,-4.657108145699134911e+05,-5.395502258564066551e+02,1.931130975697228566e-02,-8.481963759963531690e-02,-2.889984270351681622e-02,-7.727612782698741129e-04,-5.443627263115242060e-05,-1.921776013087984208e-02,9.998150216778440846e-01
5.249465381703408435e+06,-4.657108161091429647e+05,-5.395507469575615005e+02,1.916242408682721984e-02,-8.498786683036206602e-02,-2.421985003396611227e-02,-8.062044265482800221e-04,-8.081967960470463810e-05,-1.926320605578938847e-02,9.998141189218497926e-01
5.249465382091508247e+06,-4.657108176497038803e+05,-5.395511756200760374e+02,1.902675812175659564e-02,-8.516530671682939757e-02,-1.945624778362575052e-02,-8.149259917534319633e-04,-9.912094931789133194e-05,-1.924886590919688834e-02,9.998143863899435768e-01
5.249465382480374537e+06,-4.657108191930255853e+05,-5.395515122126381584e+02,1.923035882100607857e-02,-8.550732682489131653e-02,-1.481653739975775756e-02,-8.309367173410091853e-04,-1.353920429961286511e-04,-1.926128551912768133e-02,9.998141297730033239e-01
5.249465382868903689e+06,-4.657108207438308746e+05,-5.395517597476281253e+02,1.898162015429894281e-02,-8.623894338096371737e-02,-1.036012880553555636e-02,-7.954551703954458337e-04,-1.876525402564066265e-04,-1.926681772964441985e-02,9.998140435964124606e-01
5.249465383252367377e+06,-4.657108223028061911e+05,-5.395519223130906994e+02,1.871456659176319245e-02,-8.657626861776500371e-02,-6.137585626173690245e-03,-7.911497290139016519e-04,-1.834913613231541312e-04,-1.927682585029969614e-02,9.998138548743007448e-01
5.249465383625058457e+06,-4.657108238700837828e+05,-5.395520022963495421e+02,1.789197727078881139e-02,-8.743135422274909974e-02,-1.918211158472915524e-03,-7.803792951117645513e-04,-2.152305967648646134e-04,-1.926370969902825581e-02,9.998141098089348144e-01
5.249465383989294060e+06,-4.657108254475731519e+05,-5.395520018664836925e+02,1.786041647303278357e-02,-8.787611239974411903e-02,2.079235786965705733e-03,-8.254374290762285862e-04,-2.652974447181374830e-04,-1.922740159269767032e-02,9.998147604925486931e-01
5.249465384353706613e+06,-4.657108270346781937e+05,-5.395519317643759223e+02,1.789638586010581373e-02,-8.876413157966830947e-02,5.187025680368765289e-03,-8.255669357747618406e-04,-3.409984554293517462e-04,-1.921118107810849615e-02,9.998150492372812614e-01
5.249465384710534476e+06,-4.657108286282841582e+05,-5.395517898705945754e+02,1.709603371065651981e-02,-8.871664361640836660e-02,9.448655108520163590e-03,-8.557578052231168755e-04,-3.741897344849124296e-04,-1.919201320755429749e-02,9.998153801028160093e-01
5.249465385066287592e+06,-4.657108302189034293e+05,-5.395515660104244944e+02,1.778256750433527406e-02,-8.863879271196505039e-02,1.356935816401188058e-02,-8.814095527516879443e-04,-3.936193027349519074e-04,-1.918758472667514772e-02,9.998154353548862616e-01
5.249465385439112782e+06,-4.657108318069825182e+05,-5.395512701689621053e+02,1.879568196034682795e-02,-8.865328586146281609e-02,1.679413041303539494e-02,-8.723049310329511084e-04,-4.173156600924601009e-04,-1.919285096282607669e-02,9.998153326510602623e-01
5.249465385825861245e+06,-4.657108333953463589e+05,-5.395509006112059751e+02,1.916392182993008689e-02,-8.891708109440951691e-02,2.114001543956661733e-02,-9.253878332179442476e-04,-5.167340876923194734e-04,-1.921112312322766427e-02,9.998148875627308474e-01
5.249465386219912209e+06,-4.657108349926205119e+05,-5.395504510391721169e+02,1.950896671309926625e-02,-8.996511963514683408e-02,2.497360800392574298e-02,-9.874183316792629374e-04,-5.884081503270487774e-04,-1.921258908780480376e-02,9.998147604441219860e-01
5.249465386612855829e+06,-4.657108365976357018e+05,-5.395499238105583117e+02,1.904704042258149876e-02,-8.987891921986777832e-02,2.909826568228185764e-02,-1.056580393752298451e-03,-6.416847761300370880e-04,-1.917283590330453452e-02,9.998154200863539343e-01
5.249465347177778371e+06,-4.657107705309013836e+05,-5.397227983069652737e+02,6.759002635871272369e-03,-6.886011131490819837e-02,8.029109144439976892e-03,-9.510686569384315054e-04,-5.647714665944349004e-04,-1.915004311834841641e-02,9.998160280169061664e-01
5.249465347316124476e+06,-4.657107718348213821e+05,-5.397225969936039291e+02,6.772955711479538253e-03,-6.950929255379503791e-02,1.251459195565520280e-02,-1.008722899665200718e-03,-5.913254430570331942e-04,-1.912141591833904988e-02,9.998164852940530922e-01
5.249465347460985184e+06,-4.657107731498244684e+05,-5.397223173672590519e+02,7.403557200240857596e-03,-7.013993989868873291e-02,1.597419156127061202e-02,-1.093700664425378832e-03,-6.009861090892517060e-04,-1.913289718946532478e-02,9.998161705432844215e-01
5.249465347613876686e+06,-4.657107744780324865e+05,-5.397219652711243043e+02,7.567918622375603178e-03,-7.103747782492812746e-02,1.989140928720598001e-02,-1.177578268160262530e-03,-6.134926711968932992e-04,-1.913743843075230849e-02,9.998159807617731376e-01
5.249465347764407285e+06,-4.657107758199863601e+05,-5.397211629883673822e+02,7.109384581488467462e-03,-7.170060537171030202e-02,6.237723584386745124e-02,-2.996786790293605278e-03,-3.325462502643039987e-03,-1.944195821768121904e-02,9.998009656071032980e-01
5.249465347907001153e+06,-4.657107771708975779e+05,-5.397193575925138020e+02,6.451804281604179431e-03,-7.207821025866727183e-02,1.221620392719371950e-01,-8.648388370384596166e-03,-1.124745480815852496e-02,-2.034313267445881160e-02,9.996923812313899260e-01
5.249465348080893047e+06,-4.657107785300931428e+05,-5.397162326846927272e+02,9.202153507208862826e-03,-7.265024173182590972e-02,1.967706615242971191e-01,-2.040829913023508094e-02,-2.617998904780874034e-02,-2.225766790282897659e-02,9.992010336863161868e-01
5.249465348382089287e+06,-4.657107799266953953e+05,-5.397117504363983471e+02,1.718728626574814525e-02,-7.623231580795399032e-02,2.599077963241801514e-01,-3.905725415735537137e-02,-4.760696384131163361e-02,-2.530360765836692574e-02,9.977814566985342415e-01
5.249465348953002132e+06,-4.657107814537453232e+05,-5.397064190725635626e+02,3.381608743988760712e-02,-8.692111547414782535e-02,2.822096830008467561e-01,-6.320271935816389186e-02,-7.415749282288880417e-02,-2.967108084277721852e-02,9.947993312659939580e-01
5.249465350051736459e+06,-4.657107833193560946e+05,-5.397011367295975788e+02,6.862075764415927204e-02,-1.132485422281580140e-01,2.536115951155296089e-01,-8.995097853575624580e-02,-1.037753799290967727e-01,-3.530508568171000089e-02,9.898954707003603248e-01
5.249465352007334121e+06,-4.657107857879546937e+05,-5.396963949438253394e+02,1.189787921448958175e-01,-1.519676087848350898e-01,2.265018847553326997e-01,-1.161208087502529768e-01,-1.338207255860457412e-01,-4.230759915759776946e-02,9.832690569002480174e-01
5.249465355073945597e+06,-4.657107890548439464e+05,-5.396919559109446709e+02,1.794153220497121393e-01,-1.989187511280049170e-01,2.220872096677684870e-01,-1.396850799113615871e-01,-1.628004567312516249e-01,-5.043102823566499721e-02,9.754182698736184598e-01
5.249465359421334229e+06,-4.657107932734643109e+05,-5.396874322658615029e+02,2.470005177128090368e-01,-2.541037775994866021e-01,2.339071005257806757e-01,-1.599880649476518590e-01,-1.897069322020585036e-01,-5.939482018706767480e-02,9.668957309192264260e-01
5.249465365180717781e+06,-4.657107985612162156e+05,-5.396825235413631390e+02,3.207670449424547821e-01,-3.133187289997602654e-01,2.596545180003693165e-01,-1.768230139534628653e-01,-2.140018398856516069e-01,-6.918998356576888664e-02,9.582012214779846992e-01
5.249465372482317500e+06,-4.657108050272335531e+05,-5.396769908303813281e+02,4.015951944411172425e-01,-3.803131028136261804e-01,2.953610217784570779e-01,-1.897693782720302202e-01,-2.347798771124459394e-01,-7.972754480190084869e-02,9.500050061901222920e-01
5.249465381430120207e+06,-4.657108128074770793e+05,-5.396706976950949866e+02,4.861780356928575020e-01,-4.537943161976135120e-01,3.346034587889556988e-01,-1.994255283245099097e-01,-2.528423155440411851e-01,-9.094162095154648129e-02,9.423533547407203503e-01
5.249465392119374126e+06,-4.657108220205269754e+05,-5.396636264291545331e+02,5.771216981446477545e-01,-5.329514134021033911e-01,3.718088040330729815e-01,-2.059069671057290885e-01,-2.670265004344327675e-01,-1.030443532116853134e-01,9.357783032102044984e-01
5.249465404674576595e+06,-4.657108328107117559e+05,-5.396558408201536849e+02,6.746827097745333734e-01,-6.214806717505104716e-01,4.043537674040170171e-01,-2.092759764850070647e-01,-2.775639579971688753e-01,-1.158754820808451658e-01,9.304486507084214209e-01
5.249465419245582074e+06,-4.657108453664166736e+05,-5.396474917615793174e+02,7.813928470833830797e-01,-7.199733659606195602e-01,4.259978736575365521e-01,-2.099359513689370849e-01,-2.844266057273707737e-01,-1.293295192692737183e-01,9.264460502234860284e-01
5.249465435990087688e+06,-4.657108598790955730e+05,-5.396388017459252069e+02,8.952723966424970259e-01,-8.279675442901375249e-01,4.358491113505404968e-01,-2.083425621281157769e-01,-2.881274284765824034e-01,-1.432320867258740915e-01,9.236127653400562076e-01
5.249465455066153780e+06,-4.657108765500438749e+05,-5.396300578807466763e+02,1.018490485114827537e+00,-9.469206825626818036e-01,4.281909527076340205e-01,-2.048702557564295590e-01,-2.887298675154692518e-01,-1.575975428269870970e-01,9.218602222959068060e-01
5.249465476629241370e+06,-4.657108955889520003e+05,-5.396216235313573861e+02,1.148505700185846301e+00,-1.076168980289942789e+00,4.011061985224804172e-01,-1.998520828047408160e-01,-2.870013560978528222e-01,-1.721351902455545146e-01,9.209011134189493131e-01
5.249465500804519281e+06,-4.657109171930915909e+05,-5.396138721713044788e+02,1.284648914828463662e+00,-1.215070278504205570e+00,3.555217877932151382e-01,-1.938086320637694704e-01,-2.835415868206135892e-01,-1.866672900300175575e-01,9.204334463005953149e-01
5.249465527652634308e+06,-4.657109414892173954e+05,-5.396071234328185255e+02,1.420692077539313036e+00,-1.356437307365101486e+00,2.961249223631043925e-01,-1.871093123972266403e-01,-2.789847724404485030e-01,-2.008508098968163347e-01,9.202263764682577785e-01
5.249465557125588879e+06,-4.657109684862800641e+05,-5.396015277442820661e+02,1.551361855743275786e+00,-1.495017505675872771e+00,2.355189267005405873e-01,-1.802856482953362760e-01,-2.742137951898516168e-01,-2.146859995926302667e-01,9.198988190409074228e-01
5.249465589067536406e+06,-4.657109980806362582e+05,-5.395970469925498492e+02,1.671066414932200983e+00,-1.624259535503682406e+00,1.802359191009975936e-01,-1.736793357764410684e-01,-2.698028783028744715e-01,-2.279133092146418960e-01,9.192918254733811745e-01
5.249465623304991983e+06,-4.657110301176193752e+05,-5.395935953673267704e+02,1.784496635490217198e+00,-1.746014993984687624e+00,1.283815702647871371e-01,-1.677404669745467536e-01,-2.660706028288681857e-01,-2.405576464106732038e-01,9.182601129007841312e-01
5.249465659718343988e+06,-4.657110644878996536e+05,-5.395911208050275718e+02,1.892379878040457264e+00,-1.863614535638895120e+00,7.843160447697780646e-02,-1.624294300826576720e-01,-2.628293955735881426e-01,-2.524973672831684057e-01,9.169419382507755234e-01
5.249465698188011535e+06,-4.657111010926003801e+05,-5.395895560965615232e+02,1.993871319518704333e+00,-1.974309858975255461e+00,3.355617286806742566e-02,-1.576140290846592407e-01,-2.598810327644904272e-01,-2.637864019506914182e-01,9.154433091735753036e-01
5.249465738566018641e+06,-4.657111397942148033e+05,-5.395887543378805731e+02,2.086232072381172475e+00,-2.076834281827745432e+00,-1.225013772930437375e-03,-1.530905873805184225e-01,-2.568956538510542842e-01,-2.742792272195360148e-01,9.139687373619458377e-01
5.249465780707103200e+06,-4.657111804596398724e+05,-5.395885410772627893e+02,2.172696619683654795e+00,-2.172641613783159009e+00,-2.826420331699640992e-02,-1.485191783195126958e-01,-2.536306946259601069e-01,-2.842378818279248098e-01,9.125910379944441875e-01
5.249465824494080618e+06,-4.657112229644068284e+05,-5.395887426392433781e+02,2.252678377587607805e+00,-2.261070054923368211e+00,-4.518963390144539044e-02,-1.439589998625103728e-01,-2.500829108827313796e-01,-2.936002267238809194e-01,9.113359977536047429e-01
5.249465869802296162e+06,-4.657112671863254509e+05,-5.395891909675101488e+02,2.325966479280436428e+00,-2.343168486047803700e+00,-5.498136104262146828e-02,-1.393047553810648487e-01,-2.460860197595480803e-01,-3.024018415079151034e-01,9.102686578372605197e-01
5.249465916510071605e+06,-4.657113130078886752e+05,-5.395897567962251742e+02,2.393385496705790150e+00,-2.418362433415517820e+00,-5.856220220765240986e-02,-1.345720182595592784e-01,-2.417897743819494294e-01,-3.106238461888957136e-01,9.093629345183684709e-01
5.249465964521989226e+06,-4.657113603314480279e+05,-5.395903279668451660e+02,2.456555841717019906e+00,-2.489476090676332909e+00,-5.675843145651635752e-02,-1.298035028100882615e-01,-2.370270707582946557e-01,-3.183311034230030812e-01,9.086443564939429285e-01
5.249466013748432510e+06,-4.657114090697874199e+05,-5.395908098015388532e+02,2.514882692370016937e+00,-2.554789972632926176e+00,-5.051127203052126202e-02,-1.251025202692446769e-01,-2.320897788332002831e-01,-3.255085907636429132e-01,9.080351791143042028e-01
5.249466064104028046e+06,-4.657114591378503828e+05,-5.395911164451124478e+02,2.569025975095290182e+00,-2.616548969196481167e+00,-3.976292137474602556e-02,-1.205172775278044173e-01,-2.268153860656613174e-01,-3.321758226877127296e-01,9.075734791821113978e-01
5.249466115507827140e+06,-4.657115104624127853e+05,-5.395911969764209744e+02,2.619615515311847442e+00,-2.673552085920843258e+00,-2.818753417662142949e-02,-1.159765818922270098e-01,-2.214583183511698306e-01,-3.384781227588354868e-01,9.071594304853812796e-01
5.249466167900316417e+06,-4.657115629750989028e+05,-5.395910267894657864e+02,2.667658034312343052e+00,-2.727787396914444162e+00,-1.471352635202580715e-02,-1.116261199258849895e-01,-2.157870485469852717e-01,-3.443597912983822340e-01,9.068582662289333962e-01
5.249466221217337996e+06,-4.657116166155886604e+05,-5.395905821058764786e+02,2.711951597321163643e+00,-2.778323164489726604e+00,-5.443853699179714576e-04,-1.074455601263343413e-01,-2.100888888742015181e-01,-3.498145685615232092e-01,9.066134213690146826e-01
5.249466275391074829e+06,-4.657116713244469720e+05,-5.395898335158786949e+02,2.752962309354215709e+00,-2.826105187684210485e+00,1.616094899393784659e-02,-1.034849310722217863e-01,-2.041198450458913960e-01,-3.549270064322849194e-01,9.064506562369663012e-01
5.249466330361469649e+06,-4.657117270494060358e+05,-5.395887593889367508e+02,2.791337798879512277e+00,-2.871338901486409689e+00,3.264500101606998550e-02,-9.975683520569485208e-02,-1.981563018283110655e-01,-3.596244678708047648e-01,9.063403924781892051e-01
5.249466386078923009e+06,-4.657117837407455081e+05,-5.395873610520548027e+02,2.827361541061204964e+00,-2.913802189106101892e+00,4.942331350583133165e-02,-9.623475126950592484e-02,-1.919654988875447166e-01,-3.640036649314665751e-01,9.063053901099658027e-01
5.249466442491195165e+06,-4.657118413487713551e+05,-5.395856266835319275e+02,2.860417904786297427e+00,-2.954060288545064861e+00,6.728099535064305248e-02,-9.287690327912626054e-02,-1.857726563111524731e-01,-3.680568869963145029e-01,9.063092932622387465e-01
5.249466499539234675e+06,-4.657118998176212772e+05,-5.395835481819399320e+02,2.890356714688015138e+00,-2.990959607211394200e+00,8.505641832138913228e-02,-8.974159083322855168e-02,-1.794377751909066177e-01,-3.717517746390568978e-01,9.063934874557113552e-01
5.249466557170507498e+06,-4.657119590948705445e+05,-5.395811267547222769e+02,2.918084855377982123e+00,-3.025937174921816908e+00,1.029654009995563807e-01,-8.664545535197533399e-02,-1.730138459388498307e-01,-3.751873609774271645e-01,9.065281138925371796e-01
5.249466615340217017e+06,-4.657120191373829148e+05,-5.395783548377664829e+02,2.943534323365434524e+00,-3.058522749966960497e+00,1.216767647940689978e-01,-8.376909741146147670e-02,-1.665132509413053130e-01,-3.783923143284864121e-01,9.066837011265398427e-01
5.249466674004286528e+06,-4.657120798938994412e+05,-5.395752396622186779e+02,2.966888791976196149e+00,-3.088397277148177800e+00,1.389927650745832743e-01,-8.092395055166658191e-02,-1.598976184658728317e-01,-3.813405445651989467e-01,9.068977097547303856e-01
5.249466733109378256e+06,-4.657121413073049625e+05,-5.395717950685991582e+02,2.986635736604646318e+00,-3.115728222781434020e+00,1.564817611144531939e-01,-7.822852089287532507e-02,-1.532446146363612982e-01,-3.840314535921165451e-01,9.071473032506776057e-01
5.249466792609445751e+06,-4.657122033339332556e+05,-5.395680299812992189e+02,3.005342696560494353e+00,-3.141342360475038120e+00,1.730400294228828795e-01,-7.545522370314249050e-02,-1.464677529025479041e-01,-3.864807979023256457e-01,9.074614590401992587e-01
5.249466852469870821e+06,-4.657122659375136136e+05,-5.395639573564923239e+02,3.021530050652306176e+00,-3.165413905819128626e+00,1.893520540300322463e-01,-7.277582039370826539e-02,-1.396878457146626951e-01,-3.887827145472493862e-01,9.077659316392826527e-01
5.249466841950283386e+06,-4.657123184254923835e+05,-5.397448791634016061e+02,3.004744482388447491e+00,-3.191479922823174942e+00,1.781816124462885231e-01,-7.024665830771896491e-02,-1.325888326719578403e-01,-3.922344117444703793e-01,9.075463835155677117e-01
5.249466901978624985e+06,-4.657123822673803661e+05,-5.397408689319877340e+02,3.015559890021647149e+00,-3.211990499740626781e+00,1.932715453614137491e-01,-6.753692962519848575e-02,-1.258014205500712357e-01,-3.941800221569735641e-01,9.078738215550261614e-01
5.249466962219151668e+06,-4.657124465345122735e+05,-5.397365818087639582e+02,3.024942422976443446e+00,-3.230672486200355298e+00,2.076236426676066893e-01,-6.473509324229523298e-02,-1.189558245513959028e-01,-3.959047116386131826e-01,9.082501521128355515e-01
5.249467022630773485e+06,-4.657125111717682448e+05,-5.397320288124673198e+02,3.031804266834328576e+00,-3.245748481187353818e+00,2.216862748945027939e-01,-6.200897743487211039e-02,-1.121526582692994878e-01,-3.974935114447514795e-01,9.086118953363579998e-01
5.249467083175650798e+06,-4.657125761291013332e+05,-5.397272199417345746e+02,3.037326120031552001e+00,-3.259713269067632702e+00,2.350991624714072192e-01,-5.923990393283723455e-02,-1.053483156554227418e-01,-3.989039419196811487e-01,9.089928555039381575e-01
5.249467143820910715e+06,-4.657126413697181852e+05,-5.397221744656903866e+02,3.040971387783748536e+00,-3.271294510775698772e+00,2.472818017780708533e-01,-5.644068082369188555e-02,-9.855171355049506532e-02,-4.001836282678701284e-01,9.093707016856108494e-01
5.249467204524071887e+06,-4.657127068484557676e+05,-5.397169075151317656e+02,3.042159821777367323e+00,-3.281098985084683228e+00,2.592306637545189196e-01,-5.362073892903134603e-02,-9.184987616729307913e-02,-4.013356061464670166e-01,9.097352076274363153e-01
5.249467265244019218e+06,-4.657127725197879481e+05,-5.397114339900217601e+02,3.041798260044314084e+00,-3.288336775802162659e+00,2.699402669014889788e-01,-5.071734663890638956e-02,-8.526079186287273404e-02,-4.023430355628859756e-01,9.100980332062703626e-01
5.249467325943471864e+06,-4.657128383337338455e+05,-5.397057690449304346e+02,3.039117641607211429e+00,-3.293544143226660115e+00,2.804270601762253179e-01,-4.789425148984612773e-02,-7.866024145301266091e-02,-4.032154046779231615e-01,9.104592493503167461e-01
5.249467386577434838e+06,-4.657129042509251158e+05,-5.396999249722349532e+02,3.034188661763355555e+00,-3.297217848980285471e+00,2.899224886450508243e-01,-4.500501368960351661e-02,-7.214821161566926933e-02,-4.040084117589607948e-01,9.107943718202985428e-01
5.249467447115979157e+06,-4.657129702336951741e+05,-5.396939219115753303e+02,3.028660508635342641e+00,-3.298869209433097360e+00,2.983716489956866891e-01,-4.222057229237326931e-02,-6.576559604153713046e-02,-4.046761785902253661e-01,9.111144276870156711e-01
5.249467507527322508e+06,-4.657130362310385681e+05,-5.396877801506215064e+02,3.020577962755063961e+00,-3.297739649928673966e+00,3.058296850560794922e-01,-3.933876163839243600e-02,-5.955643284314854347e-02,-4.052568864725657471e-01,9.114122828332531512e-01
5.249467567773443647e+06,-4.657131022043422563e+05,-5.396815058451804816e+02,3.011008143499008138e+00,-3.296044798234351703e+00,3.136840366837166383e-01,-3.656251207293777228e-02,-5.341600200055132003e-02,-4.057313224457085310e-01,9.116973223532937043e-01
5.249467627820616588e+06,-4.657131681251903647e+05,-5.396751118938134368e+02,2.999653919462295093e+00,-3.292308571254657146e+00,3.197870203729086258e-01,-3.374488020651772446e-02,-4.749344372761096778e-02,-4.061624980909351312e-01,9.119417092846066053e-01
5.249467687633265741e+06,-4.657132339443498058e+05,-5.396686198442826026e+02,2.986478807712727335e+00,-3.286027110646561944e+00,3.254590570308216191e-01,-3.098609317094211391e-02,-4.173667226963367893e-02,-4.064725299226578104e-01,9.121830927648190146e-01
5.249467747177141719e+06,-4.657132996161962510e+05,-5.396620422707188709e+02,2.971748173567874129e+00,-3.277966879726324390e+00,3.302473262668945142e-01,-2.825705432901140166e-02,-3.618740769908140864e-02,-4.067387972771562277e-01,9.123900269361939763e-01
5.249467806429185905e+06,-4.657133651063356665e+05,-5.396554045867209197e+02,2.956247640785462760e+00,-3.268524439932305459e+00,3.333071872281341830e-01,-2.553536723230061256e-02,-3.077584414267601695e-02,-4.069085459509099723e-01,9.125931337135397836e-01
5.249467865370084532e+06,-4.657134303826692048e+05,-5.396487232563745238e+02,2.939624414617759918e+00,-3.257457756745882893e+00,3.364061295393938611e-01,-2.289518756685787401e-02,-2.556596369650517356e-02,-4.070233774216959755e-01,9.127727877906219867e-01
5.249467923973677680e+06,-4.657134954043612233e+05,-5.396420062695813158e+02,2.921680830599676426e+00,-3.243996810129816222e+00,3.386178796324174067e-01,-2.030910028010120272e-02,-2.046966014436837553e-02,-4.071027309229902635e-01,9.129271054893144388e-01
5.249467982210241258e+06,-4.657135601358555723e+05,-5.396352706420004779e+02,2.901883888975568038e+00,-3.229754136232488637e+00,3.399261376249256839e-01,-1.780976436969886750e-02,-1.559982888506741307e-02,-4.071565654207722762e-01,9.130514710941001200e-01
5.249468040049151517e+06,-4.657136245484443498e+05,-5.396285305949886606e+02,2.881126320165539045e+00,-3.213384910865166866e+00,3.406792243826948230e-01,-1.530670108170579906e-02,-1.082816374639372463e-02,-4.072010652150263588e-01,9.131460717029612484e-01
5.249468097476398572e+06,-4.657136886134474189e+05,-5.396217906105403017e+02,2.859793711004310790e+00,-3.196559042936345740e+00,3.414808562238345613e-01,-1.291540652670983107e-02,-6.244943255184153517e-03,-4.071791445309613233e-01,9.132356416831955981e-01
5.249468154471553862e+06,-4.657137523046804126e+05,-5.396150722224348328e+02,2.836967426839090756e+00,-3.177717798932253146e+00,3.399478053174719294e-01,-1.058717469769567161e-02,-1.850626492896165470e-03,-4.071029404641672844e-01,9.133190476658947787e-01
5.249468211006725207e+06,-4.657138155834758072e+05,-5.396083940116818667e+02,2.812918897375392469e+00,-3.157101097585631955e+00,3.388742523835026055e-01,-8.308318797709331183e-03,2.451580154580620518e-03,-4.070009046736466352e-01,9.133866789447051548e-01
5.249468267062491737e+06,-4.657138784176970948e+05,-5.396017637753392364e+02,2.788329053379771327e+00,-3.134982780176264860e+00,3.364660698089246837e-01,-6.070828411566548538e-03,6.596680896289267362e-03,-4.068857241557238824e-01,9.134350751115544176e-01
5.249468322614195757e+06,-4.657139407763368217e+05,-5.395951953331687037e+02,2.761501792177541326e+00,-3.111647198989885954e+00,3.339588655539589834e-01,-3.903007498126281980e-03,1.061862741788856257e-02,-4.067258210490711234e-01,9.134802230779970333e-01
5.249468377635094337e+06,-4.657140026352351997e+05,-5.395886932312691897e+02,2.734510962393753353e+00,-3.086936761143625585e+00,3.310245022582084529e-01,-1.829785857771639747e-03,1.449800079658408736e-02,-4.065701384890289538e-01,9.135026998187018021e-01
5.249468432115948759e+06,-4.657140639721326879e+05,-5.395822717771795851e+02,2.706701618780723351e+00,-3.061494479668495305e+00,3.270112286757369535e-01,2.145646560006804135e-04,1.828397170406493438e-02,-4.063920250219347774e-01,9.135158305306020354e-01
5.249468486039470881e+06,-4.657141247622869560e+05,-5.395759449298113850e+02,2.678141022890996759e+00,-3.034169956062353180e+00,3.225800685869580353e-01,2.128985223996114964e-03,2.184352166217736618e-02,-4.061949599309568892e-01,9.135228420000284233e-01
5.249468539388876408e+06,-4.657141849845564575e+05,-5.395697165132130522e+02,2.648435094467146644e+00,-3.006862045298570152e+00,3.181412293052199858e-01,3.983986190757593006e-03,2.531537023625489782e-02,-4.059990962685656735e-01,9.135140908216933253e-01
5.249468592144791037e+06,-4.657142446228683693e+05,-5.395635945294376370e+02,2.618285093605088765e+00,-2.977610603997066008e+00,3.128181008290795151e-01,5.714579554714707341e-03,2.866509887169980605e-02,-4.058227990299472787e-01,9.134842702223093802e-01
5.249468644293324091e+06,-4.657143036438209820e+05,-5.395575890124126772e+02,2.587101610923640216e+00,-2.947062148506254697e+00,3.073219413199234640e-01,7.445828587390661973e-03,3.189537338489781965e-02,-4.055924331306305364e-01,9.134670347132172186e-01
5.249468695820619352e+06,-4.657143620342068607e+05,-5.395517026537108904e+02,2.555559244227612048e+00,-2.916494630045500358e+00,3.016703590239848132e-01,9.124659087873037214e-03,3.499682787240403214e-02,-4.053857854011941320e-01,9.134299799198870584e-01
5.249468746708749793e+06,-4.657144197800104157e+05,-5.395459352901473267e+02,2.522495285964668987e+00,-2.884615341491960638e+00,2.961372809390928618e-01,1.074178576304167521e-02,3.797851475197525084e-02,-4.051692047704727462e-01,9.133893817054750119e-01
5.249468796946996823e+06,-4.657144768657691311e+05,-5.395402924242506515e+02,2.490076033130978139e+00,-2.852296063785863645e+00,2.898602246726886267e-01,1.233800818822308049e-02,4.083420161335553356e-02,-4.049400666718569464e-01,9.133476252978600662e-01
5.249468846526991576e+06,-4.657145332698398852e+05,-5.395347890775892665e+02,2.456250087719696218e+00,-2.818095734406640407e+00,2.827205377400133224e-01,1.385090789443114631e-02,4.352291280545260432e-02,-4.047250388164601587e-01,9.132970776850154460e-01
5.249468895433547907e+06,-4.657145889704537112e+05,-5.395294367711612722e+02,2.422396447529123087e+00,-2.783524976603802603e+00,2.752521473878488667e-01,1.535649339804250751e-02,4.617611093117206938e-02,-4.045073788548515514e-01,9.132391396108008319e-01
5.249468943657326512e+06,-4.657146439586463384e+05,-5.395242306423615446e+02,2.387510331114713669e+00,-2.748497813561027403e+00,2.685600583250684625e-01,1.680034344985080821e-02,4.866885191733515137e-02,-4.042980345142327958e-01,9.131769770508088024e-01
5.249468991188734770e+06,-4.657146982233061572e+05,-5.395191744700540539e+02,2.352989466895742066e+00,-2.712472947025430958e+00,2.606232604625292604e-01,1.813367549793160408e-02,5.109914663277489305e-02,-4.040966700586602345e-01,9.131078408950137337e-01
5.249469038028368726e+06,-4.657147517556427047e+05,-5.395142799342002036e+02,2.317992634684657549e+00,-2.676651101276021016e+00,2.527072239488207250e-01,1.944839512109080432e-02,5.337585249062350851e-02,-4.038975050366199193e-01,9.130386544811384120e-01
5.249469084157789126e+06,-4.657148045475052786e+05,-5.395095431184772679e+02,2.281441707515944994e+00,-2.639944053676849034e+00,2.451292210749403122e-01,2.074493466959074703e-02,5.557417252181789252e-02,-4.036873234388916876e-01,9.129719080097612460e-01
5.249469129573024809e+06,-4.657148565894476487e+05,-5.395049540561880121e+02,2.246563256253370611e+00,-2.602650131748374562e+00,2.381754631904929032e-01,2.195843347207739396e-02,5.762163560552568953e-02,-4.034946667360808648e-01,9.129017631195662785e-01
5.249469174283441156e+06,-4.657149078757398529e+05,-5.395005137199046885e+02,2.210560756144492434e+00,-2.565587053710659315e+00,2.304089362499101012e-01,2.310816224265889451e-02,5.951594659683963340e-02,-4.032867310181706966e-01,9.128437316540743973e-01
5.249469218272827566e+06,-4.657149583944702172e+05,-5.394962321599372217e+02,2.174428447067825232e+00,-2.526717027315405595e+00,2.224054746257520809e-01,2.419133337442736648e-02,6.138401022791547396e-02,-4.030870099843777421e-01,9.127801739441884221e-01
5.249469261534805410e+06,-4.657150081257052952e+05,-5.394921082629938383e+02,2.137605292342932284e+00,-2.487771496443860197e+00,2.147194876574946565e-01,2.526015151839258385e-02,6.315701159299373646e-02,-4.028710702775465946e-01,9.127255985502991109e-01
5.249469304060927592e+06,-4.657150570680964738e+05,-5.394881303012135731e+02,2.100647175806984901e+00,-2.448698100067511874e+00,2.078718838954375925e-01,2.623838822974052659e-02,6.483187422944618195e-02,-4.026662147026239813e-01,9.126709678093339884e-01
5.249469345847487450e+06,-4.657151052147851442e+05,-5.394842824398214134e+02,2.063757596883352363e+00,-2.408765632694872316e+00,2.017610207719019444e-01,2.717362719874022448e-02,6.644803594490135412e-02,-4.025100695271454643e-01,9.125962400131824026e-01
5.249469386894068681e+06,-4.657151525617815787e+05,-5.394805664823481948e+02,2.026463064481269782e+00,-2.369445446952493484e+00,1.946586248944708886e-01,2.807861973444960788e-02,6.797629764334338354e-02,-4.023364004922290738e-01,9.125328683138996810e-01
5.249469427197667770e+06,-4.657151991122829495e+05,-5.394769933247270046e+02,1.989297353607137442e+00,-2.329727985974836102e+00,1.874129601566783820e-01,2.895201510544449797e-02,6.941136457405479299e-02,-4.021331843200736667e-01,9.124871211059847331e-01
5.249469466753979214e+06,-4.657152448604696547e+05,-5.394735595895759843e+02,1.951596187985664699e+00,-2.289768324092658958e+00,1.806350553767815947e-01,2.974661483835877931e-02,7.082266055213243261e-02,-4.019687316351606143e-01,9.124255746382285981e-01
5.249469505561646074e+06,-4.657152898033777601e+05,-5.394702638781684527e+02,1.914443011479894707e+00,-2.249508411753895487e+00,1.734719974198781767e-01,3.042022859674207297e-02,7.215112848186779060e-02,-4.018063058892410999e-01,9.123708224611289941e-01
5.249469614100909792e+06,-4.657152253391786362e+05,-5.396580774736058856e+02,1.904983183049714812e+00,-2.170047596656811351e+00,1.402601932637083382e-01,3.081238449245006158e-02,7.360698395103061620e-02,-3.965077165417856819e-01,9.145778139714073607e-01
5.249469651850603521e+06,-4.657152681515699951e+05,-5.396555002874108595e+02,1.867268518859195536e+00,-2.130036071871693970e+00,1.341127712557085849e-01,3.143283634583724645e-02,7.478285986131048835e-02,-3.963692210751571521e-01,9.145003780283438299e-01
5.249469688845627941e+06,-4.657153101663352572e+05,-5.396530481880923844e+02,1.829452681387954804e+00,-2.090416744332921795e+00,1.275964381441903328e-01,3.207972054975589959e-02,7.580705119705702377e-02,-3.962431351382420530e-01,9.144482273615138768e-01
5.249469725083205849e+06,-4.657153513815195183e+05,-5.396507215278620606e+02,1.791490846570798601e+00,-2.050160955556197706e+00,1.214033550598896671e-01,3.264690473219903494e-02,7.681544039333949858e-02,-3.961019150107988329e-01,9.144051841465133945e-01
5.249469760557144880e+06,-4.657153917879714863e+05,-5.396485205830840641e+02,1.753019657362020922e+00,-2.009598543690703121e+00,1.148199358913351564e-01,3.316931791464530072e-02,7.772700775634167059e-02,-3.959713168471298839e-01,9.143659141611849561e-01
5.249469795272085816e+06,-4.657154313842347474e+05,-5.396464464602198632e+02,1.715628527843900297e+00,-1.969077313791567363e+00,1.085085562182180330e-01,3.370937515589002981e-02,7.855953004637947212e-02,-3.958800144941269084e-01,9.143145479041140389e-01
5.249469829242754728e+06,-4.657154701767993392e+05,-5.396444860758376763e+02,1.678613872152911579e+00,-1.929162779067287392e+00,1.032401105039806311e-01,3.417948921784867700e-02,7.928995211370853946e-02,-3.957981728360883134e-01,9.142694747715053305e-01
5.249469862463476136e+06,-4.657155081694850815e+05,-5.396426397357744236e+02,1.640553467500712070e+00,-1.889049829258917512e+00,9.684575557675649538e-02,3.464451894750767563e-02,7.996644036281785883e-02,-3.957169813593105490e-01,9.142281971620647152e-01
5.249469894934001379e+06,-4.657155453636370949e+05,-5.396409099060460903e+02,1.603566814586925515e+00,-1.849208094337374764e+00,9.133705583529318217e-02,3.506161162487190369e-02,8.054327815265446833e-02,-3.956178225019176820e-01,9.142045735740873535e-01
5.249469926663079299e+06,-4.657155817596717970e+05,-5.396392855951294223e+02,1.566354890432004376e+00,-1.809135041587909720e+00,8.602952941442616741e-02,3.548921117764689687e-02,8.104702210990041844e-02,-3.954919891820024014e-01,9.141979997087296139e-01
5.249469957650967874e+06,-4.657156173551715910e+05,-5.396377626549616480e+02,1.529437201599575413e+00,-1.768985990972598676e+00,8.092553187441355045e-02,3.590333794265817419e-02,8.148194978537109945e-02,-3.954035268523314328e-01,9.141814334194960923e-01
5.249469987903243862e+06,-4.657156521500233794e+05,-5.396363281412952801e+02,1.492812383582360791e+00,-1.728870477686653251e+00,7.692577963037976196e-02,3.627373126769583428e-02,8.182868274776528006e-02,-3.953273114732188676e-01,9.141688027747970624e-01
5.249470017419548705e+06,-4.657156861515791388e+05,-5.396349752983713870e+02,1.455742744460229554e+00,-1.689529102189339493e+00,7.247380052612563406e-02,3.657366031105941523e-02,8.216293596450724435e-02,-3.952387282984975991e-01,9.141651749190334852e-01
5.249470046200867742e+06,-4.657157193691226421e+05,-5.396337056017802070e+02,1.419252887435515031e+00,-1.650289812893533936e+00,6.832196372304440157e-02,3.687302868925149135e-02,8.241600281729677402e-02,-3.951598402182476266e-01,9.141644725995341503e-01
5.249470074258854613e+06,-4.657157518037215341e+05,-5.396325168051646415e+02,1.383384066093527709e+00,-1.611000790652169723e+00,6.408241301230097053e-02,3.708834287569891253e-02,8.265592487276492151e-02,-3.950552213059235207e-01,9.141793177860818576e-01
5.249470101600217633e+06,-4.657157834588364931e+05,-5.396314108767224980e+02,1.347554051545425624e+00,-1.572089814774798144e+00,5.971935398727459127e-02,3.724447289580895548e-02,8.286324875646761123e-02,-3.950009697193262448e-01,9.141776442253854995e-01
5.249470128237545490e+06,-4.657158143371223123e+05,-5.396303833679335185e+02,1.313061447069829191e+00,-1.532969015887215347e+00,5.593785295077350478e-02,3.736997326810875125e-02,8.305746923984212715e-02,-3.949200099196112923e-01,9.141898750788224337e-01
5.249470154173946008e+06,-4.657158444448784576e+05,-5.396294235621741109e+02,1.277375296922874215e+00,-1.494836301431137660e+00,5.265038888011524393e-02,3.753954519894098923e-02,8.318441074929058821e-02,-3.948535846705575336e-01,9.142000782392736280e-01
5.249470179410476238e+06,-4.657158737867206801e+05,-5.396285289703259878e+02,1.243148184919693033e+00,-1.455989119697943535e+00,4.909541611393716809e-02,3.757813940251661378e-02,8.325527547344417634e-02,-3.948056525469528233e-01,9.142127429007610440e-01
5.249470203957262449e+06,-4.657159023555075401e+05,-5.396277468178095660e+02,1.208326291319492984e+00,-1.417118655925210691e+00,4.094033870764045985e-02,3.762744699974512191e-02,8.334992598815520182e-02,-3.947112891694357084e-01,9.142428360607435245e-01
5.249470227798534557e+06,-4.657159301458537811e+05,-5.396271586182847386e+02,1.172415637713691394e+00,-1.377668323542318607e+00,2.910090851575111714e-02,3.763781612984640895e-02,8.339651916837875767e-02,-3.946569062651389403e-01,9.142616374634704446e-01
5.249470250935817137e+06,-4.657159571571153356e+05,-5.396268037940358226e+02,1.137781545229456848e+00,-1.338675761679166243e+00,1.698821591132177941e-02,3.762606269279791804e-02,8.338703373672831654e-02,-3.945692684608154144e-01,9.143008117718207650e-01
5.249470273454818875e+06,-4.657159834819817916e+05,-5.396261118944290729e+02,1.111165452278366050e+00,-1.309617546654848974e+00,6.394348690533925572e-02,4.007533473999034396e-02,8.068764379593497404e-02,-3.946006843558743649e-01,9.144253778178983438e-01
5.249470295496059582e+06,-4.657160092747972813e+05,-5.396242279309255991e+02,1.090543392651233345e+00,-1.286303910099978909e+00,1.379431784601360123e-01,4.719740831293371686e-02,7.278628020371974428e-02,-3.947308681872805924e-01,9.146923547121652565e-01
5.249470317144478671e+06,-4.657160345944204601e+05,-5.396208940345784413e+02,1.071696848655142364e+00,-1.262406499539181715e+00,2.102189980526998625e-01,6.085037672707767353e-02,5.719702044713281114e-02,-3.948774703495794847e-01,9.149303339160964610e-01
5.249470338446308859e+06,-4.657160593851989834e+05,-5.396164049581576592e+02,1.055258032769526677e+00,-1.231956710786646259e+00,2.534844758003892973e-01,8.066183831047621378e-02,3.502773618765742114e-02,-3.945784304607449777e-01,9.146445144193884325e-01
5.249470359487559646e+06,-4.657160834808985819e+05,-5.396115261323185450e+02,1.045635000236475598e+00,-1.189292939643049163e+00,2.474462108428772678e-01,1.044868438880646039e-01,8.957478696714406274e-03,-3.932326353119776630e-01,9.134387541362383178e-01
5.249470380513778888e+06,-4.657161066785120056e+05,-5.396070034182785093e+02,1.056014962334347773e+00,-1.136432529140651626e+00,2.152378006347848427e-01,1.302256580536891306e-01,-1.863729087707930929e-02,-3.902575291534309265e-01,9.112590138445408883e-01
5.249470401859396137e+06,-4.657161288671951625e+05,-5.396029580973213342e+02,1.081543232109174468e+00,-1.082187007997212458e+00,1.976435107422085391e-01,1.560034003446108264e-01,-4.519888724470436103e-02,-3.853075721613030136e-01,9.083821192141410261e-01
5.249470423802299425e+06,-4.657161500230847741e+05,-5.395990920257848984e+02,1.121119154423087849e+00,-1.026359383127344760e+00,1.958830604476255455e-01,1.803386451605098750e-01,-6.955947474392001895e-02,-3.784875614942692090e-01,9.051997670851269495e-01
5.249470446577562951e+06,-4.657161700994197745e+05,-5.395951189072993657e+02,1.171100081913937441e+00,-9.668553383845615024e-01,2.074980559377955225e-01,2.029160946867915594e-01,-9.095736886466115889e-02,-3.698254564336646566e-01,9.020980807798406609e-01
5.249470470375902019e+06,-4.657161890458355774e+05,-5.395907833273000733e+02,1.230178742837352512e+00,-9.054581476384128136e-01,2.318247567022643230e-01,2.233168472948881267e-01,-1.090809271741118858e-01,-3.594750241769571475e-01,8.994490780750750147e-01
5.249470495349199511e+06,-4.657162068182653747e+05,-5.395858918460585301e+02,1.295173968150561183e+00,-8.412122846492672279e-01,2.631736414259412404e-01,2.410033410100825835e-01,-1.230494841381513105e-01,-3.473011915363635183e-01,8.978630722240976691e-01
5.249470521608281881e+06,-4.657162233598527382e+05,-5.395803263544712536e+02,1.365145367917826924e+00,-7.735388280664086125e-01,2.995811507351908709e-01,2.566241454001701450e-01,-1.337334551089760792e-01,-3.337809872847724568e-01,8.971341391143661248e-01
5.249470549259979278e+06,-4.657162385779123288e+05,-5.395740225338722666e+02,1.440706186145441325e+00,-6.990883063728104974e-01,3.374790714444796946e-01,2.694516947349559488e-01,-1.411020136708389106e-01,-3.189030389130204646e-01,8.976563138578103063e-01
5.249470578383537941e+06,-4.657162523627075716e+05,-5.395669687481371284e+02,1.517856884886029878e+00,-6.199706130137060400e-01,3.750956587962542277e-01,2.796115489089904260e-01,-1.453577562141184776e-01,-3.026197556422317581e-01,8.995053018603004213e-01
5.249470609047311358e+06,-4.657162646033067722e+05,-5.395592104470367758e+02,1.599908124271161691e+00,-5.333892496105380188e-01,4.083293554796845193e-01,2.867502241330862622e-01,-1.466943475428488242e-01,-2.850890183067708583e-01,9.027620557221596176e-01
5.249470641310818493e+06,-4.657162751556618605e+05,-5.395508393387124215e+02,1.682117744514839419e+00,-4.392530647316699177e-01,4.366110518574825017e-01,2.903438120411774293e-01,-1.453559329045276405e-01,-2.661404496163822242e-01,9.076019970539386250e-01
5.249470675169857219e+06,-4.657162838902078802e+05,-5.395419469688771414e+02,1.763004169463497472e+00,-3.390574354951571001e-01,4.604920719510124383e-01,2.916045894685994622e-01,-1.427301004957924058e-01,-2.462929320223596341e-01,9.132002376622991857e-01
5.249470710612359457e+06,-4.657162906877539936e+05,-5.395326527705660737e+02,1.843209597652156084e+00,-2.323863257393005144e-01,4.764925401261665416e-01,2.901888563742777150e-01,-1.389320530444563828e-01,-2.253246221331325350e-01,9.196287989560258946e-01
5.249470747616537847e+06,-4.657162954281681450e+05,-5.395231275468938748e+02,1.921009335312676258e+00,-1.198286980471805485e-01,4.828733595573531656e-01,2.862549028505143034e-01,-1.344406766941651232e-01,-2.032475189348094680e-01,9.266467948863584825e-01
5.249470786116383970e+06,-4.657162980175731936e+05,-5.395135298722918833e+02,1.993388858277961306e+00,-4.057384057592560746e-03,4.826753542533390728e-01,2.801248438330123380e-01,-1.298125007023025190e-01,-1.800639132989964031e-01,9.339463451559197882e-01
5.249470826004678383e+06,-4.657162984120303299e+05,-5.395039604339974630e+02,2.058976891517094288e+00,1.118536037030065100e-01,4.787076833564918310e-01,2.719612034812503021e-01,-1.255224759225685438e-01,-1.556200031042697385e-01,9.413095288949314687e-01
5.249470867158721201e+06,-4.657162965994254919e+05,-5.394944849743538953e+02,2.117954921805026647e+00,2.277649505393037066e-01,4.717308912741960958e-01,2.628199308535485446e-01,-1.217366891303836712e-01,-1.304395759102410512e-01,9.482042939724131259e-01
5.249470909457125701e+06,-4.657162925972407684e+05,-5.394851513836165395e+02,2.170107948894656857e+00,3.398917419908092374e-01,4.627955105311484796e-01,2.526527279377312474e-01,-1.186320005452357745e-01,-1.044183534489793730e-01,9.545626535618237929e-01
5.249470952778541483e+06,-4.657162864761656965e+05,-5.394759587358136059e+02,2.215835766033352527e+00,4.462075633066687197e-01,4.558515282615556719e-01,2.420489723349524003e-01,-1.166044267558348363e-01,-7.776614063503527186e-02,9.600875666591579538e-01
5.249470997018440627e+06,-4.657162782896324061e+05,-5.394669419189214068e+02,2.257074206294292118e+00,5.508533160725470612e-01,4.431037221923044833e-01,2.314384309901515446e-01,-1.156661124483461256e-01,-5.052988721314075754e-02,9.646265288835322860e-01
5.249471042131887749e+06,-4.657162680096859112e+05,-5.394583289966230950e+02,2.298922094147067607e+00,6.588637870102138638e-01,4.125406661047065771e-01,2.212342411806643705e-01,-1.161839764530120528e-01,-2.301708776083151789e-02,9.680015058964394070e-01
5.249471088112926111e+06,-4.657162555757445516e+05,-5.394504466741336728e+02,2.340176488851045900e+00,7.679819565215399990e-01,3.664910262820755826e-01,2.114436215874481440e-01,-1.175823383483512591e-01,4.403526715530394972e-03,9.702817147392406305e-01
5.249471134948588908e+06,-4.657162409344899934e+05,-5.394435966433418344e+02,2.381800475773375947e+00,8.804396231784433757e-01,3.051016985240083690e-01,2.021859258884856902e-01,-1.200178358855602118e-01,3.136831254712778988e-02,9.714590101605325989e-01
5.249471182630930096e+06,-4.657162240810712101e+05,-5.394379757085852134e+02,2.423043777832427192e+00,9.876911676525005346e-01,2.391185154879137686e-01,1.938946979783147118e-01,-1.234742207316359974e-01,5.757263331907512549e-02,9.715165279164369450e-01
5.249470882799989544e+06,-4.657165072553280042e+05,-5.396252569617147401e+02,2.439062173482839047e+00,9.814680971107078156e-01,1.491414898421509760e-01,1.849091490324863696e-01,-1.299970003378691785e-01,6.910377599539611893e-02,9.717720136007813592e-01
5.249470931811527349e+06,-4.657164875089998241e+05,-5.396226443429886785e+02,2.478764818171682371e+00,1.076970682466154017e+00,9.314101108527306216e-02,1.794449188653109428e-01,-1.351273719242457316e-01,9.352685048334280493e-02,9.699447643750803705e-01
5.249470981611922383e+06,-4.657164658526712446e+05,-5.396210854022746162e+02,2.518686553767606195e+00,1.169265967475321633e+00,4.061317243337030092e-02,1.760199031675702963e-01,-1.412170758741738141e-01,1.168659732462146300e-01,9.671696222243253427e-01
5.249471032211409882e+06,-4.657164423100821441e+05,-5.396205768067959525e+02,2.560423096618479111e+00,1.262196712759173334e+00,-1.525318501592127021e-02,1.745124410627651723e-01,-1.481173907027708292e-01,1.391069520733561327e-01,9.634603802624502888e-01
5.249471083633491769e+06,-4.657164168645292521e+05,-5.396211576635420215e+02,2.603616566318042391e+00,1.356139908468696920e+00,-7.176186308852121332e-02,1.743828763585235642e-01,-1.552944848360414132e-01,1.601632682359079296e-01,9.590734925616470896e-01
5.249471135886364616e+06,-4.657163895093168830e+05,-5.396227897048446493e+02,2.646853284606244916e+00,1.449640192100314584e+00,-1.236666975303417071e-01,1.749339037905864869e-01,-1.622589669149028246e-01,1.800299432469118777e-01,9.542847463206884928e-01
5.249471188965660520e+06,-4.657163602547650225e+05,-5.396253685499048061e+02,2.689969651479646728e+00,1.542613161635730146e+00,-1.694779395551203327e-01,1.755768226964111722e-01,-1.682853498464399189e-01,1.985365930666523337e-01,9.494398568204983624e-01
5.249471242855191231e+06,-4.657163291115527973e+05,-5.396287495821520679e+02,2.731822042672086504e+00,1.634797855684909651e+00,-2.066075347236679960e-01,1.759329319729761587e-01,-1.735040062070176969e-01,2.161336008144945087e-01,9.445793931074278893e-01
5.249471297521572560e+06,-4.657162961191610084e+05,-5.396327338863195564e+02,2.771492530911007446e+00,1.723466964765242748e+00,-2.320695788604929255e-01,1.757640599561217098e-01,-1.774798356072467553e-01,2.325974445983927941e-01,9.399501753412489169e-01
5.249471352918280289e+06,-4.657162613367027952e+05,-5.396371050894211976e+02,2.808391125898046070e+00,1.809521657293074792e+00,-2.471185750679734394e-01,1.749093879440416777e-01,-1.800895517144553426e-01,2.479523350678417282e-01,9.356784167285726594e-01
5.249471408996830694e+06,-4.657162248326007393e+05,-5.396416437577917122e+02,2.842769968415872039e+00,1.890653848545102544e+00,-2.501253060436118281e-01,1.732295466183419175e-01,-1.812492188790254255e-01,2.623834248355544352e-01,9.318235801442338317e-01
5.249471465705565177e+06,-4.657161866918014130e+05,-5.396461423948776428e+02,2.873789388244022192e+00,1.967836280773640700e+00,-2.439294090009567761e-01,1.705822655531560872e-01,-1.806752064470955876e-01,2.757240375766153440e-01,9.285657853159433595e-01
5.249471522986430675e+06,-4.657161469844103558e+05,-5.396504665406736194e+02,2.902125507329418763e+00,2.041300770790075436e+00,-2.331699801777004089e-01,1.673313852985860439e-01,-1.790459466490405827e-01,2.883633024484035245e-01,9.256291726927736718e-01
5.249471580790802836e+06,-4.657161057800768758e+05,-5.396545210525521270e+02,2.927814388126336542e+00,2.111034674752449547e+00,-2.170775429503616072e-01,1.633922510534354666e-01,-1.761672058868861412e-01,3.001454088673039533e-01,9.231364067506802051e-01
5.249471639071049169e+06,-4.657160631411051727e+05,-5.396582274090709461e+02,2.951019697229435135e+00,2.177901938899969192e+00,-1.981501369847952776e-01,1.588903862804184053e-01,-1.722167268794287942e-01,3.111468827769851009e-01,9.210227285856766866e-01
5.249471697777691297e+06,-4.657160191324717598e+05,-5.396615397974584312e+02,2.971424092263770245e+00,2.240747638345093495e+00,-1.771516371642312959e-01,1.539349368300616250e-01,-1.672371723176128144e-01,3.213771399998758271e-01,9.192673732049705393e-01
5.249471756859970279e+06,-4.657159738344373181e+05,-5.396644305973394466e+02,2.989209148693088736e+00,2.299578462896135100e+00,-1.551771802106748088e-01,1.486298328407110181e-01,-1.614360732270801735e-01,3.306386052258853958e-01,9.178919799527400780e-01
5.249471816269646399e+06,-4.657159273124015308e+05,-5.396668832932921305e+02,3.004671686603274772e+00,2.355659481175087056e+00,-1.322671477589982270e-01,1.431684504875649910e-01,-1.549897782541039826e-01,3.393533136770038316e-01,9.166898602723154710e-01
5.249471875954728574e+06,-4.657158796269086888e+05,-5.396688958413485580e+02,3.017146225151441374e+00,2.408668839296017605e+00,-1.098973063971025038e-01,1.377356816863453681e-01,-1.481472904110533451e-01,3.473327277575956606e-01,9.156643748728201526e-01
5.249471935862507671e+06,-4.657158308413574123e+05,-5.396704709323314546e+02,3.027163100360983794e+00,2.458574112886782626e+00,-8.701637647893867289e-02,1.323077530897281695e-01,-1.407839394171563341e-01,3.546672838675069550e-01,9.148145539955186978e-01
5.249471995940599591e+06,-4.657157810304219020e+05,-5.396716090874961083e+02,3.034338590376182143e+00,2.504457833518694887e+00,-6.452336116377876962e-02,1.270925470808020041e-01,-1.331595458181117075e-01,3.613212428925008379e-01,9.140913463380665460e-01
5.249472056137580425e+06,-4.657157302753000986e+05,-5.396723230626683971e+02,3.039116896300522175e+00,2.546696871340960566e+00,-4.276434963110286452e-02,1.220271686415084211e-01,-1.253114049606598446e-01,3.673008088323602705e-01,9.135078261143858569e-01
5.249472116402916610e+06,-4.657156786413847003e+05,-5.396726310413965848e+02,3.041118461099250769e+00,2.586717816362497757e+00,-2.199102279452016043e-02,1.172828316814402000e-01,-1.173546435391909781e-01,3.727280158270125376e-01,9.129876571834878440e-01
5.249472176692365669e+06,-4.657156261883716797e+05,-5.396725482164608820e+02,3.041414836662000187e+00,2.623525135544438225e+00,-1.648467881887721951e-03,1.128667070248048632e-01,-1.093218158838017706e-01,3.775832263719971493e-01,9.125463085450897793e-01
5.249472236959423870e+06,-4.657155729897491401e+05,-5.396720924882370127e+02,3.038629538682067199e+00,2.657015973722169910e+00,1.736945496190293176e-02,1.087609291214137880e-01,-1.014129275335156205e-01,3.818681878262137896e-01,9.121749703640715801e-01
5.249472297150639817e+06,-4.657155191173452768e+05,-5.396712799221179466e+02,3.033297841481394475e+00,2.687454331155808340e+00,3.619219253785940088e-02,1.050074433671146779e-01,-9.341514160904990094e-02,3.856108789482076693e-01,9.118943518457316433e-01
5.249472357218768448e+06,-4.657154646308056545e+05,-5.396701212025473069e+02,3.025625966216256568e+00,2.715812126563891038e+00,5.412793142340940888e-02,1.014825931060633346e-01,-8.570476290456298385e-02,3.889092937613904399e-01,9.116499045396504464e-01
5.249472417132013477e+06,-4.657154095800547511e+05,-5.396686294635719605e+02,3.017005410018897660e+00,2.741801801189390542e+00,7.167503732936172933e-02,9.821975930023572887e-02,-7.803853981523685424e-02,3.918121885994233500e-01,9.114527326481682845e-01
5.249472476851058193e+06,-4.657153540214102250e+05,-5.396668173500921739e+02,3.005045746860402822e+00,2.765565062037690147e+00,8.828930735468090707e-02,9.524130199874890346e-02,-7.072565223999184580e-02,3.942981100415286488e-01,9.112935783987400340e-01
5.249472536323001608e+06,-4.657152980145921465e+05,-5.396647094126542470e+02,2.990975755772760536e+00,2.786161105953611106e+00,1.033593618549911997e-01,9.243555929260253989e-02,-6.355338550845444912e-02,3.964523759392391544e-01,9.111762488867034548e-01
5.249472595512423664e+06,-4.657152416159622371e+05,-5.396623155176606588e+02,2.975175435924429568e+00,2.805035848545625043e+00,1.189652920700923350e-01,8.979928382791518837e-02,-5.670902650148772206e-02,3.982790036571996484e-01,9.110949553742996310e-01
5.249472654383866116e+06,-4.657151848769091303e+05,-5.396596431025584479e+02,2.957311041374843796e+00,2.821102033575949353e+00,1.332489171408066386e-01,8.721661213122683387e-02,-5.008490968364626150e-02,3.998038344616918205e-01,9.110662242698357449e-01
5.249472712898211554e+06,-4.657151278493276332e+05,-5.396567183862563297e+02,2.937098808761674285e+00,2.835717216491517867e+00,1.461303686440927341e-01,8.481091573117516269e-02,-4.378395549015323684e-02,4.010093374497403773e-01,9.110881355924445035e-01
5.249472771025426686e+06,-4.657150705657073995e+05,-5.396535642223481091e+02,2.915879361091258115e+00,2.849138016749671820e+00,1.580851465237692322e-01,8.237249512596506174e-02,-3.768426019633414059e-02,4.019606381696920194e-01,9.111653630032380269e-01
5.249472828745924868e+06,-4.657150130614045775e+05,-5.396501829828031305e+02,2.893546348837636284e+00,2.860571399171472073e+00,1.707062130403517730e-01,7.993608775228301655e-02,-3.191753228605853643e-02,4.027453078801596642e-01,9.112561187327216095e-01
5.249472886028408073e+06,-4.657149553777397377e+05,-5.396465791138018631e+02,2.868657535000272762e+00,2.870626902269741265e+00,1.821530399084539120e-01,7.748323503117325595e-02,-2.634864064481210258e-02,4.033223374888250112e-01,9.113908012493316946e-01
5.249472942838811316e+06,-4.657148975520659587e+05,-5.396427827558916306e+02,2.842728193354863375e+00,2.878669501988919688e+00,1.916387546932939168e-01,7.499299639131294659e-02,-2.114024369876881318e-02,4.037356210615393182e-01,9.115518039161836228e-01
5.249472999155249447e+06,-4.657148396323703928e+05,-5.396388181221706191e+02,2.815461009043802587e+00,2.884192995187186526e+00,2.006397408534406901e-01,7.245765920701351115e-02,-1.608224855080142568e-02,4.040007559293709027e-01,9.117426390266635261e-01
5.249473054953946732e+06,-4.657147816596525372e+05,-5.396346976428106927e+02,2.786758854865893476e+00,2.888627840602938424e+00,2.088172653148714086e-01,6.973739462400808942e-02,-1.130109402104870209e-02,4.041207327446638131e-01,9.119733634158627700e-01
5.249473110211674124e+06,-4.657147236692564329e+05,-5.396304299716373407e+02,2.757032099929819680e+00,2.890789423193411700e+00,2.169399396825864856e-01,6.696297151093105748e-02,-6.656615666496550066e-03,4.041269683290174553e-01,9.122242290648820973e-01
5.249473164920048788e+06,-4.657146656993876095e+05,-5.396260314284114656e+02,2.727575251186497240e+00,2.891340027117399458e+00,2.234022546731342096e-01,6.411441773776337116e-02,-2.226611549403600607e-03,4.040728047636708564e-01,9.124744119609492499e-01
5.249473219073862769e+06,-4.657146077851039590e+05,-5.396215193483657231e+02,2.697029062746711503e+00,2.890329941263043434e+00,2.297610328357813370e-01,6.112049468887360143e-02,2.010827976386262827e-03,4.038767923047202890e-01,9.127670998155777982e-01
5.249473272653853521e+06,-4.657145499584978679e+05,-5.396169001855334955e+02,2.665502339603281978e+00,2.887830205561263686e+00,2.355303062251967727e-01,5.816155602802524499e-02,6.128103159099265208e-03,4.036172970854653430e-01,9.130568204030043988e-01
5.249473325640667230e+06,-4.657144922495860956e+05,-5.396121837302337099e+02,2.632810540794840115e+00,2.884046062566389068e+00,2.408919159882839112e-01,5.505535317964972003e-02,1.015891249716093132e-02,4.032850471895862987e-01,9.133602111415949354e-01
5.249473378017609008e+06,-4.657144346902652760e+05,-5.396073807726336327e+02,2.599642807686788792e+00,2.878323885917179137e+00,2.455249389524387094e-01,5.197473255018175697e-02,1.404539626596952237e-02,4.028948285445801414e-01,9.136613766584399388e-01
5.249473429772211239e+06,-4.657143773137115641e+05,-5.396025110904528219e+02,2.565554633110306959e+00,2.871369332661031670e+00,2.488440272745008619e-01,4.874641649848238112e-02,1.779746252206898874e-02,4.024451126865811745e-01,9.139720830787593231e-01
5.249473480888724327e+06,-4.657143201545830234e+05,-5.395975931040848081e+02,2.530895569416435009e+00,2.862090186541745407e+00,2.515896861724333244e-01,4.559923485207841021e-02,2.147159646647943052e-02,4.019279507710432076e-01,9.142831088140281892e-01
5.249473531346322037e+06,-4.657142632595000323e+05,-5.395926310061037157e+02,2.494739400879381286e+00,2.850452582191590700e+00,2.544589307810533052e-01,4.243863420512170026e-02,2.501017035164616528e-02,4.013817950566731518e-01,9.145852113839783026e-01
5.249473581141449511e+06,-4.657142066529421718e+05,-5.395876294612294259e+02,2.459892327236169685e+00,2.838554668614956977e+00,2.566885936408880853e-01,3.933755498137561646e-02,2.846055945761969547e-02,4.007999433090169705e-01,9.148781118868505313e-01
5.249473630273479037e+06,-4.657141503577703843e+05,-5.395826025668361581e+02,2.423705240172896236e+00,2.824572891715119383e+00,2.580753517533556085e-01,3.630170677063739026e-02,3.178976629642391027e-02,4.002008833053358194e-01,9.151561893909583301e-01
5.249473678727147169e+06,-4.657140944020344177e+05,-5.395775606678586200e+02,2.387339546618469921e+00,2.809863613126560633e+00,2.592388234226732924e-01,3.327803029247659861e-02,3.505838640516248383e-02,3.995649771649558701e-01,9.154295782397054992e-01
5.249471058362585492e+06,-4.657164666004342726e+05,-5.398106079290749904e+02,1.567921161423605270e+00,2.149058420357226495e+00,1.907134554361778755e-01,2.796994993558245615e-02,4.467589790337841982e-02,4.061363253986881028e-01,9.123586765686630962e-01
5.249471089666202664e+06,-4.657164241730687791e+05,-5.398068702538282650e+02,1.529301089065771890e+00,2.128141888631265743e+00,1.918402020185627499e-01,2.494681329021979088e-02,4.767404044802896201e-02,4.054926268675590473e-01,9.125133285884623469e-01
5.249471120216936804e+06,-4.657163821967327385e+05,-5.398031243314005678e+02,1.490190229417723389e+00,2.106181496296056554e+00,1.919917643642577443e-01,2.207403177261309940e-02,5.059441105387942755e-02,4.048304139958250336e-01,9.127240994567576982e-01
5.249471150013876148e+06,-4.657163406937466934e+05,-5.397993780659975300e+02,1.451625626731881891e+00,2.082883353674007232e+00,1.923090034979794138e-01,1.917301230986927230e-02,5.338525984468181496e-02,4.041491635384648062e-01,9.129325640756729143e-01
5.249471179052620195e+06,-4.657162996917442069e+05,-5.397956447382725855e+02,1.412094051397918548e+00,2.058080073678970834e+00,1.910500343002480006e-01,1.643743857983310033e-02,5.604921775119839356e-02,4.034823154910234244e-01,9.131211969688898256e-01
5.249471207317648456e+06,-4.657162592124310322e+05,-5.397919386648375166e+02,1.371944712785295728e+00,2.032613781418841636e+00,1.899046983483345385e-01,1.375726168375855998e-02,5.858658583989305446e-02,4.027760381129304457e-01,9.133180259076354446e-01
5.249471234800645150e+06,-4.657162192776998854e+05,-5.397882594278487431e+02,1.331771356053839783e+00,2.005414568130456043e+00,1.886498050003118376e-01,1.115344184534961848e-02,6.096125190567992097e-02,4.021355283768170974e-01,9.134803484684020924e-01
5.249471261504972354e+06,-4.657161799149190192e+05,-5.397846110741892289e+02,1.292081860241240054e+00,1.977061563748036876e+00,1.870508844111200553e-01,8.714057195026181715e-03,6.316379424637628970e-02,4.014703194007100406e-01,9.136498162517182609e-01
5.249471287424451672e+06,-4.657161411445873091e+05,-5.397809916876329908e+02,1.251317477853329363e+00,1.947784569886405803e+00,1.859780772157086370e-01,6.259758067023491607e-03,6.529574407577437567e-02,4.008331456965112949e-01,9.137997999539427818e-01
5.249471312550757080e+06,-4.657161029886097531e+05,-5.397774006560418911e+02,1.210949873544013622e+00,1.917074634583973092e+00,1.843917424090033008e-01,3.947672031705979148e-03,6.728625025842316365e-02,4.001628287040151499e-01,9.139620839012249087e-01
5.249471336885448545e+06,-4.657160654635007377e+05,-5.397738401566870152e+02,1.170404966851390061e+00,1.886086366454302832e+00,1.830878139431708906e-01,1.670385213257395609e-03,6.921504718921489552e-02,3.995342275816887723e-01,9.141000448126722633e-01
5.249471360427625477e+06,-4.657160285874187830e+05,-5.397703146642619458e+02,1.130161918733357140e+00,1.853334607614617546e+00,1.809973981174953783e-01,-4.540383345461539957e-04,7.099526501423147895e-02,3.989339058531919946e-01,9.142271100786935056e-01
5.249471383177365176e+06,-4.657159923820958938e+05,-5.397668290492896404e+02,1.089680613552676647e+00,1.820115163403209779e+00,1.791867871125024103e-01,-2.551843711306970609e-03,7.265461619829971518e-02,3.983537868342249544e-01,9.143462468647949315e-01
5.249471405128497630e+06,-4.657159568601213978e+05,-5.397633832794600721e+02,1.048908787639089457e+00,1.785998919711588862e+00,1.770599554817098020e-01,-4.519835400680370652e-03,7.420627599383394779e-02,3.978076713738220027e-01,9.144517811387251616e-01
5.249471426279386505e+06,-4.657159220383367501e+05,-5.397599747239994485e+02,1.008435111684322649e+00,1.750966252917020016e+00,1.755080014144580203e-01,-6.455513429530822765e-03,7.567050048208745494e-02,3.972708913363391936e-01,9.145535218094557051e-01
5.249471446634104475e+06,-4.657158879287952441e+05,-5.397566040278342143e+02,9.681569202608939495e-01,1.715539990644163293e+00,1.732725737732930815e-01,-8.343970958299730400e-03,7.701520712833559434e-02,3.967822601811918370e-01,9.146381129069046656e-01
5.249471466189783067e+06,-4.657158545391599182e+05,-5.397532712601192770e+02,9.274292216960582369e-01,1.679727180838210376e+00,1.717100134158545677e-01,-1.014080112526642707e-02,7.830614119047620003e-02,3.962770333664633049e-01,9.147293745613774840e-01
5.249471484948494472e+06,-4.657158218717530835e+05,-5.397499660151429453e+02,8.875088381005852289e-01,1.643963194219406843e+00,1.705152085293869801e-01,-1.190299424226304997e-02,7.956322021366786512e-02,3.958260099120674003e-01,9.147949420127987619e-01
5.249471502911836840e+06,-4.657157899279135163e+05,-5.397466891387655323e+02,8.468686421975816225e-01,1.608029775005309858e+00,1.688192148884711807e-01,-1.356306255144077745e-02,8.065997622872857209e-02,3.953645546158824353e-01,9.148753378205501940e-01
5.249471520074593835e+06,-4.657157587259974680e+05,-5.397434468932383425e+02,8.067228771217421768e-01,1.570210379228658359e+00,1.669800469075513882e-01,-1.515114491133495202e-02,8.173815269883639989e-02,3.948997872789164476e-01,9.149554515385042164e-01
5.249471536448264495e+06,-4.657157282850889023e+05,-5.397402362148530983e+02,7.673595033608694438e-01,1.532276116492037321e+00,1.655845799827880549e-01,-1.671267768595813275e-02,8.268431525012118199e-02,3.944457556384004526e-01,9.150390916357268312e-01
5.249471552034243941e+06,-4.657156986113507301e+05,-5.397370639533114627e+02,7.273549677467842089e-01,1.493797201312111023e+00,1.630037547168902146e-01,-1.819426450509319115e-02,8.357805639455143099e-02,3.940218242581799979e-01,9.151122783801882710e-01
5.249471566833056509e+06,-4.657156697093491093e+05,-5.397339372107106783e+02,6.881765613629098333e-01,1.455318209352659098e+00,1.608987662369202321e-01,-1.963934246930218452e-02,8.438801280820190653e-02,3.936232090481437962e-01,9.151796170585239087e-01
5.249471580851279199e+06,-4.657156415872262442e+05,-5.397308451539596490e+02,6.489854313591567614e-01,1.415925601033329650e+00,1.594017523729941432e-01,-2.105321375244036813e-02,8.512196874705175997e-02,3.932529107514339817e-01,9.152394021881181674e-01
5.249471594081535935e+06,-4.657156142528140335e+05,-5.397277917990792275e+02,6.089676706613452728e-01,1.376705613911012982e+00,1.568444856459140502e-01,-2.241665062936278388e-02,8.581547610729979569e-02,3.928975610535044294e-01,9.152948741898316865e-01
5.249471606528910808e+06,-4.657155877113675815e+05,-5.397247814889492474e+02,5.705695191326127791e-01,1.336580228193112951e+00,1.549139825840491480e-01,-2.369375327792061850e-02,8.632762271370759966e-02,3.925414105431454526e-01,9.153673529423278499e-01
5.249471618207686581e+06,-4.657155619678513031e+05,-5.397218090132702173e+02,5.319402519813690722e-01,1.296891638448382622e+00,1.528609746827458982e-01,-2.495629149284698742e-02,8.678719086993322285e-02,3.922143722566129864e-01,9.154305300131935219e-01
5.249471629117517732e+06,-4.657155370242642821e+05,-5.397188700936210353e+02,4.936728391794521498e-01,1.256463435368221360e+00,1.513611881602721088e-01,-2.615529606846093633e-02,8.717480456694587376e-02,3.919071251904168718e-01,9.154918137722074523e-01
5.249471639267627150e+06,-4.657155128898907569e+05,-5.397159625980712008e+02,4.560755398949715156e-01,1.215759036215354971e+00,1.494994529799448801e-01,-2.728356732329793866e-02,8.750117422948359980e-02,3.916024730934309361e-01,9.155581119231441800e-01
5.249471648663978092e+06,-4.657154895620907191e+05,-5.397130926984634698e+02,4.183257925915490061e-01,1.175636656356126020e+00,1.473579920578283187e-01,-2.833969363717543308e-02,8.772636496894953284e-02,3.913004938282284573e-01,9.156335903796009035e-01
5.249471657314245589e+06,-4.657154670450264821e+05,-5.397102515640771117e+02,3.818395830197292007e-01,1.134315254835769560e+00,1.464121188792958661e-01,-2.935899854833366740e-02,8.791972668432852800e-02,3.910572820295336594e-01,9.156868321332566341e-01
5.249471665225510485e+06,-4.657154453479739605e+05,-5.397074291852937904e+02,3.446998788209844067e-01,1.093342326025616318e+00,1.452500606425596585e-01,-3.028187764191584211e-02,8.807065398480981577e-02,3.907666997438630774e-01,9.157663214724630629e-01
5.249471672396113165e+06,-4.657154244632736663e+05,-5.397046260363107422e+02,3.080871907369114315e-01,1.052767898255295043e+00,1.442557472818445374e-01,-3.112620337481652316e-02,8.818078270741271096e-02,3.905061290435835053e-01,9.158385629913390336e-01
5.249471678841115907e+06,-4.657154043782992521e+05,-5.397018310921520197e+02,2.725258071671391447e-01,1.013063337460631930e+00,1.442280383199382454e-01,-3.194096948919913220e-02,8.828212055638974542e-02,3.902379549996894403e-01,9.159150513441871588e-01
5.249471684570836835e+06,-4.657153850942284334e+05,-5.396990315044394038e+02,2.371093858773363483e-01,9.722668269969871879e-01,1.445162431107150092e-01,-3.271192637864928088e-02,8.829393323385104075e-02,3.899886043948382341e-01,9.159929042835583957e-01
5.249471689590216614e+06,-4.657153666199257132e+05,-5.396962300148353506e+02,2.020517458106859121e-01,9.316560745738585725e-01,1.441885371371486313e-01,-3.342393370581764334e-02,8.825846118087514458e-02,3.897384769077710809e-01,9.160770738463546170e-01
5.249471693910359405e+06,-4.657153489548912621e+05,-5.396934315964998632e+02,1.678847026983869006e-01,8.908264827034970690e-01,1.439814281032913701e-01,-3.410902705039819266e-02,8.819904871963629711e-02,3.895092825485421684e-01,9.161550205667151614e-01
5.249471697544205934e+06,-4.657153320935321972e+05,-5.396906412133605500e+02,1.340425574258544417e-01,8.507998007774624227e-01,1.431299602505718693e-01,-3.473904557669767884e-02,8.802714724363178145e-02,3.893116358412299638e-01,9.162318871290076050e-01
5.249471700493871234e+06,-4.657153160222590668e+05,-5.396878589512236886e+02,1.000511519728271848e-01,8.113974640947433370e-01,1.429311903788929861e-01,-3.534120866263596589e-02,8.783081647201831932e-02,3.891178082472975253e-01,9.163100341061793941e-01
5.249471702759859152e+06,-4.657153007424006355e+05,-5.396850780087155499e+02,6.640838957501711548e-02,7.711510725318965198e-01,1.427556111655522986e-01,-3.593863914470651899e-02,8.761260652661913284e-02,3.889164776485075081e-01,9.163931576451926908e-01
5.249471704348646104e+06,-4.657152862652374315e+05,-5.396823119602640872e+02,3.308714916159444241e-02,7.305603457544866952e-01,1.411458191133312112e-01,-3.643599791945284494e-02,8.735396668825540223e-02,3.886742654749102965e-01,9.165009647655614211e-01
5.249471705267556012e+06,-4.657152725906827254e+05,-5.396795788243725838e+02,1.862339200115975622e-04,6.903150216010389695e-01,1.391559301906951929e-01,-3.696235498558553961e-02,8.711063266361558644e-02,3.884630534318632700e-01,9.165925913638340861e-01
5.249471705525192432e+06,-4.657152597158857970e+05,-5.396768902907577967e+02,-3.224529496327559197e-02,6.499556576024428933e-01,1.363456520450063159e-01,-3.742072983433406691e-02,8.682682181002676636e-02,3.882671364846050910e-01,9.166839275856020208e-01
5.249471705136495642e+06,-4.657152476341239526e+05,-5.396742453001014610e+02,-6.358143474235369852e-02,6.103856221772525625e-01,1.344985387589389403e-01,-3.789957475486395444e-02,8.654050386378010773e-02,3.880801524341201958e-01,9.167705051056069809e-01
5.249471704107425176e+06,-4.657152363343642792e+05,-5.396716218726222678e+02,-9.545618958941805288e-02,5.712146361113311643e-01,1.339208368871295796e-01,-3.830163771130643685e-02,8.612493241085326934e-02,3.878987648202034122e-01,9.168696903532105313e-01
5.249471702429933473e+06,-4.657152258074639249e+05,-5.396690167402521183e+02,-1.277169152643116423e-01,5.326232788335075741e-01,1.323638889023918686e-01,-3.865198904035877653e-02,8.570008861110067766e-02,3.877057773933485496e-01,9.169764167962541901e-01
5.249471700110008940e+06,-4.657152160540299956e+05,-5.396664277867582769e+02,-1.587452050673877069e-01,4.932650947287153254e-01,1.320406642581651580e-01,-3.902190211658179697e-02,8.519425416669136608e-02,3.875351651661195773e-01,9.170799998696758104e-01
5.249471697167890146e+06,-4.657152070738884504e+05,-5.396638482435873811e+02,-1.890158508428326223e-01,4.546967229631722618e-01,1.311447570416695574e-01,-3.926047657810827207e-02,8.468018786134676179e-02,3.873637574974734821e-01,9.171898387436873135e-01
5.249471693620113656e+06,-4.657151988626829698e+05,-5.396612776806570082e+02,-2.182161267472679522e-01,4.156798970418781325e-01,1.308885888904952055e-01,-3.951387345664195833e-02,8.410199626137934703e-02,3.871858051495557507e-01,9.173072879047678985e-01
5.249471689479014836e+06,-4.657151914172990946e+05,-5.396586996125275846e+02,-2.472836359383360771e-01,3.774967089934076481e-01,1.316799510991363831e-01,-3.972080670983323819e-02,8.344869154579814818e-02,3.870386987687913782e-01,9.174200886972089242e-01
5.249471684750119224e+06,-4.657151847242385847e+05,-5.396560994105713007e+02,-2.759217804711193156e-01,3.398561615080210596e-01,1.329058134811288150e-01,-3.988128300901835899e-02,8.276622680581544045e-02,3.868815222248498942e-01,9.175412376564237027e-01
5.249468551990096457e+06,-4.657176114227780490e+05,-5.398969946921412202e+02,-1.279274505763836833e+00,-6.346226379718150623e-01,1.003968092971311010e-01,-5.145172947131212982e-02,8.569594329200913574e-02,4.679865100033756553e-01,8.833864063214648121e-01
5.249468526753183454e+06,-4.657176248764594784e+05,-5.398949118937365483e+02,-1.302212645574784222e+00,-6.789976479427521916e-01,1.033562567634982582e-01,-5.128875782534992461e-02,8.454660142551734259e-02,4.656847489699765252e-01,8.794083524486018266e-01
5.249468501057980582e+06,-4.657176392072195304e+05,-5.398927633855329304e+02,-1.324289986836160837e+00,-7.226227388705002141e-01,1.068641776705345353e-01,-5.132577152668812287e-02,8.378741880371488870e-02,4.655470082334369764e-01,8.795517704846737006e-01
5.249468474915786646e+06,-4.657176543894919450e+05,-5.398905490079013134e+02,-1.346179588814482297e+00,-7.643739140814127531e-01,1.098360302391759580e-01,-5.130023532780158407e-02,8.303780197488971893e-02,4.653957311227161497e-01,8.797043951869654155e-01
5.249468448333065957e+06,-4.657176704073892906e+05,-5.398882817510481118e+02,-1.367572093921707088e+00,-8.064248545915969624e-01,1.120290856976607768e-01,-5.127329975331065132e-02,8.224970034642192784e-02,4.652734974523025646e-01,8.798446500442113072e-01
5.249468421316741034e+06,-4.657176872544471989e+05,-5.398859574196776521e+02,-1.388771061658752526e+00,-8.474691529735193241e-01,1.154605288881238451e-01,-5.127173494810591259e-02,8.143694556644398563e-02,4.651512870521105625e-01,8.799849506261077092e-01
5.249468393879044801e+06,-4.657177049238541513e+05,-5.398835684262513723e+02,-1.408863849900453769e+00,-8.888787095291059703e-01,1.184028417981595055e-01,-5.121810170863871914e-02,8.065871011195195617e-02,4.650448883199512773e-01,8.801159755636626114e-01
5.249468366032717749e+06,-4.657177234190595918e+05,-5.398811140669408815e+02,-1.428725832375077776e+00,-9.302497445856177105e-01,1.219281551397256164e-01,-5.113075774137276763e-02,7.983363278167092403e-02,4.648869651609121578e-01,8.802796977925891886e-01
5.249468337783366442e+06,-4.657177427305015735e+05,-5.398785923879190705e+02,-1.448317799171330300e+00,-9.706678627354968780e-01,1.250596006753171285e-01,-5.103402811866296351e-02,7.904360828844973763e-02,4.647795457965275268e-01,8.804133175897904673e-01
5.249468309137568809e+06,-4.657177628492924850e+05,-5.398760049840445845e+02,-1.467488843318675018e+00,-1.011147661322394864e+00,1.284339178961659000e-01,-5.097816027973466058e-02,7.824970846787211720e-02,4.646887085687606000e-01,8.805354135047290809e-01
5.249468280107336119e+06,-4.657177837682864047e+05,-5.398733602337906632e+02,-1.485873366077656632e+00,-1.050857357665672565e+00,1.307071233175124692e-01,-5.089554892869369018e-02,7.743620062421935346e-02,4.645594719204692580e-01,8.806802910165204556e-01
5.249468250695565715e+06,-4.657178054765805718e+05,-5.398706606861635464e+02,-1.504783363168566535e+00,-1.090185165264870859e+00,1.338521045074206328e-01,-5.081751047718446185e-02,7.662922417851382451e-02,4.644404380809626365e-01,8.808181549616822537e-01
5.249468220902088098e+06,-4.657178279649531469e+05,-5.398679046370480137e+02,-1.523193461451339159e+00,-1.128963837394640235e+00,1.362874933124155474e-01,-5.066766366573288716e-02,7.579497566456011581e-02,4.643285591651106214e-01,8.809579437607618635e-01
5.249468190737421624e+06,-4.657178512207079330e+05,-5.398650884215339829e+02,-1.541050159372366890e+00,-1.166987842172985346e+00,1.398355230792818760e-01,-5.052392650192037010e-02,7.497740885378176290e-02,4.642473293162977521e-01,8.810789625524093616e-01
5.249468160202763043e+06,-4.657178752349186689e+05,-5.398622068224766508e+02,-1.559348369833319259e+00,-1.204842321644114200e+00,1.427858901438232575e-01,-5.034020317852250237e-02,7.409595652197176197e-02,4.641181661850821150e-01,8.812320812462127728e-01
5.249468129305926152e+06,-4.657179000098740216e+05,-5.398592626528627534e+02,-1.576341428162044478e+00,-1.243136061606481935e+00,1.460721389742601073e-01,-5.013297771718180917e-02,7.317610605470187268e-02,4.640435206080691377e-01,8.813600587014629451e-01
5.249468098071089946e+06,-4.657179255382950651e+05,-5.398562509329544810e+02,-1.592210000073980503e+00,-1.280259291745191375e+00,1.495375551873933950e-01,-4.991993820497019063e-02,7.224858009427584382e-02,4.639513296879237414e-01,8.814971957907216105e-01
5.249468066511260346e+06,-4.657179518037847010e+05,-5.398531740419481366e+02,-1.607923387434791129e+00,-1.316897391920249794e+00,1.525815875994520898e-01,-4.970255671964527583e-02,7.130279255613594658e-02,4.638578367771397093e-01,8.816356815438580741e-01
5.249468034626097418e+06,-4.657179788014465012e+05,-5.398500273865848840e+02,-1.623822933155943948e+00,-1.353492045856012904e+00,1.565395561660852530e-01,-4.936695884571070531e-02,7.038830149340578879e-02,4.637730356684702793e-01,8.817726248176606108e-01
5.249468002417081967e+06,-4.657180065155609045e+05,-5.398468028661277458e+02,-1.639425029408455803e+00,-1.388512831291073724e+00,1.604076925681509058e-01,-4.905403632156407623e-02,6.940886648789321156e-02,4.636421294226793499e-01,8.819365548185801318e-01
5.249467969891731627e+06,-4.657180349292774335e+05,-5.398434991718140736e+02,-1.654583481512998722e+00,-1.423413757411243097e+00,1.645106731869132588e-01,-4.869037174958457809e-02,6.844622280537465686e-02,4.635757489097110384e-01,8.820668270929514776e-01
5.249467937064401805e+06,-4.657180640360383550e+05,-5.398401124981090788e+02,-1.668714491281204859e+00,-1.457797487951468796e+00,1.687766912478344816e-01,-4.830332048402786321e-02,6.746500906924431107e-02,4.634984711066741370e-01,8.822043013050870908e-01
5.249467903945761733e+06,-4.657180938271440100e+05,-5.398366468174134525e+02,-1.682839768398191715e+00,-1.491812673009269341e+00,1.724742992633518102e-01,-4.786816131444341510e-02,6.648673184664696811e-02,4.634301627065177676e-01,8.823381653984030404e-01
5.249467870537373237e+06,-4.657181242988551967e+05,-5.398331048646275576e+02,-1.696791945332501106e+00,-1.525825412378463364e+00,1.764795505610832205e-01,-4.740633526339543130e-02,6.553594030072870669e-02,4.633343675701279696e-01,8.824845290230877159e-01
5.249467836840208620e+06,-4.657181554312961525e+05,-5.398294782954183120e+02,-1.710912975696676996e+00,-1.557759247761855592e+00,1.810423573735799041e-01,-4.693895064015028012e-02,6.457807099312848353e-02,4.632211499808702171e-01,8.826395493794952918e-01
5.249467802862113342e+06,-4.657181872017835849e+05,-5.398257603639074205e+02,-1.724050878067429737e+00,-1.589531954883302678e+00,1.857379065608924518e-01,-4.644145210861769929e-02,6.360635885065399342e-02,4.631338530872062265e-01,8.827822251554910959e-01
5.249467768613288179e+06,-4.657182195974184433e+05,-5.398219584963486568e+02,-1.737224011372012766e+00,-1.620133372621340273e+00,1.895490845011257586e-01,-4.587796187216320459e-02,6.260506346885555407e-02,4.630478475298744900e-01,8.829283718704816764e-01
5.249467734101694077e+06,-4.657182526092389598e+05,-5.398180697082981396e+02,-1.749517165267613139e+00,-1.651042933059299278e+00,1.945774416675165042e-01,-4.536753952838535470e-02,6.164756048064433391e-02,4.630017400859588461e-01,8.830462919129986599e-01
5.249467699336337857e+06,-4.657182862305645249e+05,-5.398140867814138346e+02,-1.761824812500460968e+00,-1.680957850749635440e+00,1.991023193095080301e-01,-4.482842722306835948e-02,6.071803737465103490e-02,4.628969132517420926e-01,8.831931725948475309e-01
5.249467664318397641e+06,-4.657183204512631637e+05,-5.398100142701541699e+02,-1.774012132077295245e+00,-1.710852621564867171e+00,2.036804921376754729e-01,-4.431302246837985626e-02,5.979189652070791144e-02,4.628180845543362620e-01,8.833236700957478593e-01
5.249467629052447155e+06,-4.657183552618048270e+05,-5.398058537323111068e+02,-1.785897148336583085e+00,-1.739795371563428672e+00,2.080562717129820494e-01,-4.384171109521015075e-02,5.881784661909948003e-02,4.627401005316575389e-01,8.834534311802010320e-01
5.249467593542247079e+06,-4.657183906494721305e+05,-5.398016089908034019e+02,-1.797726583572673675e+00,-1.768419908973638321e+00,2.122455829425694274e-01,-4.334843026044607472e-02,5.790790482971752695e-02,4.626445323227699746e-01,8.835879273196045602e-01
5.249467557787612081e+06,-4.657184266118616215e+05,-5.397972875145813987e+02,-1.809655142442851306e+00,-1.797121541077426388e+00,2.158614391717764147e-01,-4.286708019325913971e-02,5.698859119908545462e-02,4.625714668659056672e-01,8.837094275919565867e-01
5.249467521796421148e+06,-4.657184631450729794e+05,-5.397928966362875371e+02,-1.820682810845652311e+00,-1.825401094673493096e+00,2.193150188250927446e-01,-4.241042229803533570e-02,5.609337374538598403e-02,4.624931635990127687e-01,8.838297141484837693e-01
5.249467485578764230e+06,-4.657185002329903073e+05,-5.397884393094024063e+02,-1.831660527083314172e+00,-1.852439208915704238e+00,2.226518432342756149e-01,-4.191156602081431287e-02,5.515051649945723611e-02,4.624220909754408471e-01,8.839500276867717776e-01
5.249467449145828374e+06,-4.657185378620676929e+05,-5.397839135401619615e+02,-1.841509576709352780e+00,-1.879433531418993164e+00,2.263247185139909134e-01,-4.144844145202496860e-02,5.417500303672909134e-02,4.623392768132969510e-01,8.840754998223556704e-01
5.249467412507344037e+06,-4.657185760247881408e+05,-5.397793139013284645e+02,-1.851566115150250047e+00,-1.905672571263305803e+00,2.302199546328387025e-01,-4.100158176396605236e-02,5.318811173135092746e-02,4.622709121010460387e-01,8.841920037126546061e-01
5.249467375660718419e+06,-4.657186147099162336e+05,-5.397746452145801186e+02,-1.861733226841342015e+00,-1.931526022248596153e+00,2.333894063994376711e-01,-4.056205423761702344e-02,5.222588043372265731e-02,4.622348188550930992e-01,8.842884992833759394e-01
5.249467338610808365e+06,-4.657186539030321292e+05,-5.397699093368782997e+02,-1.871285894003838157e+00,-1.956338271157172626e+00,2.371268421518257785e-01,-4.010851683391814665e-02,5.127399716576645089e-02,4.621325835128504145e-01,8.844183172687378747e-01
5.249467301370806061e+06,-4.657186935942056007e+05,-5.397650996348514809e+02,-1.880109129612028029e+00,-1.981253676409514108e+00,2.409649473293824229e-01,-3.964589254060140594e-02,5.035143673236552875e-02,4.620453865261096027e-01,8.845377309069288874e-01
5.249467263950626366e+06,-4.657187337768609286e+05,-5.397602103489766705e+02,-1.888695302163744927e+00,-2.005391311839794799e+00,2.453008581957129286e-01,-3.915430343567672528e-02,4.946020217698395005e-02,4.619600302810234482e-01,8.846544861928453685e-01
5.249467226346269250e+06,-4.657187744408130529e+05,-5.397552356382310563e+02,-1.897950564216157154e+00,-2.029241441052707096e+00,2.497379874046844472e-01,-3.859222971944787500e-02,4.856972562380739572e-02,4.618504121493532955e-01,8.847857474908493725e-01
5.249467188556428999e+06,-4.657188155755777261e+05,-5.397501741858370679e+02,-1.906684036702226637e+00,-2.052337553991571362e+00,2.542175187848780271e-01,-3.801546501408047118e-02,4.767931412954613812e-02,4.617462874703011644e-01,8.849134839344110492e-01
5.249467150591006503e+06,-4.657188571719626198e+05,-5.397450280101040789e+02,-1.914948116392119148e+00,-2.075308258889275947e+00,2.584464672167625654e-01,-3.742460128161005650e-02,4.682334531468201888e-02,4.616493256637665410e-01,8.850349565367281457e-01
5.249467112460764125e+06,-4.657188992257370264e+05,-5.397397898070926203e+02,-1.922584917600770327e+00,-2.098009813895964637e+00,2.636942886139280739e-01,-3.683540612290791411e-02,4.599087168631550704e-02,4.615601123434109887e-01,8.851498494049613308e-01
5.249467074175757356e+06,-4.657189417226609658e+05,-5.397344541621617964e+02,-1.929896655710592102e+00,-2.119538814374279934e+00,2.684596181482193922e-01,-3.621216594607989253e-02,4.517136511023762263e-02,4.614780860341067825e-01,8.852605286339116919e-01
5.249467035740031861e+06,-4.657189846410959726e+05,-5.397290278049714516e+02,-1.937180781909236815e+00,-2.140041359921983855e+00,2.730383771622437727e-01,-3.560533370064764697e-02,4.433908853886341095e-02,4.613985293277503286e-01,8.853686820832125104e-01
5.249466997153665870e+06,-4.657190279784129816e+05,-5.397235015025149778e+02,-1.944406542318182884e+00,-2.161375900620135848e+00,2.787678541790196141e-01,-3.500526878836135447e-02,4.351084243184760031e-02,4.612684705815596753e-01,8.855014604376288956e-01
5.249466958418536000e+06,-4.657190717365267337e+05,-5.397178799750378175e+02,-1.951593926201287577e+00,-2.182044912041788631e+00,2.828210670116078074e-01,-3.439545647482954854e-02,4.270986927482792878e-02,4.612032479687285247e-01,8.855983199776870096e-01
5.249466919534283690e+06,-4.657191158995725564e+05,-5.397121766751342875e+02,-1.958887991691679265e+00,-2.201754282873046975e+00,2.872296024138715209e-01,-3.377503987926040036e-02,4.189789455947726809e-02,4.611122996715932842e-01,8.857083384785416902e-01
5.249466880504996516e+06,-4.657191604579058476e+05,-5.397063840503940355e+02,-1.965667917112305707e+00,-2.221486242239974374e+00,2.920517376195565507e-01,-3.316392255223366003e-02,4.112035071495626082e-02,4.610685113635203947e-01,8.857906634606178553e-01
5.249465912965936586e+06,-4.657200888093229150e+05,-5.399171377564109662e+02,-2.155086364439050328e+00,-2.605389188574657400e+00,2.731672734570382843e-01,-3.528893210890214627e-02,4.134525525208627983e-02,4.903737435999900862e-01,8.706247122176963282e-01
5.249465870017746463e+06,-4.657201413711591158e+05,-5.399116106378648965e+02,-2.160633721706731070e+00,-2.625166317506845370e+00,2.780142997533446847e-01,-3.467853393153582514e-02,4.056803067286764847e-02,4.899565849340862256e-01,8.701115907521479453e-01
5.249465826957179233e+06,-4.657201943309957278e+05,-5.399059962640225194e+02,-2.166187871519566599e+00,-2.644854950844174102e+00,2.821165276177873271e-01,-3.412508569765122790e-02,3.978068958140668077e-02,4.898780218790582675e-01,8.702140542768637133e-01
5.249465783786301501e+06,-4.657202476810460212e+05,-5.399003073895155467e+02,-2.171551530081597736e+00,-2.663855151382144459e+00,2.856720916220485962e-01,-3.360995924237240168e-02,3.901962089547521967e-02,4.898042545916839186e-01,8.703100788422948320e-01
5.249465740515663289e+06,-4.657203014068515040e+05,-5.398945511556991050e+02,-2.176028900934184662e+00,-2.682137820085546132e+00,2.890737126863502926e-01,-3.309303415998515741e-02,3.818950627147163490e-02,4.897017404306940325e-01,8.704243904249537866e-01
5.249465697153756395e+06,-4.657203554990601842e+05,-5.398887253565808351e+02,-2.180565067860893436e+00,-2.700189646894068041e+00,2.928582859965336849e-01,-3.256457549890152264e-02,3.740985403257297837e-02,4.896265352444282293e-01,8.705204814114322343e-01
5.249465653706510551e+06,-4.657204099482839229e+05,-5.398828273327592342e+02,-2.184452299218029747e+00,-2.717556921826377536e+00,2.965245740087788517e-01,-3.203730990259526235e-02,3.665621095279142372e-02,4.895552013259566460e-01,8.706122208847608679e-01
5.249465610176932067e+06,-4.657204647494812380e+05,-5.398768569452339534e+02,-2.188708378586811776e+00,-2.735083408033250674e+00,3.003334467917752049e-01,-3.150952792216882986e-02,3.588823403570601950e-02,4.895141140422111792e-01,8.706865783897091982e-01
5.249465566564780660e+06,-4.657205198980901623e+05,-5.398708047141244606e+02,-2.192612649020906357e+00,-2.752010002707450997e+00,3.049693158683247085e-01,-3.097529626215823548e-02,3.516704343480914902e-02,4.894474444015018411e-01,8.707726514827892617e-01
5.249465522877957672e+06,-4.657205753897882532e+05,-5.398646741273508951e+02,-2.196052577722853894e+00,-2.769167155550384507e+00,3.083936099602594960e-01,-3.047070732251535088e-02,3.446125609963022335e-02,4.893575745206792393e-01,8.708691769708366559e-01
5.249465479109386913e+06,-4.657206312243481516e+05,-5.398584716550767553e+02,-2.200741410605647097e+00,-2.785972683913673809e+00,3.123970639095865476e-01,-2.993446086020239150e-02,3.381314648360204261e-02,4.893169548601658536e-01,8.709360011967102189e-01
5.249465435256517492e+06,-4.657206873917300254e+05,-5.398521907685426413e+02,-2.204413117821593993e+00,-2.802179472181736131e+00,3.164807162364228765e-01,-2.936077992756372032e-02,3.319512604337943734e-02,4.892638491831067249e-01,8.710091362335649068e-01
5.249465391327698715e+06,-4.657207438780321972e+05,-5.398458407269564532e+02,-2.208312121197982147e+00,-2.817562862534161106e+00,3.195404684665092976e-01,-2.876639573663298394e-02,3.256025692707124192e-02,4.892258535954298049e-01,8.710742733123835180e-01
5.249465347319054417e+06,-4.657208006666029687e+05,-5.398394175301206133e+02,-2.212372795915662937e+00,-2.832089312513510038e+00,3.240701319281713566e-01,-2.817695256323055411e-02,3.193376303254715637e-02,4.891348350014251278e-01,8.711678418168007365e-01
5.249465303240043111e+06,-4.657208577551141498e+05,-5.398329106163384949e+02,-2.215267415420749675e+00,-2.847342634358785318e+00,3.281779392351048541e-01,-2.756269780265355532e-02,3.131352677552549230e-02,4.890564803322109411e-01,8.712539934304787126e-01
5.249465259092599154e+06,-4.657209151397386449e+05,-5.398263336076641963e+02,-2.219206435217458306e+00,-2.861408220386182588e+00,3.313182476250666753e-01,-2.698823312032784527e-02,3.070401080165409760e-02,4.889586977672920609e-01,8.713485480327565202e-01
5.249465214867169969e+06,-4.657209728078416665e+05,-5.398196934932489057e+02,-2.223060920951455355e+00,-2.875399820452110511e+00,3.347416977079890055e-01,-2.640645066452444734e-02,3.008786852578084273e-02,4.888749523070088365e-01,8.714348523093065069e-01
5.249465170564459637e+06,-4.657210307558930363e+05,-5.398129928481780553e+02,-2.226956559795357116e+00,-2.889099468237357637e+00,3.376017307599767925e-01,-2.585686648075437646e-02,2.951337248962500673e-02,4.888171449778347943e-01,8.715034040971159079e-01
5.249465126191118732e+06,-4.657210889792420203e+05,-5.398062444146154348e+02,-2.230108996173454372e+00,-2.902697612947183980e+00,3.397440633894907580e-01,-2.529910535316454503e-02,2.888668974721888411e-02,4.887362597009237142e-01,8.715861312247414894e-01
5.249465081753645092e+06,-4.657211474708069582e+05,-5.397994489805905687e+02,-2.233390489460364225e+00,-2.915650912880784151e+00,3.425353109998204304e-01,-2.476182303138099380e-02,2.832623977651896677e-02,4.886783381375592317e-01,8.716524303604529234e-01
5.249465037259632722e+06,-4.657212062142101931e+05,-5.397926021912110173e+02,-2.235788653041490104e+00,-2.927638403766602782e+00,3.451016462863046863e-01,-2.430933847952452403e-02,2.777410570582486415e-02,4.886420372802001144e-01,8.717032842454766062e-01
5.249464992709272541e+06,-4.657212652009158046e+05,-5.397857098882661830e+02,-2.239074989829889617e+00,-2.939702116608069460e+00,3.472945522290213360e-01,-2.382089740620342566e-02,2.727234988962866716e-02,4.885807433733297400e-01,8.717669655487975122e-01
5.249464948095940053e+06,-4.657213244292669115e+05,-5.397787760505792676e+02,-2.242135517142754608e+00,-2.951534432308963840e+00,3.494782029437043525e-01,-2.330183413044470409e-02,2.672827905306693341e-02,4.885257606622065429e-01,8.718286563453480076e-01
5.249464903424583375e+06,-4.657213838942240691e+05,-5.397717947184920604e+02,-2.244922355616147502e+00,-2.963109417861217398e+00,3.522718884966598574e-01,-2.287126607923592458e-02,2.622411223144006931e-02,4.884740631392161525e-01,8.718843340641170281e-01
5.249464858693416230e+06,-4.657214435874092160e+05,-5.397647662584801083e+02,-2.248170495150066284e+00,-2.974095183223334882e+00,3.544075201471854064e-01,-2.243055742593466975e-02,2.570198354476015828e-02,4.883626332425234362e-01,8.719737483427776326e-01
5.249464813902417198e+06,-4.657215034950748668e+05,-5.397576958233120195e+02,-2.250983428969319355e+00,-2.984282836035797359e+00,3.566899715558281003e-01,-2.200244855398960850e-02,2.520176245944972040e-02,4.882843776939309044e-01,8.720430787116022486e-01
5.249464769058818929e+06,-4.657215636115998495e+05,-5.397505843655904982e+02,-2.253504290811696897e+00,-2.994728449888837130e+00,3.587126670385043514e-01,-2.160295423939702711e-02,2.474593768000228275e-02,4.882389303350569421e-01,8.720915657394051612e-01
5.249464724164529704e+06,-4.657216239356361912e+05,-5.397434376020461286e+02,-2.256142810937166843e+00,-3.004767598937748918e+00,3.604166879217773345e-01,-2.119921008721338887e-02,2.429515874839103043e-02,4.881882783926775882e-01,8.721425025625105798e-01
5.249464679221260361e+06,-4.657216844662444782e+05,-5.397362539877042309e+02,-2.258460420621562381e+00,-3.015167693316044506e+00,3.626083380056754901e-01,-2.082155944077190846e-02,2.384234146802401838e-02,4.881357756284557259e-01,8.721934826275482555e-01
5.249464634236466140e+06,-4.657217452058600029e+05,-5.397290288949350270e+02,-2.260336465497478908e+00,-3.025489001146601797e+00,3.647623146233484603e-01,-2.048589405762831286e-02,2.343537782946131243e-02,4.880899690620139619e-01,8.722380950562504953e-01
5.249464589215470478e+06,-4.657218061466136132e+05,-5.397217584418183378e+02,-2.262135493766024297e+00,-3.035088938815734938e+00,3.673566537676971056e-01,-2.015110711917051864e-02,2.304577364753572152e-02,4.880368145497663845e-01,8.722860161578345206e-01
5.249464544162692502e+06,-4.657218672745468793e+05,-5.397144379076846690e+02,-2.263562291654521719e+00,-3.044038450415115449e+00,3.699946047421229789e-01,-1.982795798442434088e-02,2.261858576400562967e-02,4.879680406810191218e-01,8.723430770400557588e-01
5.249464499069864862e+06,-4.657219285887820297e+05,-5.397070686109434519e+02,-2.266243368968825944e+00,-3.053458596272659697e+00,3.724441034294629360e-01,-1.952928221633510458e-02,2.222210011041855435e-02,4.879179777744607205e-01,8.723880062702606963e-01
5.249464453932566568e+06,-4.657219900924133253e+05,-5.396996556247664785e+02,-2.268058722476891109e+00,-3.062814054417700049e+00,3.745643097954718392e-01,-1.918817761132287497e-02,2.185801322036752883e-02,4.878501224833997618e-01,8.724427202932736325e-01
5.249464408751923591e+06,-4.657220517765207333e+05,-5.396922060105970331e+02,-2.270690136239406076e+00,-3.071250574597723215e+00,3.762927542782795176e-01,-1.889723362721145578e-02,2.149792241790264916e-02,4.877637037981832902e-01,8.725063347865679164e-01
5.249464363529087976e+06,-4.657221136352934409e+05,-5.396847153220267046e+02,-2.272320245953394213e+00,-3.080135776791153912e+00,3.788782203862700038e-01,-1.861095018530191728e-02,2.117298152392470267e-02,4.876843204776946106e-01,8.725648067756377468e-01
5.249464318266514689e+06,-4.657221756744767190e+05,-5.396771794378482809e+02,-2.274746681141139870e+00,-3.089085527768821837e+00,3.810137112703494422e-01,-1.826522625979600314e-02,2.085005385017976720e-02,4.876069113423702195e-01,8.726231476647685614e-01
5.249464272963242605e+06,-4.657222378936634632e+05,-5.396696008419892223e+02,-2.276415690623185828e+00,-3.098025314419049714e+00,3.833530434057214609e-01,-1.793260917148552583e-02,2.054770297091802755e-02,4.875102491702717478e-01,8.726912234190260520e-01
5.249464227618776262e+06,-4.657223002859106637e+05,-5.396619809787974873e+02,-2.278997385948660082e+00,-3.106126326694273576e+00,3.853173477541846359e-01,-1.765837897647052832e-02,2.030044653470991500e-02,4.874532997840955173e-01,8.727344126892754295e-01
5.249464182231274433e+06,-4.657223628432508558e+05,-5.396543155649915207e+02,-2.280838720202496894e+00,-3.114302468279882774e+00,3.881310135878301981e-01,-1.731288850491736336e-02,2.002607363728263479e-02,4.874478340845285196e-01,8.727507263492557676e-01
5.249464136810686439e+06,-4.657224255662671058e+05,-5.396466082399906554e+02,-2.282370123490522040e+00,-3.122556999230187369e+00,3.896964826978017715e-01,-1.699342881179815787e-02,1.971124024701107966e-02,4.873918608663306840e-01,8.727954315657328044e-01
5.249464091357117519e+06,-4.657224884506228263e+05,-5.396388796404644381e+02,-2.284261653486759247e+00,-3.130220003642312676e+00,3.904150362508712058e-01,-1.671659572850447972e-02,1.940235092753433629e-02,4.873626304858756919e-01,8.728240209900066660e-01
5.249464045865180902e+06,-4.657225514962557354e+05,-5.396311290894674357e+02,-2.286299382675289760e+00,-3.138508766414756401e+00,3.920978707693122955e-01,-1.641725708187508070e-02,1.903543309772500261e-02,4.873148636457820815e-01,8.728644514586623160e-01
5.249464000336008146e+06,-4.657226147074345499e+05,-5.396233515776985996e+02,-2.288045208149953158e+00,-3.146655333798201060e+00,3.932937269658957624e-01,-1.611310203505397776e-02,1.870958749343752323e-02,4.872411216022429770e-01,8.729183293282102296e-01
5.249463954773286358e+06,-4.657226780744608259e+05,-5.396155475318208801e+02,-2.289737806050852864e+00,-3.153946471959773401e+00,3.949582659241847038e-01,-1.580907899316234475e-02,1.836612496475731673e-02,4.871600660007408545e-01,8.729764198044658308e-01
5.249463909177460708e+06,-4.657227415888630785e+05,-5.396077196844048558e+02,-2.291486404164408963e+00,-3.161187295480792248e+00,3.958434297127333967e-01,-1.552244934631123729e-02,1.807095662067242925e-02,4.871402956823934205e-01,8.729987556526558334e-01
5.249463863545235246e+06,-4.657228052492121351e+05,-5.395998776638587060e+02,-2.293503073272380899e+00,-3.168340854531411566e+00,3.965381126857600025e-01,-1.524834236089406443e-02,1.777773040277390304e-02,4.870881261160794340e-01,8.730387154641556791e-01
5.249463817878808826e+06,-4.657228690498570213e+05,-5.395920185794497002e+02,-2.295014326774824198e+00,-3.175052743694916302e+00,3.977321912844791751e-01,-1.500358233094273991e-02,1.746870013712139430e-02,4.870344256134006011e-01,8.730791523303761403e-01
5.249463772184737958e+06,-4.657229329861486913e+05,-5.395841344045788901e+02,-2.296395600434237849e+00,-3.181717900752238037e+00,3.992400371506506507e-01,-1.476258429379203457e-02,1.717112868837255765e-02,4.870202439157542695e-01,8.730970744334101141e-01
5.249463726461989805e+06,-4.657229970600653905e+05,-5.395762259165514934e+02,-2.297982375797944066e+00,-3.188670282784361820e+00,4.003539914045473047e-01,-1.446811408514352484e-02,1.686013452264908258e-02,4.869693671082203634e-01,8.731364417708147307e-01
5.249463680712391622e+06,-4.657230612731295405e+05,-5.395682975426018402e+02,-2.299154633710768447e+00,-3.195531231764247249e+00,4.013982583034942375e-01,-1.418461886481606898e-02,1.662522180566914157e-02,4.869213966641918745e-01,8.731723500863628473e-01
5.249464298795226961e+06,-4.657220981695385417e+05,-5.398053262325388459e+02,-2.207993128349419187e+00,-2.835258708065379274e+00,3.612565694569681018e-01,-1.206285336697990665e-02,1.518526538578119159e-02,4.614737658747259941e-01,8.875738307949448958e-01
5.249464254706755280e+06,-4.657221550779538811e+05,-5.397981496857379398e+02,-2.209309668699393381e+00,-2.841111866915845496e+00,3.628293533172365914e-01,-1.179275159777412769e-02,1.491034227321400701e-02,4.611560062670252980e-01,8.871154101278617699e-01
5.249464210592975840e+06,-4.657222120969376410e+05,-5.397909479722832202e+02,-2.210582781403741315e+00,-2.846260515746899422e+00,3.638973363307311804e-01,-1.152385311827475688e-02,1.469449545376166205e-02,4.611219852257094631e-01,8.871402299792484625e-01
5.249464166451954283e+06,-4.657222692199610756e+05,-5.397837344537248327e+02,-2.212073219892295217e+00,-2.851488479542216403e+00,3.641024147615274376e-01,-1.130885623110573085e-02,1.449944083701364128e-02,4.610353270856502594e-01,8.871912440121174637e-01
5.249464122284149751e+06,-4.657223264401627239e+05,-5.397765109593956367e+02,-2.213319716921016145e+00,-2.855924889478842044e+00,3.650151446581078596e-01,-1.106883187745704572e-02,1.428427873920415196e-02,4.609672683515861902e-01,8.872331250190775842e-01
5.249464078084962443e+06,-4.657223837582331034e+05,-5.397692687837678704e+02,-2.215274317043143704e+00,-2.861208482808951015e+00,3.660855905730032722e-01,-1.086345854496287983e-02,1.410693185251034668e-02,4.609077790608329672e-01,8.872694062230249701e-01
5.249464033853664994e+06,-4.657224411702335346e+05,-5.397620066381575725e+02,-2.216612725876866641e+00,-2.865225881653934437e+00,3.671266487048004956e-01,-1.058882271327974203e-02,1.398063484468263333e-02,4.608666975820371881e-01,8.872960644648134609e-01
5.249463989599847235e+06,-4.657224986612846842e+05,-5.397547321445794068e+02,-2.217593913327660093e+00,-2.869049033309470698e+00,3.674171491670765732e-01,-1.033725284931297748e-02,1.383001012669004409e-02,4.608179328631492599e-01,8.873267183187408813e-01
5.249463945317432284e+06,-4.657225562387324171e+05,-5.397474510054369148e+02,-2.219563305584618895e+00,-2.873755392499015571e+00,3.678826671580616159e-01,-1.011154997733721382e-02,1.372412073716563867e-02,4.607935425080526559e-01,8.873436293308939460e-01
5.249463901001138613e+06,-4.657226139066434116e+05,-5.397401685466625167e+02,-2.221038198542388376e+00,-2.878046404598436858e+00,3.676314224864709046e-01,-9.896743488793571103e-03,1.355471762784551948e-02,4.607152674051772090e-01,8.873892982999195267e-01
5.249463856653499417e+06,-4.657226716592175653e+05,-5.397328887916689837e+02,-2.222764955600482484e+00,-2.882151367154566213e+00,3.676965631607004292e-01,-9.711295288954861771e-03,1.341423444980940731e-02,4.606300612281873930e-01,8.874377138738931414e-01
5.249463812268585898e+06,-4.657227295023784391e+05,-5.397255965721819848e+02,-2.224833130309479046e+00,-2.887030497102203164e+00,3.689942239010244873e-01,-9.532228953122853440e-03,1.328939053631897523e-02,4.605703598984917102e-01,8.874725193178316651e-01
5.249463767851976678e+06,-4.657227874384044553e+05,-5.397182890812304095e+02,-2.225962591180771444e+00,-2.891433738641070672e+00,3.693187967638808522e-01,-9.391969129193251595e-03,1.311298641233207829e-02,4.604921718323056745e-01,8.875172113425470188e-01
5.249463723408602178e+06,-4.657228454592894414e+05,-5.397109787134609178e+02,-2.227594411636386162e+00,-2.895422989007153447e+00,3.693689949308061049e-01,-9.207514332310559255e-03,1.297169389261115455e-02,4.604553803191797634e-01,8.875403088391426998e-01
5.249463678927793168e+06,-4.657229035676221829e+05,-5.397036675045196716e+02,-2.229783855403751680e+00,-2.900092357858786940e+00,3.694918635672002627e-01,-9.062085565369451881e-03,1.281100887295210516e-02,4.604017962431090627e-01,8.875719367530908732e-01
5.249463634416543879e+06,-4.657229617634512833e+05,-5.396963549239349049e+02,-2.230685413359994484e+00,-2.904144789617719269e+00,3.695993454494801989e-01,-8.915438099380848525e-03,1.263270118735564627e-02,4.603719445339571337e-01,8.875914616218052444e-01
5.249463589891145006e+06,-4.657230200402582414e+05,-5.396890440466329437e+02,-2.231222787014055520e+00,-2.908203521589786789e+00,3.694122965061542030e-01,-8.777151066075877806e-03,1.242010682811926087e-02,4.603374989210338719e-01,8.876137053247565856e-01
5.249463545351888053e+06,-4.657230783891331521e+05,-5.396817269772960799e+02,-2.232115442859496479e+00,-2.911328734281288799e+00,3.703420516181316069e-01,-8.616567587792505964e-03,1.223207489730466190e-02,4.602490437651427513e-01,8.876637590004436973e-01
5.249463500786876306e+06,-4.657231368003036478e+05,-5.396743966476658443e+02,-2.233914464423698121e+00,-2.914292404101436862e+00,3.708424241158361223e-01,-8.519181629751961318e-03,1.205716371179273508e-02,4.602013855260251862e-01,8.876918008684293593e-01
5.249463456192590296e+06,-4.657231952827969799e+05,-5.396670511559091210e+02,-2.235087244528499717e+00,-2.918442832929071695e+00,3.719977641450525341e-01,-8.333006771028101181e-03,1.184353983693510297e-02,4.601603254472749760e-01,8.877177291591377140e-01
5.249463411574958824e+06,-4.657232538465192192e+05,-5.396596812410999746e+02,-2.236305514323825072e+00,-2.922375267719609315e+00,3.734257641010955142e-01,-8.132321801002590292e-03,1.168068611339632100e-02,4.601273921775491105e-01,8.877388186256998104e-01
5.249463366939072497e+06,-4.657233124907850288e+05,-5.396522908162698968e+02,-2.236923279488592264e+00,-2.926532208010500291e+00,3.741689020671294941e-01,-7.964934612922452278e-03,1.150278575750223950e-02,4.600919891672163864e-01,8.877610080690621075e-01
5.249463322286820970e+06,-4.657233712139288546e+05,-5.396448891391198686e+02,-2.237984651704170602e+00,-2.930242737204566517e+00,3.746564718017594275e-01,-7.820107003095058684e-03,1.135665219956853017e-02,4.600470512960558866e-01,8.877874650917887411e-01
5.249463277615846135e+06,-4.657234300099826651e+05,-5.396374762871670328e+02,-2.238834187329758141e+00,-2.933812760417933596e+00,3.754042933214589706e-01,-7.692589610494234703e-03,1.118540312097180550e-02,4.600090552971607960e-01,8.878104415163278196e-01
5.249463232924396172e+06,-4.657234888737287256e+05,-5.396300497258762334e+02,-2.240123789157399070e+00,-2.936917366505444438e+00,3.761444067034390160e-01,-7.548259686707200523e-03,1.103775645721755475e-02,4.599899453534319615e-01,8.878234295615614613e-01
5.249463188207474537e+06,-4.657235478008922655e+05,-5.396226072101475211e+02,-2.241455141542127105e+00,-2.940085988031569730e+00,3.771227036274526490e-01,-7.388314669038588411e-03,1.090856096672545607e-02,4.599436581785955047e-01,8.878503520296633367e-01
5.249463143468509428e+06,-4.657236067921867361e+05,-5.396151465012331983e+02,-2.242401697269412963e+00,-2.943265255329969410e+00,3.780855953240315759e-01,-7.247764330937051490e-03,1.077843883049464484e-02,4.599372217655630646e-01,8.878564339995351773e-01
5.249463098713508807e+06,-4.657236658480156329e+05,-5.396076723407363716e+02,-2.243083450756540476e+00,-2.946557041533374832e+00,3.785891150073083522e-01,-7.072855239858606355e-03,1.059997284314769146e-02,4.598854645089451854e-01,8.878868030410711487e-01
5.249463053941860795e+06,-4.657237249668249860e+05,-5.396001863129645244e+02,-2.244156734289710631e+00,-2.949472969419442592e+00,3.793908470115425202e-01,-6.928293887169808402e-03,1.047623743200877360e-02,4.598808522475809624e-01,8.878918003415644522e-01
5.249463009149199352e+06,-4.657237841473503504e+05,-5.395926905058532839e+02,-2.245237540088183881e+00,-2.952692311730962693e+00,3.796635486466857778e-01,-6.794705417731252209e-03,1.037085891905641967e-02,4.598418631237569665e-01,8.879142629578287149e-01
5.249462964336359873e+06,-4.657238433860004880e+05,-5.395851870295042545e+02,-2.246260593630097890e+00,-2.955199630329955252e+00,3.802671943784277087e-01,-6.633523616544669162e-03,1.027850778530636083e-02,4.598128883251756394e-01,8.879315607363535978e-01
5.249462919504234567e+06,-4.657239026748436154e+05,-5.395776801133229128e+02,-2.247250226432748299e+00,-2.957627039844238581e+00,3.800885106426945548e-01,-6.552534195060454383e-03,1.016300239705937754e-02,4.597830583564114226e-01,8.879489383426392157e-01
5.249462874642507173e+06,-4.657239620183908264e+05,-5.395701774110897304e+02,-2.249339395395996810e+00,-2.960520930729397815e+00,3.799164168781434259e-01,-6.491574161629629774e-03,1.008842358169909428e-02,4.597349764523235849e-01,8.879751318465515242e-01
5.249462829748183489e+06,-4.657240214184545330e+05,-5.395626756454754513e+02,-2.250602763447151933e+00,-2.963173372791263471e+00,3.800755651864815010e-01,-6.419977506064605474e-03,1.002483479810081443e-02,4.597119670216844867e-01,8.879882849050587668e-01
5.249462784831479192e+06,-4.657240808763785171e+05,-5.395551812462197177e+02,-2.251623154488932244e+00,-2.966270189134010415e+00,3.792189240425956620e-01,-6.373332739359206453e-03,9.981976039757639932e-03,4.596786432107743958e-01,8.880063546690368792e-01
5.249462739898795262e+06,-4.657241403961124597e+05,-5.395476973143438499e+02,-2.252190690316461019e+00,-2.969403856134436470e+00,3.790911859672964068e-01,-6.347135578439365260e-03,9.929275824876990925e-03,4.596147251855208782e-01,8.880402175082375837e-01
5.249462694947225973e+06,-4.657241999733162229e+05,-5.395402226263454395e+02,-2.253594106796416252e+00,-2.971924936691708208e+00,3.783437706889630769e-01,-6.330010691339811417e-03,9.847644189209242907e-03,4.595632737252825506e-01,8.880678760532508820e-01
5.249462649977591820e+06,-4.657242596051505534e+05,-5.395327472744523902e+02,-2.254023896020901585e+00,-2.974864038244926068e+00,3.792566042910584523e-01,-6.321441599710445926e-03,9.785302558383435906e-03,4.595561135137569142e-01,8.880723314713480088e-01
5.249462604997832328e+06,-4.657243192941128509e+05,-5.395252572667898221e+02,-2.254635049846957617e+00,-2.977631242224177743e+00,3.799014016591634180e-01,-6.313125695149062605e-03,9.717178831101744643e-03,4.595259025970819255e-01,8.880887713970477826e-01
5.249462559999234043e+06,-4.657243790448793443e+05,-5.395177508753398570e+02,-2.255948150374443184e+00,-2.981014215647365351e+00,3.809981434975195369e-01,-6.341536009072757350e-03,9.649920249145866463e-03,4.594899263828916003e-01,8.881079166801194580e-01
5.249462514979269356e+06,-4.657244388521697838e+05,-5.395102263593455518e+02,-2.256831331083296366e+00,-2.983220036675760412e+00,3.817989667198915527e-01,-6.395950794795784815e-03,9.613053427525964159e-03,4.594470153940060086e-01,8.881301262865415325e-01
5.249462469935783185e+06,-4.657244987080537248e+05,-5.395026871343389985e+02,-2.258377322392908226e+00,-2.985775107614182744e+00,3.825439802436496062e-01,-6.461979581334050850e-03,9.607729000544792258e-03,4.593909676492862748e-01,8.881586982962168531e-01
5.249462424873377196e+06,-4.657245586196278455e+05,-5.394951297409215840e+02,-2.258693129817033629e+00,-2.988862329175674404e+00,3.837093091511120102e-01,-6.513306053034368520e-03,9.586451225658650793e-03,4.593492488150122122e-01,8.881801306939108853e-01
5.249462379794534296e+06,-4.657246185825500870e+05,-5.394875519037923368e+02,-2.260146448635360628e+00,-2.990742824136287670e+00,3.846787585497649098e-01,-6.540410310577182869e-03,9.578400531189691994e-03,4.593204130355903470e-01,8.881949310788789242e-01
5.249462334690852091e+06,-4.657246785923503921e+05,-5.394799561390375402e+02,-2.261225620562009819e+00,-2.993502842206664738e+00,3.855927437761262344e-01,-6.566863027535713333e-03,9.555754642516636754e-03,4.592887496872911091e-01,8.882113534631942420e-01
5.249462289570877329e+06,-4.657247386621839250e+05,-5.394723374566548273e+02,-2.261757876777038323e+00,-2.996794931481486124e+00,3.870680264885248412e-01,-6.650729678970465110e-03,9.555158693773465120e-03,4.592671382288028847e-01,8.882219106864622793e-01
5.249462244439504109e+06,-4.657247987945856294e+05,-5.394647015702685167e+02,-2.262383636256338981e+00,-2.999752727720698342e+00,3.873704902794822269e-01,-6.729762985403960930e-03,9.557579561695943304e-03,4.592638952349344938e-01,8.882229661730925985e-01
5.249462199287035502e+06,-4.657248589859697968e+05,-5.394570531722461055e+02,-2.263958063137985199e+00,-3.002578045305130505e+00,3.884120931145959021e-01,-6.779718893995286336e-03,9.541461837631519047e-03,4.592483838179346467e-01,8.882307797065701616e-01
5.249462154106969014e+06,-4.657249192461561761e+05,-5.394493871049949121e+02,-2.265114304886951757e+00,-3.006695878492712470e+00,3.892141883403545943e-01,-6.841849027468749171e-03,9.540936793913958741e-03,4.592188316600445130e-01,8.882455878932951077e-01
5.249462108901905827e+06,-4.657249795800149441e+05,-5.394417042022596434e+02,-2.266499182603321394e+00,-3.009898170715918475e+00,3.901747756483708862e-01,-6.868760712268225967e-03,9.581662133832900829e-03,4.591935244873675548e-01,8.882580250581425529e-01
5.249462063670789823e+06,-4.657250399792260141e+05,-5.394340142476215760e+02,-2.267754059087073060e+00,-3.013193513860160877e+00,3.899552556809851578e-01,-6.939828803218638618e-03,9.602731247508902029e-03,4.591830349480511275e-01,8.882626677267246862e-01
5.249463341969355941e+06,-4.657230702997116605e+05,-5.397109100317500179e+02,-2.063169541710814681e+00,-2.365079041049622521e+00,3.360462894993894167e-01,-4.023547849841222282e-03,7.041828188927777045e-03,4.156694374548683957e-01,9.111668542440111151e-01
5.249463300704297610e+06,-4.657231176261475193e+05,-5.397042583423574342e+02,-2.063987298920582969e+00,-2.366978344841431436e+00,3.369821686483777667e-01,-4.085116209388645926e-03,7.019269375279171309e-03,4.149760197018158014e-01,9.097961006488470836e-01
5.249463259420145303e+06,-4.657231649920027121e+05,-5.396975996710312984e+02,-2.065042944532996749e+00,-2.369088545437878501e+00,3.367919649440799801e-01,-4.084689666224605720e-03,6.979506380522810215e-03,4.149454070904791125e-01,9.098103708662947930e-01
5.249463218115195632e+06,-4.657232123977162410e+05,-5.396909399106829142e+02,-2.066044196625679508e+00,-2.371007959821727962e+00,3.371484338725705965e-01,-4.139039969730205597e-03,6.951328240244730033e-03,4.149407162333516030e-01,9.098124803473857103e-01
5.249463176789495163e+06,-4.657232598361743148e+05,-5.396842688276436775e+02,-2.067114618015474470e+00,-2.372370685024432380e+00,3.379857080818427506e-01,-4.150013159710817627e-03,7.006197898181447219e-03,4.149283719117447533e-01,9.098176392908222665e-01
5.249463135444011539e+06,-4.657233073068144149e+05,-5.396775844960876611e+02,-2.067970188499409723e+00,-2.374311246171464163e+00,3.385261909515601686e-01,-4.184079885685850451e-03,7.047926919948261162e-03,4.148780554120725661e-01,9.098401064688955708e-01
5.249463094079523347e+06,-4.657233548121981439e+05,-5.396708829088006496e+02,-2.068992830595530741e+00,-2.375883572930780119e+00,3.397866145467095533e-01,-4.219188421249252079e-03,7.081740025204145625e-03,4.148481190434325505e-01,9.098533318802367598e-01
5.249463052691944875e+06,-4.657234023542660871e+05,-5.396641552830556066e+02,-2.070250043558914399e+00,-2.378029895568278818e+00,3.412105704403537998e-01,-4.227122868005205730e-03,7.125332611077333546e-03,4.148314377350613702e-01,9.098605603795711927e-01
5.249463011282199994e+06,-4.657234499381847563e+05,-5.396574024465305683e+02,-2.071163148871388859e+00,-2.380142963433472758e+00,3.423771396661511313e-01,-4.269157588606567987e-03,7.178358212687488416e-03,4.148145748075489081e-01,9.098676354251582499e-01
5.249462969857719727e+06,-4.657234975650795968e+05,-5.396506243050522471e+02,-2.071628812876663783e+00,-2.382478145570453787e+00,3.438183166945360525e-01,-4.285124173691361171e-03,7.241950927730889109e-03,4.147604524789610947e-01,9.098917292277408642e-01
5.249462928424121812e+06,-4.657235452315739240e+05,-5.396438138626016325e+02,-2.072010675240671951e+00,-2.384207539678534715e+00,3.457025822048938601e-01,-4.352291001985986348e-03,7.258599612911911456e-03,4.147305695020429561e-01,9.099048988851580200e-01
5.249462886975532398e+06,-4.657235929308764753e+05,-5.396369577976073515e+02,-2.073097471238307676e+00,-2.385805570148069155e+00,3.484925830857136808e-01,-4.472676582076066248e-03,7.315616375804519927e-03,4.146927562143509771e-01,9.099210926583581882e-01
5.249462845500432886e+06,-4.657236406629013363e+05,-5.396300479676219766e+02,-2.074647836984514271e+00,-2.387497099919557719e+00,3.511847791584630230e-01,-4.585644818178128378e-03,7.402367005788050569e-03,4.146537085421083124e-01,9.099376235855896056e-01
5.249462803993699141e+06,-4.657236884335412178e+05,-5.396230929085156731e+02,-2.076227272742835694e+00,-2.389713511748108310e+00,3.530973674751545222e-01,-4.706899825813932493e-03,7.491910998673027150e-03,4.146215873424596854e-01,9.099509083864019132e-01
5.249462762455701828e+06,-4.657237362462080782e+05,-5.396160947805450405e+02,-2.077736689191497899e+00,-2.391753510635164393e+00,3.555930915248249891e-01,-4.816900420156035659e-03,7.576727256906929005e-03,4.145725967859745231e-01,9.099719515834298056e-01
5.249462720886266790e+06,-4.657237840988875250e+05,-5.396090498541254874e+02,-2.079353828615436939e+00,-2.393736649205651545e+00,3.578744159057170027e-01,-4.891032806800765104e-03,7.671524403229192969e-03,4.145507206497617836e-01,9.099807281037245454e-01
5.249462679283137433e+06,-4.657238319941940135e+05,-5.396019616159652514e+02,-2.081063044756660485e+00,-2.396081568797419958e+00,3.600232475819736266e-01,-4.967203737085375270e-03,7.733011511132847557e-03,4.144986985451707406e-01,9.100034924792222979e-01
5.249462637649068609e+06,-4.657238799426907790e+05,-5.395948261979611971e+02,-2.082343358606658867e+00,-2.399215270807059763e+00,3.627040267844436894e-01,-5.091888886850384072e-03,7.789526543345849825e-03,4.144464019332843585e-01,9.100261402115970011e-01
5.249462595985732041e+06,-4.657239279506438179e+05,-5.395876403973181823e+02,-2.083925071122018746e+00,-2.402123788054768116e+00,3.651675676779166380e-01,-5.227274060977237652e-03,7.843852459798569127e-03,4.144257891450554565e-01,9.100342932417926356e-01
5.249462554284987971e+06,-4.657239760104030138e+05,-5.395804021981293772e+02,-2.086084365671450502e+00,-2.404392799269244652e+00,3.680670478133212242e-01,-5.327837107841093024e-03,7.903289454040235071e-03,4.144119156363131884e-01,9.100395136181210765e-01
5.249462512549291365e+06,-4.657240241167555214e+05,-5.395731037467988926e+02,-2.087349067450514184e+00,-2.406891226503836023e+00,3.713282921459655772e-01,-5.416319954329295444e-03,7.962016547484037851e-03,4.143768468900304591e-01,9.100544481141170650e-01
5.249462470786709338e+06,-4.657240722763914382e+05,-5.395657444169399923e+02,-2.088673248707588304e+00,-2.409873614978830236e+00,3.742827398559875340e-01,-5.500413982827225857e-03,8.015380327131282900e-03,4.143295554616198695e-01,9.100750071260444996e-01
5.249462428998015821e+06,-4.657241204948271625e+05,-5.395583339278214225e+02,-2.089864776232581267e+00,-2.412920189253268788e+00,3.765597467457805769e-01,-5.532728976098683429e-03,8.050438730334187262e-03,4.143132756832034747e-01,9.100819133129512961e-01
5.249462387182220817e+06,-4.657241687766071409e+05,-5.395508797193630244e+02,-2.091261402259966484e+00,-2.416393281133371485e+00,3.787607062254820245e-01,-5.518774071110004766e-03,8.146892860638545869e-03,4.142722192675669657e-01,9.100998294764991448e-01
5.249462345333172008e+06,-4.657242171212944086e+05,-5.395433793248197389e+02,-2.093118424483364048e+00,-2.419326609421050378e+00,3.813107464196524576e-01,-5.537023772981073538e-03,8.154094448994340591e-03,4.142240406450750645e-01,9.101215832314919485e-01
5.249462303446607664e+06,-4.657242655213190592e+05,-5.395358330095328938e+02,-2.094964078989959066e+00,-2.422004771390081856e+00,3.834710561225233572e-01,-5.507388738159237074e-03,8.201117110595361817e-03,4.141989387664430367e-01,9.101327647507985175e-01
5.249462261533175595e+06,-4.657243139780347119e+05,-5.395282545305497024e+02,-2.095675576241991855e+00,-2.425192816051197742e+00,3.846089264250542317e-01,-5.498009871830694326e-03,8.259595683226532425e-03,4.142046347473804513e-01,9.101297003841746225e-01
5.249462219598211348e+06,-4.657243624911207007e+05,-5.395206540514215021e+02,-2.097060101524474085e+00,-2.427730401199830634e+00,3.857601788916161789e-01,-5.497066715219105400e-03,8.286301481521084547e-03,4.142087841115528191e-01,9.101275749208020960e-01
5.249462177635597996e+06,-4.657244110571653582e+05,-5.395130281704994104e+02,-2.098337427142449307e+00,-2.430643546627071050e+00,3.872412321617487163e-01,-5.486196870509524315e-03,8.356545440805324479e-03,4.141834329475289622e-01,9.101385354248622273e-01
5.249462135651818477e+06,-4.657244596759913256e+05,-5.395053763368705404e+02,-2.099070745122566528e+00,-2.433170392016626327e+00,3.884463933808356417e-01,-5.444544709050501419e-03,8.405261970453251422e-03,4.141774400732990968e-01,9.101410641433591575e-01
5.249462093645535409e+06,-4.657245083499675966e+05,-5.394977017888779756e+02,-2.100498492322611099e+00,-2.436288968915868214e+00,3.895920636599225495e-01,-5.458954582157638305e-03,8.479919612329123862e-03,4.141884329822392297e-01,9.101352826716001543e-01
5.249462051608132198e+06,-4.657245570832960657e+05,-5.394900091035615333e+02,-2.102076245869291871e+00,-2.439264462271861778e+00,3.903311190670123998e-01,-5.456496936120349556e-03,8.537983917160691869e-03,4.141432758579485229e-01,9.101553035254377200e-01
5.249462009540659375e+06,-4.657246058807597146e+05,-5.394823000478114636e+02,-2.103351194715266548e+00,-2.442937002441957439e+00,3.913115401702437213e-01,-5.437776102494139979e-03,8.582794921701971183e-03,4.141179110778377415e-01,9.101665352831670441e-01
5.249461967439034954e+06,-4.657246547460249276e+05,-5.394745740027506145e+02,-2.105434798274336661e+00,-2.446130344521566524e+00,3.921095866663932838e-01,-5.447843652653179720e-03,8.607391625869006621e-03,4.141271987724454151e-01,9.101620169224823309e-01
5.249461925299991854e+06,-4.657247036763674114e+05,-5.394668338399021650e+02,-2.106958432587761276e+00,-2.449642688114282763e+00,3.927888112223756889e-01,-5.443328902877795847e-03,8.686921051497677876e-03,4.141047824472527950e-01,9.101714875397806104e-01
5.249461883128088899e+06,-4.657247526746765361e+05,-5.394590729986896349e+02,-2.108597876824692907e+00,-2.453103227876945347e+00,3.942631000496615301e-01,-5.479286899830876356e-03,8.782636762131791619e-03,4.140898508063776684e-01,9.101771465868848665e-01
5.249461840925899334e+06,-4.657248017322605592e+05,-5.394512794473376971e+02,-2.109878845001996517e+00,-2.455721454642071588e+00,3.961586058184431436e-01,-5.527785726327018832e-03,8.884552638729342408e-03,4.140625934155582333e-01,9.101882646172599900e-01
5.249461798698502593e+06,-4.657248508449685760e+05,-5.394434508446508971e+02,-2.110976769769881134e+00,-2.458817154739701749e+00,3.978604373002958550e-01,-5.539417368078963615e-03,9.003309150135467565e-03,4.140499614556464314e-01,9.101927733739776372e-01
5.249461756448802538e+06,-4.657249000256533618e+05,-5.394355767747675827e+02,-2.111877638948417513e+00,-2.462857583664294747e+00,4.008387393502768625e-01,-5.546099187018792460e-03,9.130574270705734546e-03,4.140104029138857444e-01,9.102094592352235614e-01
5.249461714163443074e+06,-4.657249492765461910e+05,-5.394276392234962714e+02,-2.114504139566736107e+00,-2.465894529210709951e+00,4.043806870629659822e-01,-5.506874005147998491e-03,9.200301730046789653e-03,4.139893215741677346e-01,9.102185838655999506e-01
5.249461671835395508e+06,-4.657249985839573201e+05,-5.394196527604500488e+02,-2.116049914147665856e+00,-2.468640043029626252e+00,4.058161795562280072e-01,-5.503213417498533863e-03,9.324517987955823969e-03,4.139778876633816163e-01,9.102225423144567618e-01
5.249461629470868036e+06,-4.657250479549045558e+05,-5.394116357838038311e+02,-2.118008142574586916e+00,-2.472460805343450030e+00,4.075408415707299503e-01,-5.479891218463836186e-03,9.392744870693999285e-03,4.139491514686893803e-01,9.102350504897933625e-01
5.249461587074260227e+06,-4.657250973992516520e+05,-5.394035861023972984e+02,-2.119062875517490951e+00,-2.476260017149455983e+00,4.091812891699102561e-01,-5.446394742995987887e-03,9.521876132240064683e-03,4.139473131350734914e-01,9.102347458837236616e-01
5.249461544639679603e+06,-4.657251469150456251e+05,-5.393955056755742135e+02,-2.121750580124682095e+00,-2.479679696028890490e+00,4.107162428424935285e-01,-5.421217501960124384e-03,9.608504158333938325e-03,4.139440664187192254e-01,9.102354623568673642e-01
5.249461502155507915e+06,-4.657251964954995783e+05,-5.393873918239904697e+02,-2.123924480907877665e+00,-2.482864346636571629e+00,4.126389659668860954e-01,-5.449235618194196544e-03,9.669961950099474277e-03,4.139134602378709005e-01,9.102485622663422093e-01
5.249461459626414813e+06,-4.657252461357397842e+05,-5.393792386050149616e+02,-2.126186079782961258e+00,-2.485732526868301040e+00,4.147743280285150491e-01,-5.427356814040408366e-03,9.767352127839272133e-03,4.139047000975516477e-01,9.102516365679699240e-01
5.249461417055933736e+06,-4.657252958358931355e+05,-5.393710472278499992e+02,-2.127882175873126336e+00,-2.489115558331759015e+00,4.165604353882955690e-01,-5.439673830480161974e-03,9.860841369145079485e-03,4.138314457529083112e-01,9.102838613696137005e-01
5.249461374442216940e+06,-4.657253456002452294e+05,-5.393628245384320508e+02,-2.130417231414867274e+00,-2.492281277127736505e+00,4.180052535259357049e-01,-5.449030911452165150e-03,9.933369138071315718e-03,4.137765584452715584e-01,9.103079676290773969e-01
5.249461331785771064e+06,-4.657253954270785907e+05,-5.393545764127184157e+02,-2.132006913720173813e+00,-2.495574358604042864e+00,4.191947828208691940e-01,-5.421340638334421966e-03,1.002304682810133997e-02,4.137586723077667505e-01,9.103152798326268336e-01
5.249461289086514153e+06,-4.657254453207979677e+05,-5.393462963701764465e+02,-2.134612241057278759e+00,-2.499084727041838150e+00,4.213157465353279951e-01,-5.389409945281368325e-03,1.014330677208998346e-02,4.137419227648183595e-01,9.103217502311859999e-01
5.249461246330687776e+06,-4.657254952851166017e+05,-5.393379784712665241e+02,-2.137584109349908612e+00,-2.502746400655762482e+00,4.230968847016078893e-01,-5.404147634598183668e-03,1.019930054358959316e-02,4.137087360758586185e-01,9.103361198812505162e-01
5.249462802309946157e+06,-4.657233696299996227e+05,-5.396557974148809080e+02,-1.844545601797418666e+00,-1.872614513240112188e+00,3.640494073988387314e-01,-2.387852670390802103e-03,7.216885262034703104e-03,3.763120059747384616e-01,9.275750521292717155e-01
5.249462765364094637e+06,-4.657234070514024352e+05,-5.396485987752120081e+02,-1.846922138391073220e+00,-1.874802232962570203e+00,3.647226902819331595e-01,-2.408502081678566553e-03,7.292996038252593308e-03,3.758784216934221156e-01,9.266371584640600290e-01
5.249462728376131505e+06,-4.657234445077294949e+05,-5.396413888434495902e+02,-1.848718013951195616e+00,-1.876158256250513912e+00,3.652366879607906180e-01,-2.428732595865405481e-03,7.352020053713347048e-03,3.758391787974760256e-01,9.266525566546006676e-01
5.249462691346757114e+06,-4.657234820030544652e+05,-5.396341706183681026e+02,-1.850993277061078635e+00,-1.878799618914843705e+00,3.656013248991607512e-01,-2.463544848323406550e-03,7.434028945995029350e-03,3.758148599313034799e-01,9.266616735519189740e-01
5.249462654283277690e+06,-4.657235195482284180e+05,-5.396269399781326683e+02,-1.852011604943603729e+00,-1.881316361838276219e+00,3.665496802221548389e-01,-2.456340027439231008e-03,7.491513131814652067e-03,3.757873583208983237e-01,9.266723827579770312e-01
5.249462617193763144e+06,-4.657235571401324123e+05,-5.396196896373536447e+02,-1.853494865116350088e+00,-1.883624518389013902e+00,3.676496373033116272e-01,-2.401105065843497487e-03,7.554286116286327256e-03,3.757239057866242349e-01,9.266977468906452131e-01
5.249462580061099492e+06,-4.657235947783375741e+05,-5.396124125614597915e+02,-1.856286487627848869e+00,-1.886002950917884613e+00,3.693159382752256858e-01,-2.354514401809059375e-03,7.630261283799143202e-03,3.756927888656707015e-01,9.267098595488385548e-01
5.249462542877515778e+06,-4.657236324611300370e+05,-5.396051029698735420e+02,-1.858519746573524145e+00,-1.888183308492643153e+00,3.709981641469042302e-01,-2.322472929482071943e-03,7.677979623708477801e-03,3.756260292238834952e-01,9.267366081763174224e-01
5.249462505653942935e+06,-4.657236701856549480e+05,-5.395977631100145118e+02,-1.860190921050256518e+00,-1.890313093651266652e+00,3.724269550327048983e-01,-2.372374711164088566e-03,7.735266177548341671e-03,3.755528728389740944e-01,9.267656538815439715e-01
5.249462468394177034e+06,-4.657237079545094748e+05,-5.395903986330279167e+02,-1.862054492115581272e+00,-1.892742928634233435e+00,3.735441637860057451e-01,-2.325675075330677164e-03,7.771674415863302245e-03,3.755197888823236241e-01,9.267788735653557097e-01
5.249462431089999154e+06,-4.657237457669482683e+05,-5.395830058370647748e+02,-1.864607187685249912e+00,-1.894707400520100560e+00,3.753646487904686024e-01,-2.244930653247835181e-03,7.822238542283281235e-03,3.755090560940519406e-01,9.267829960022155866e-01
5.249462393738028593e+06,-4.657237836211464019e+05,-5.395755786724564587e+02,-1.866770588211925874e+00,-1.897009844765250142e+00,3.770791213065083913e-01,-2.181270194665194031e-03,7.900326459227694983e-03,3.754880294913708894e-01,9.267910048268572787e-01
5.249462356342110783e+06,-4.657238215216833050e+05,-5.395681252518463680e+02,-1.868940751061667349e+00,-1.899428818358228854e+00,3.780697905131644720e-01,-2.138353249839299811e-03,7.955830685875650218e-03,3.754891121343632565e-01,9.267901914075747927e-01
5.249462318906116299e+06,-4.657238594658434740e+05,-5.395606381636173410e+02,-1.870708623953837524e+00,-1.901478187524253016e+00,3.805759508515957901e-01,-2.042994302045369418e-03,7.998672269089679432e-03,3.754641901315309838e-01,9.268001345287921744e-01
5.249462281425731257e+06,-4.657238974489110988e+05,-5.395531157058510416e+02,-1.873352707687789831e+00,-1.903352190185412462e+00,3.816859201863224693e-01,-2.012684421121422283e-03,8.086200057309379449e-03,3.754336255354068230e-01,9.268118230281392478e-01
5.249462243892675266e+06,-4.657239354661174584e+05,-5.395455695005770167e+02,-1.875949706828703878e+00,-1.904919941192414923e+00,3.830325980805666664e-01,-2.040831388141026159e-03,8.182961773873417485e-03,3.753757414840680484e-01,9.268343578365632052e-01
5.249462206304115243e+06,-4.657239735170603963e+05,-5.395379945648484181e+02,-1.878890501023168014e+00,-1.906737116170806212e+00,3.846540790484175298e-01,-2.012106727999694433e-03,8.272511123304441064e-03,3.753369573712622698e-01,9.268493326503668417e-01
5.249462168663240038e+06,-4.657240116107695503e+05,-5.395304023615742608e+02,-1.881109674927260889e+00,-1.909296894172010095e+00,3.848140095215873968e-01,-2.006650112918596362e-03,8.327632791238664609e-03,3.753314246246065022e-01,9.268510913808167828e-01
5.249462130973758176e+06,-4.657240497495177551e+05,-5.395228052559677963e+02,-1.883728781716018652e+00,-1.911265633187341439e+00,3.852047073815267897e-01,-2.033256525415838220e-03,8.382702017747616433e-03,3.753276529787576976e-01,9.268520643021649352e-01
5.249462093235261738e+06,-4.657240879279065994e+05,-5.395152024162150610e+02,-1.885940065518870501e+00,-1.913354437977018652e+00,3.854355368578485375e-01,-2.071612572585376701e-03,8.479907103320149381e-03,3.752732508951248103e-01,9.268731233435304473e-01
5.249462055457950570e+06,-4.657241261484940769e+05,-5.395075897703859482e+02,-1.887509605614651198e+00,-1.915634033246210732e+00,3.862671028079728841e-01,-2.089338000006465360e-03,8.487611982698954269e-03,3.752403328228258728e-01,9.268863402543605634e-01
5.249462017642669380e+06,-4.657241644201138406e+05,-5.394999714641886612e+02,-1.889619040979519049e+00,-1.918622681705273836e+00,3.860367056055595825e-01,-2.120105164022904366e-03,8.576902821586808098e-03,3.752030281870354922e-01,9.269005499779672252e-01
5.249461979783206247e+06,-4.657242027454759227e+05,-5.394923523396857945e+02,-1.891862231320530441e+00,-1.921094068464605620e+00,3.864048453700438812e-01,-2.146361106183458135e-03,8.658002056466159585e-03,3.752115978058362389e-01,9.268962665933034861e-01
5.249461941875571385e+06,-4.657242411106800428e+05,-5.394847249786873817e+02,-1.894426351197901370e+00,-1.922607437803417918e+00,3.869196911722421195e-01,-2.159451636698392959e-03,8.757381270219783895e-03,3.751931496179377601e-01,9.269027702729075724e-01
5.249461903920320794e+06,-4.657242795147348079e+05,-5.394770893638744838e+02,-1.896544397764966972e+00,-1.925083899937988008e+00,3.872838008996949966e-01,-2.144795544111061884e-03,8.870232052986119428e-03,3.751876394942363357e-01,9.269039615970268153e-01
5.249461865918547846e+06,-4.657243179650666425e+05,-5.394694440946216218e+02,-1.899030427222820894e+00,-1.927298470959971421e+00,3.879560568782710051e-01,-2.103145468509967642e-03,8.949064507051169778e-03,3.751730949731366116e-01,9.269091864093167432e-01
5.249461827864832245e+06,-4.657243564548822469e+05,-5.394617862796995951e+02,-1.901713827777706811e+00,-1.929063672061293255e+00,3.886135495056041722e-01,-2.111818954913210686e-03,8.982107715078044979e-03,3.751297378690143236e-01,9.269263949990679263e-01
5.249461789756108075e+06,-4.657243949780375115e+05,-5.394540991450845695e+02,-1.904546607517561663e+00,-1.930602926226005822e+00,3.910170664381169003e-01,-2.092555248631499786e-03,9.044411304648329597e-03,3.751275322865325057e-01,9.269267254615030094e-01
5.249461751601232216e+06,-4.657244335344256833e+05,-5.394463810484634223e+02,-1.906245325505719013e+00,-1.932505179482521873e+00,3.917889272067919815e-01,-2.069872125828707641e-03,9.093656198523779322e-03,3.750881026381586714e-01,9.269422508028040131e-01
5.249461713405078277e+06,-4.657244721256687189e+05,-5.394386448746233782e+02,-1.908654811316149891e+00,-1.934115330955875622e+00,3.929221111500060259e-01,-2.037495954153727227e-03,9.112735891489668824e-03,3.750643184702696642e-01,9.269517590914773120e-01
5.249461675159003586e+06,-4.657245107573526911e+05,-5.394308831080350046e+02,-1.911151577970735538e+00,-1.936673032412247863e+00,3.944516852298283749e-01,-2.032044916346307205e-03,9.159533654074757114e-03,3.750078181422887846e-01,9.269741690504005316e-01
5.249461636857678182e+06,-4.657245494363263715e+05,-5.394230857340695593e+02,-1.914141833152992245e+00,-1.938902964533622653e+00,3.966159049524161651e-01,-2.024009062144279530e-03,9.161284380690666931e-03,3.749500765194842544e-01,9.269975266372759704e-01
5.249461598500141874e+06,-4.657245881641720771e+05,-5.394152570918033689e+02,-1.916689051726989446e+00,-1.941682240871412057e+00,3.976716588609756631e-01,-2.016684011350344200e-03,9.185932270205322478e-03,3.749219878108315251e-01,9.270086594568281990e-01
5.249461560083660297e+06,-4.657246269407106447e+05,-5.394074048582651812e+02,-1.920050415497735141e+00,-1.943745876847365661e+00,3.990774695027187735e-01,-2.036407771206706196e-03,9.220915841449397674e-03,3.749144236363197158e-01,9.270113282595300319e-01
5.249461521603458561e+06,-4.657246657577639562e+05,-5.393995209289738568e+02,-1.923042863228366928e+00,-1.945757181675677794e+00,4.009613593871697024e-01,-2.037709188135521880e-03,9.256537721642442429e-03,3.748743596391790889e-01,9.270271726077984331e-01
5.249461483067618683e+06,-4.657247046200812911e+05,-5.393916128620697918e+02,-1.925545650332824543e+00,-1.948377275370342554e+00,4.015807010927686660e-01,-2.020959089081948972e-03,9.233287164039464048e-03,3.748604912068114192e-01,9.270330491855636179e-01
5.249461444476563483e+06,-4.657247435361896059e+05,-5.393836900713997693e+02,-1.928509302689634941e+00,-1.951217921397017996e+00,4.025292523845707682e-01,-1.983934689360483759e-03,9.249376011741045761e-03,3.748500724507687343e-01,9.270371816965338185e-01
5.249461405827110633e+06,-4.657247825084676733e+05,-5.393757490149343994e+02,-1.931308533714623410e+00,-1.954110240990501346e+00,4.035059563225216750e-01,-1.976470152264540956e-03,9.243537004113393241e-03,3.748219321218168587e-01,9.270486340034879147e-01
5.249461367124374956e+06,-4.657248215320379823e+05,-5.393677895311557222e+02,-1.933794579666311408e+00,-1.956407416072277083e+00,4.044667088563083657e-01,-1.957633564088982411e-03,9.268765270293901834e-03,3.748281316616146053e-01,9.270459154724184359e-01
5.249461328366092406e+06,-4.657248606050863746e+05,-5.393598126117100264e+02,-1.936816684668953847e+00,-1.959124890203655989e+00,4.053412585716285044e-01,-1.956751711530460482e-03,9.287448708626896976e-03,3.748160163929544209e-01,9.270506287643501819e-01
5.249461289559622295e+06,-4.657248997239839518e+05,-5.393518239412903768e+02,-1.938526555162702669e+00,-1.961111338478520816e+00,4.057114846399456631e-01,-1.994262615299349783e-03,9.322797674426279435e-03,3.747972630486868795e-01,9.270577759716016608e-01
5.249461250710938126e+06,-4.657249388884990476e+05,-5.393438242182825206e+02,-1.940953624507950392e+00,-1.963811125397209700e+00,4.065405804940452339e-01,-1.993676239665012444e-03,9.324598601394690905e-03,3.747813866049324871e-01,9.270641775997791045e-01
5.249461211806191131e+06,-4.657249781024362310e+05,-5.393358194366558109e+02,-1.944112091821480925e+00,-1.966081350695475516e+00,4.062721554971898685e-01,-2.042208969080583792e-03,9.316357708078497682e-03,3.747506554125596967e-01,9.270765778227568754e-01
5.249461172843301669e+06,-4.657250173698696308e+05,-5.393278157424904293e+02,-1.946659461558361004e+00,-1.969318209871937508e+00,4.065025945918916417e-01,-2.098962369701612863e-03,9.309626550138899378e-03,3.747471496122412593e-01,9.270779358211850285e-01
5.249461133825754747e+06,-4.657250566959678545e+05,-5.393198097325392837e+02,-1.949518287782117110e+00,-1.972034733773973425e+00,4.065725501547563514e-01,-2.100313910699969349e-03,9.308892627627829083e-03,3.747335827499242433e-01,9.270834240657643832e-01
5.249461094749028794e+06,-4.657250960754939588e+05,-5.393117971211360100e+02,-1.952514855975264974e+00,-1.974745840925137497e+00,4.072425970322294808e-01,-2.067966744105478698e-03,9.378131154685382179e-03,3.747023375710006876e-01,9.270954278859646625e-01
5.249461055614124052e+06,-4.657251355054869782e+05,-5.393037695000663234e+02,-1.955304848686172825e+00,-1.977125183534196751e+00,4.081716791428035562e-01,-2.092973575826616132e-03,9.379895202077055683e-03,3.747076976086404221e-01,9.270931875485673990e-01
5.249461016428785399e+06,-4.657251749789296882e+05,-5.392957165046310593e+02,-1.957470012461025144e+00,-1.979218745102277133e+00,4.099059648304976822e-01,-2.130058757059679481e-03,9.386027897650041016e-03,3.746501506792163649e-01,9.271162979609346433e-01
5.249460977187481709e+06,-4.657252144999766024e+05,-5.392876368950879851e+02,-1.960884229347932051e+00,-1.981909436392238710e+00,4.109352684664954181e-01,-2.136679118155992638e-03,9.397976381443916977e-03,3.746454581226316694e-01,9.271180579456519411e-01
5.249460937882705592e+06,-4.657252540744272992e+05,-5.392795310185124436e+02,-1.963758794877186187e+00,-1.984651007503150266e+00,4.126692843853208559e-01,-2.066620198776336018e-03,9.397243828580906580e-03,3.746317144063633919e-01,9.271237778576050248e-01
5.249460898524459451e+06,-4.657252937067237799e+05,-5.392713967404430377e+02,-1.966100240640792363e+00,-1.987886013346110925e+00,4.138859722088927828e-01,-2.026274920962281480e-03,9.424819938479747986e-03,3.746212081088752810e-01,9.271278323042863034e-01
5.249462582783750258e+06,-4.657233520471729571e+05,-5.396118180531206008e+02,-1.609820860043738255e+00,-1.449175003087158187e+00,3.547798595372897434e-01,7.444558301959716337e-04,6.139508004029489534e-03,3.497592285809287271e-01,9.372766411549031673e-01
5.249462550545831211e+06,-4.657233810059147654e+05,-5.396048058108326586e+02,-1.612073379402773510e+00,-1.450110561382760510e+00,3.555859569047706836e-01,7.629323332417424887e-04,6.104220459310125135e-03,3.495869551802961994e-01,9.368837266162497457e-01
5.249462518265140243e+06,-4.657234099840135896e+05,-5.395977689834409148e+02,-1.614106666265279655e+00,-1.451106318548339047e+00,3.573456963271884890e-01,7.673451016528621323e-04,6.062738832350187713e-03,3.495695220382669111e-01,9.368904971473096532e-01
5.249462485944049433e+06,-4.657234389863540418e+05,-5.395907013428192158e+02,-1.616106864922683739e+00,-1.452552362872629343e+00,3.587651579965545068e-01,7.667618752727121912e-04,6.024961321678021578e-03,3.495712102113694986e-01,9.368901114390454365e-01
5.249462453580112197e+06,-4.657234680154431844e+05,-5.395836054397159387e+02,-1.618408974707750581e+00,-1.453761467636049964e+00,3.602717310190518551e-01,7.561802765650543464e-04,5.995234634548462713e-03,3.495858470757495784e-01,9.368848493176124004e-01
5.249462421170997433e+06,-4.657234970718440600e+05,-5.395764829582155926e+02,-1.620624071847751813e+00,-1.455286745163916207e+00,3.615102246189119128e-01,7.544689069755557490e-04,6.016797468031073910e-03,3.495993856609906358e-01,9.368796606148408479e-01
5.249462388731139712e+06,-4.657235261505550588e+05,-5.395693354681698111e+02,-1.621453301838980288e+00,-1.456039970696682007e+00,3.628646588653155480e-01,7.416123697396584868e-04,6.028315809976514048e-03,3.495691370490937033e-01,9.368908836389594486e-01
5.249462356263217516e+06,-4.657235552443307824e+05,-5.395621616704902408e+02,-1.623456774449931306e+00,-1.456756914949683956e+00,3.642349118289099352e-01,7.340650751293701726e-04,6.035533292768814444e-03,3.495779324473191063e-01,9.368875613623532939e-01
5.249462323761302046e+06,-4.657235843522012001e+05,-5.395549730208243773e+02,-1.624852101109806268e+00,-1.457449823976786352e+00,3.644079997243461766e-01,7.012769447556797472e-04,6.050490086426668288e-03,3.495717801229731858e-01,9.368897855805939923e-01
5.249462291229661554e+06,-4.657236134876551223e+05,-5.395477840162171788e+02,-1.626360697316021175e+00,-1.459621959275853698e+00,3.643251040450050660e-01,6.611110521733761132e-04,6.026199905539533427e-03,3.495361543824551664e-01,9.369032632186649057e-01
5.249462258667412214e+06,-4.657236426594614750e+05,-5.395406018960045458e+02,-1.627887989227352783e+00,-1.461125128133527129e+00,3.637616605073755727e-01,6.788711446590554041e-04,6.016631179088914420e-03,3.495514664186246678e-01,9.368975993198016550e-01
5.249462226072624326e+06,-4.657236718573092367e+05,-5.395334232211623657e+02,-1.629607629026530224e+00,-1.462234398220179532e+00,3.640394252527285324e-01,6.458282706869746632e-04,6.053844874751281892e-03,3.495473899463412137e-01,9.368989038594945917e-01
5.249462193446826190e+06,-4.657237010737994569e+05,-5.395262420033648141e+02,-1.630983916906904474e+00,-1.462994145508264898e+00,3.640683055037391980e-01,6.176594594989539720e-04,6.089316205075684732e-03,3.495415020646333026e-01,9.369008896690377286e-01
5.249462160797047429e+06,-4.657237303142769379e+05,-5.395190614508198905e+02,-1.631934530492915592e+00,-1.464733754825068957e+00,3.640187846681346984e-01,6.010640367304328265e-04,6.160875864366455699e-03,3.495274132956586732e-01,9.369056887909661402e-01
5.249462128119585104e+06,-4.657237595854996471e+05,-5.395118722654069643e+02,-1.633716715452036894e+00,-1.466118677763367906e+00,3.650084539450631493e-01,5.777149740743157871e-04,6.229912351426876958e-03,3.494620687182168339e-01,9.369296222065669477e-01
5.249462095406188630e+06,-4.657237888811845332e+05,-5.395046627961013428e+02,-1.635518861932741874e+00,-1.467190773588799457e+00,3.661296956764984456e-01,5.738208686429058193e-04,6.297090256182865699e-03,3.494340578075245118e-01,9.369396227246939990e-01
5.249462062661359087e+06,-4.657238182068386814e+05,-5.394974357223629795e+02,-1.636787296235548750e+00,-1.469219187801531934e+00,3.668372720568492951e-01,5.650282744030335784e-04,6.377235809114702517e-03,3.494234028993911667e-01,9.369430596979937409e-01
5.249462029891821556e+06,-4.657238475595532800e+05,-5.394901880236196803e+02,-1.637989356852553868e+00,-1.469896405919109972e+00,3.682893231634693509e-01,5.702892981155730000e-04,6.420524946333009721e-03,3.494423276534181499e-01,9.369357028511421381e-01
5.249461997080929577e+06,-4.657238769329111674e+05,-5.394829115716730712e+02,-1.640958279028023492e+00,-1.471233267612261031e+00,3.698138152478412932e-01,5.995320850221470431e-04,6.459204542150719791e-03,3.494346737652457291e-01,9.369382733199933533e-01
5.249461964218197390e+06,-4.657239063367507770e+05,-5.394756044505770660e+02,-1.643155889396570979e+00,-1.472971284653330049e+00,3.714594444618551927e-01,6.641888321298855232e-04,6.529096343976860742e-03,3.494252202116121531e-01,9.369412709649902471e-01
5.249461931313510053e+06,-4.657239357695112121e+05,-5.394682626285942888e+02,-1.645162206393125048e+00,-1.474116677045936852e+00,3.734008233397755894e-01,7.012615234203507970e-04,6.560493975718401614e-03,3.494259306051204494e-01,9.369407596935003246e-01
5.249461898365772329e+06,-4.657239652318772278e+05,-5.394608893627433872e+02,-1.647431590546392544e+00,-1.475979997139508004e+00,3.747023004383168709e-01,7.620333107313073976e-04,6.593996969389350447e-03,3.493834895545410157e-01,9.369563040713979607e-01
5.249461865370500833e+06,-4.657239947271742276e+05,-5.394534867099260964e+02,-1.649926926720870712e+00,-1.477396179699295820e+00,3.764507878828525778e-01,8.360405088599508379e-04,6.647283511978708051e-03,3.493683812978010672e-01,9.369614980407083848e-01
5.249461832325635478e+06,-4.657240242456530686e+05,-5.394460472678350698e+02,-1.652430335360209002e+00,-1.478243673406097747e+00,3.785035100919493800e-01,8.615272338301193907e-04,6.678654395618697538e-03,3.493458918534987911e-01,9.369696372852076571e-01
5.249461799235489219e+06,-4.657240537882174249e+05,-5.394385761921445237e+02,-1.654427963192821815e+00,-1.479848073010026743e+00,3.797109074821536923e-01,9.135206680305348829e-04,6.716506152884339428e-03,3.493078086068917565e-01,9.369835157964913064e-01
5.249461766103833914e+06,-4.657240833592870040e+05,-5.394310876413410369e+02,-1.656581583802898328e+00,-1.481090174185892172e+00,3.803234486111342072e-01,9.064312981482020590e-04,6.779095160760528760e-03,3.492832249675961176e-01,9.369922363660718734e-01
5.249461732922385447e+06,-4.657241129585673334e+05,-5.394235806696782447e+02,-1.659420868337861954e+00,-1.482647097463880126e+00,3.816479400760868224e-01,9.188557809313194994e-04,6.850558562000994868e-03,3.492516157812946553e-01,9.370034868816996543e-01
5.249461699699070305e+06,-4.657241425866205827e+05,-5.394160526724785996e+02,-1.660723352448466361e+00,-1.484038832635426131e+00,3.825169882567932000e-01,9.433577696074656746e-04,6.854473818887739552e-03,3.492201237972374361e-01,9.370151713834464768e-01
5.249461666442016140e+06,-4.657241722374685924e+05,-5.394085036467508871e+02,-1.662821213866529479e+00,-1.484885161641900542e+00,3.838484664441205729e-01,9.727270278728933914e-04,6.925145873171389098e-03,3.492130721979487262e-01,9.370172497695219427e-01
5.249461633153430186e+06,-4.657242019110801630e+05,-5.394009384890191541e+02,-1.663819323805736383e+00,-1.486392618878584981e+00,3.841936384717572484e-01,9.382755366685973904e-04,6.992524203541837860e-03,3.492222507856975189e-01,9.370133637271803595e-01
5.249461599831838161e+06,-4.657242316127464874e+05,-5.393933649879805898e+02,-1.666154528736835561e+00,-1.487638565048876593e+00,3.847568018992932326e-01,9.021376758870877383e-04,7.035214379440565477e-03,3.492645288683972615e-01,9.369973216521639836e-01
5.249461566467495635e+06,-4.657242613388254540e+05,-5.393857883243849756e+02,-1.668096735195142122e+00,-1.488828233081269881e+00,3.845624105593343223e-01,9.092720769673309777e-04,7.072785347798509446e-03,3.492599740288983567e-01,9.369987297087081224e-01
5.249461533066779375e+06,-4.657242910854456713e+05,-5.393782195007086102e+02,-1.669798367870530598e+00,-1.489681374097333144e+00,3.840157782650143181e-01,9.002204635294776833e-04,7.091516166145835770e-03,3.492452916792264661e-01,9.370040694917465274e-01
5.249461499623178504e+06,-4.657243208597934572e+05,-5.393706598036925470e+02,-1.672389236902774634e+00,-1.491593604236491899e+00,3.836983514323876743e-01,8.723626801124207070e-04,7.113038885262319526e-03,3.492691929511661519e-01,9.369950237429095496e-01
5.249461466129217297e+06,-4.657243506709230132e+05,-5.393631053845721226e+02,-1.674825323035180391e+00,-1.493374653085276726e+00,3.835449359627359223e-01,8.853990281191307602e-04,7.129953805629891429e-03,3.492519679222586548e-01,9.370013034848237998e-01
5.249461432588202879e+06,-4.657243805117352167e+05,-5.393555512184709642e+02,-1.677121081829728633e+00,-1.494516734108308764e+00,3.837336747685872185e-01,8.562596394390624118e-04,7.188541949492898916e-03,3.492588962198636127e-01,9.369983004775335189e-01
5.249461398998594843e+06,-4.657244103793691611e+05,-5.393479992840650539e+02,-1.679697338082762670e+00,-1.496037462452924904e+00,3.833697750020302331e-01,8.499434391218164140e-04,7.213572088612888421e-03,3.492416967387378945e-01,9.370045246610525513e-01
5.249461365361626260e+06,-4.657244402714711032e+05,-5.393404429960240805e+02,-1.681909547543371186e+00,-1.496889470295972968e+00,3.842636456060489758e-01,8.386193388789615422e-04,7.211579481467083295e-03,3.492695283074046531e-01,9.369941763090816611e-01
5.249461331682452001e+06,-4.657244701939680381e+05,-5.393328715390775869e+02,-1.683866982511331489e+00,-1.499161168912779285e+00,3.849806425527850795e-01,8.160095079339257408e-04,7.168466681140469622e-03,3.492715075648920586e-01,9.369937893174965504e-01
5.249461297963953577e+06,-4.657245001515093027e+05,-5.393252939003273241e+02,-1.685860165076557227e+00,-1.500375731161608606e+00,3.849531966422188867e-01,8.029411140275526408e-04,7.116211571505388911e-03,3.492864991771933436e-01,9.369886105568195900e-01
5.249461264201033860e+06,-4.657245301351497183e+05,-5.393177150487531435e+02,-1.688333038832262378e+00,-1.501743335939762725e+00,3.851792414543683263e-01,8.163253302147008674e-04,7.093238399773785230e-03,3.492750476785659863e-01,9.369930419449444825e-01
5.249461230392961763e+06,-4.657245601484434446e+05,-5.393101318198565650e+02,-1.690350508076331248e+00,-1.503389027422837199e+00,3.854746765541159914e-01,8.794787231035419402e-04,7.063847316241422640e-03,3.492368797544850856e-01,9.370074334816036465e-01
5.249461196544124745e+06,-4.657245901974152075e+05,-5.393025492129980876e+02,-1.692374660524355257e+00,-1.505371191151300581e+00,3.851790806638288878e-01,8.895718488175134806e-04,7.024722471672117767e-03,3.492292587097807210e-01,9.370105585314035812e-01
5.249461162649992853e+06,-4.657246202820788603e+05,-5.392949678198924630e+02,-1.694901718442608285e+00,-1.506932073199049427e+00,3.854299919947023478e-01,8.825341031332696422e-04,7.010379052571119075e-03,3.492347128982770110e-01,9.370086397830476033e-01
5.249461128713946790e+06,-4.657246503940930706e+05,-5.392873865760690251e+02,-1.696568515053578086e+00,-1.508105814732747074e+00,3.852250352270862321e-01,8.947015483243975220e-04,7.006327495116530801e-03,3.492484394428280736e-01,9.370035423801784669e-01
5.249461094736865722e+06,-4.657246805353552336e+05,-5.392798070223237801e+02,-1.699003131021505020e+00,-1.509869783292209666e+00,3.853374211711231290e-01,9.251146251790259454e-04,6.978891505351051891e-03,3.492320954993105020e-01,9.370098092931078426e-01
5.249461060714819469e+06,-4.657247107087227050e+05,-5.392722219199370102e+02,-1.701071535588318584e+00,-1.511319766863887804e+00,3.858755367187075569e-01,9.878309376597550501e-04,6.940594344943822221e-03,3.492334511194695179e-01,9.370095244774115928e-01
5.249461026656952687e+06,-4.657247409080983489e+05,-5.392646265640538559e+02,-1.702571546206457453e+00,-1.512504927057434223e+00,3.864623488458156508e-01,1.035643366343706392e-03,6.887435106578305988e-03,3.492188170092687671e-01,9.370153192606494041e-01
5.249460992557134479e+06,-4.657247711361725233e+05,-5.392570264045751856e+02,-1.705300208897375658e+00,-1.514150068630714330e+00,3.864284214851953503e-01,1.068153887830076238e-03,6.860228453605077444e-03,3.492297022808072415e-01,9.370114254157384526e-01
5.249460958415656351e+06,-4.657248013979097013e+05,-5.392494220202984252e+02,-1.706678191439458425e+00,-1.515965747159011112e+00,3.869755883516068362e-01,1.092280229517479185e-03,6.850711505971129357e-03,3.492268754848782408e-01,9.370125207897900266e-01
5.249460924237119965e+06,-4.657248316943016252e+05,-5.392418207827480501e+02,-1.709007916049733344e+00,-1.517619015933111770e+00,3.861564366667388781e-01,1.136318006872214046e-03,6.841054690237106245e-03,3.492191980233482207e-01,9.370154003462349834e-01
5.249462609391286969e+06,-4.657231560010173125e+05,-5.395854934918220351e+02,-1.329886570653769251e+00,-1.069814794168315597e+00,3.279116684542947580e-01,3.552084827057210101e-03,3.560622561106605022e-03,3.346658080947657599e-01,9.424778182070225885e-01
5.249462582800663076e+06,-4.657231773988018977e+05,-5.395790313570636272e+02,-1.329867860770670207e+00,-1.069567870006347787e+00,3.270583251347983222e-01,3.518509099515458333e-03,3.551600255469255802e-03,3.346035591824393918e-01,9.423457244620347950e-01
5.249462556205866858e+06,-4.657231987987067550e+05,-5.395725829423930691e+02,-1.330307699831748014e+00,-1.070024318360772941e+00,3.265756901860378814e-01,3.515999551077511436e-03,3.561047522995566469e-03,3.346182528313554339e-01,9.423404806968007641e-01
5.249462529596696608e+06,-4.657232202073535300e+05,-5.395661454305210327e+02,-1.331324591984847761e+00,-1.070421542629220735e+00,3.260070209617330073e-01,3.526552690915320254e-03,3.515602410191094249e-03,3.345927602776418430e-01,9.423496637319374036e-01
5.249462502967445180e+06,-4.657232416211120435e+05,-5.395597114618146861e+02,-1.332349714654454731e+00,-1.070488433564481534e+00,3.262771824227934658e-01,3.513470376743911550e-03,3.534563908088116969e-03,3.345852831278305350e-01,9.423522964890932441e-01
5.249462476313184015e+06,-4.657232630384845543e+05,-5.395532599090616941e+02,-1.333866926051455737e+00,-1.070730368921283260e+00,3.278609839703198192e-01,3.470085806371856797e-03,3.512561560760702178e-03,3.345538735122634000e-01,9.423636910099201236e-01
5.249462449627164751e+06,-4.657232844672944047e+05,-5.395467876571694887e+02,-1.335560773697626269e+00,-1.071584190063296749e+00,3.284109647841602642e-01,3.448193134596919986e-03,3.533134457125029510e-03,3.345963716681726874e-01,9.423486058734544812e-01
5.249462422915348783e+06,-4.657233059051970486e+05,-5.395403026820437162e+02,-1.336481767891893879e+00,-1.071594589604592196e+00,3.292078970439986652e-01,3.405862278169503442e-03,3.510791988015575689e-03,3.345839724803987836e-01,9.423532457635735993e-01
5.249462396179232746e+06,-4.657233273452528520e+05,-5.395337958856313207e+02,-1.338044657075719845e+00,-1.071725514848079541e+00,3.306842988273516193e-01,3.347944743142912492e-03,3.516416538867212210e-03,3.345833444488740538e-01,9.423536553217686240e-01
5.249462369411868043e+06,-4.657233487885188079e+05,-5.395272577671412364e+02,-1.339664048276993924e+00,-1.071838843408690511e+00,3.324419707574516325e-01,3.293848800279932862e-03,3.502269363273172523e-03,3.345775554943519747e-01,9.423559539945656205e-01
5.249462342615398578e+06,-4.657233702313397662e+05,-5.395206916451429606e+02,-1.341016407656301812e+00,-1.071597659620219689e+00,3.335697022611440188e-01,3.276726432816479476e-03,3.495192019549836406e-03,3.345594782694800151e-01,9.423624579729974471e-01
5.249462315796952695e+06,-4.657233916702903807e+05,-5.395140937910676939e+02,-1.341912872761978459e+00,-1.071382688815410322e+00,3.357277786555144528e-01,3.194057389575206008e-03,3.495681218759840152e-03,3.345721800276041380e-01,9.423582304845832258e-01
5.249462288957802579e+06,-4.657234131063381210e+05,-5.395074670141345905e+02,-1.343151409670264806e+00,-1.071217453123306518e+00,3.365379454241936297e-01,3.161368893813814099e-03,3.494589215758883184e-03,3.346013280516103583e-01,9.423479956254547929e-01
5.249462262093893252e+06,-4.657234345488960389e+05,-5.395008233662982775e+02,-1.344414665311731261e+00,-1.072003532908725187e+00,3.374968493266009562e-01,3.076693294405910377e-03,3.461933246380736930e-03,3.346250928095041988e-01,9.423399578915735431e-01
5.249462235202468000e+06,-4.657234560046315892e+05,-5.394941610218389769e+02,-1.345948498282124151e+00,-1.072475976788344498e+00,3.384911535520803150e-01,2.987883289064993935e-03,3.427265152813504124e-03,3.346305953518870502e-01,9.423384164204379188e-01
5.249462208290669136e+06,-4.657234774691854254e+05,-5.394874739116609135e+02,-1.346462136596521475e+00,-1.072885458169041240e+00,3.400813319564287007e-01,2.936573619132775044e-03,3.343903270943740600e-03,3.346092206495336341e-01,9.423464672310899459e-01
5.249462181367317215e+06,-4.657234989450231660e+05,-5.394807535390488056e+02,-1.347107791745127514e+00,-1.073613551744720285e+00,3.419327209489587682e-01,2.913625455851589097e-03,3.282340965483688568e-03,3.346028495155431437e-01,9.423490171485670031e-01
5.249462154420530424e+06,-4.657235204307570821e+05,-5.394740153584548352e+02,-1.348870011984525830e+00,-1.073790769056328198e+00,3.419223610302755123e-01,2.916475005116128845e-03,3.229878812164018159e-03,3.345846266100149236e-01,9.423556598720966848e-01
5.249462127447659150e+06,-4.657235419213288114e+05,-5.394672686612411781e+02,-1.349748731045394834e+00,-1.074060023323015312e+00,3.428714741734843474e-01,2.877718848457126201e-03,3.187164065309425545e-03,3.345835541900007426e-01,9.423563052186700872e-01
5.249462100453942083e+06,-4.657235634219747735e+05,-5.394605089065244101e+02,-1.350973861255925224e+00,-1.074781048110587722e+00,3.433013464737345033e-01,2.860360777334201073e-03,3.138084128281835861e-03,3.345527060128467012e-01,9.423674748547183899e-01
5.249462073441077024e+06,-4.657235849369856878e+05,-5.394537378477316452e+02,-1.351670327431949037e+00,-1.075498928229219553e+00,3.440865465329270290e-01,2.829118285359205707e-03,3.082819051039172552e-03,3.345518295203483983e-01,9.423680627447837965e-01
5.249462046413782053e+06,-4.657236064675656962e+05,-5.394469629112726352e+02,-1.352419196581778893e+00,-1.076340418494504236e+00,3.437356652856853878e-01,2.777007933219615039e-03,3.057603955616468652e-03,3.345608203942352366e-01,9.423651079822841226e-01
5.249462019367547706e+06,-4.657236280057993717e+05,-5.394401842466108974e+02,-1.353632529210091029e+00,-1.076171210560484148e+00,3.445410605093739420e-01,2.730043625648265106e-03,3.039116492923081385e-03,3.345742923687419768e-01,9.423605220503836755e-01
5.249461992304761894e+06,-4.657236495442012092e+05,-5.394333955786307797e+02,-1.354103004016288025e+00,-1.076322369289418379e+00,3.448024592699530100e-01,2.701126295315730945e-03,3.016812260586393835e-03,3.346004383290646089e-01,9.423513938180916316e-01
5.249461965235772543e+06,-4.657236710871209507e+05,-5.394266016956793237e+02,-1.354243496793076318e+00,-1.076643123563972182e+00,3.451304124295445086e-01,2.627981667398068388e-03,2.988749653479763971e-03,3.345493933230177519e-01,9.423698130327768929e-01
5.249461938159148209e+06,-4.657236926341329236e+05,-5.394197979124018048e+02,-1.354911265374303619e+00,-1.076672026417653250e+00,3.458723582077117276e-01,2.590451817918991775e-03,2.984794597807200692e-03,3.345875841617464430e-01,9.423563705338758867e-01
5.249461911076491699e+06,-4.657237141866096645e+05,-5.394129743864766624e+02,-1.354828395158522492e+00,-1.077225079419361187e+00,3.472043308778691717e-01,2.511290086766137467e-03,2.960053348480422286e-03,3.345816577482147447e-01,9.423587670336042166e-01
5.249461883993093856e+06,-4.657237357482988737e+05,-5.394061225925210010e+02,-1.354984580858969112e+00,-1.077595498414045005e+00,3.488003387336264804e-01,2.447232585656223744e-03,3.011666615862561985e-03,3.345886288928057728e-01,9.423562969136753953e-01
5.249461856893309392e+06,-4.657237573222467327e+05,-5.393992405956587390e+02,-1.356500798033687838e+00,-1.078401776979089677e+00,3.503230075440326718e-01,2.383793623615983442e-03,3.071920802080288591e-03,3.346037231061720352e-01,9.423509056155273678e-01
5.249461829769049771e+06,-4.657237789138879743e+05,-5.393923331895274487e+02,-1.357439049109910645e+00,-1.079358776523478447e+00,3.514316017381822199e-01,2.332452847170126634e-03,3.094232362400081010e-03,3.346266782368170212e-01,9.423428100231698856e-01
5.249461802635099739e+06,-4.657238005120953312e+05,-5.393854036837830108e+02,-1.357495581674876384e+00,-1.079016435553105335e+00,3.526204262360867481e-01,2.267562662545100690e-03,3.168880747454239782e-03,3.346232893114576834e-01,9.423439237375795807e-01
5.249461775493968278e+06,-4.657238221124264528e+05,-5.393784499425274817e+02,-1.358171610892338954e+00,-1.079548644286098424e+00,3.539487980101026499e-01,2.158223813922193878e-03,3.215990962162938033e-03,3.346429776159908775e-01,9.423370294139898906e-01
5.249461748338396661e+06,-4.657238437240474741e+05,-5.393714700448658732e+02,-1.358956009137250343e+00,-1.080122916503848618e+00,3.553348222676158130e-01,2.064520011834925645e-03,3.243690412615316942e-03,3.346553023643839553e-01,9.423327675664325831e-01
5.249461721176087856e+06,-4.657238653492067824e+05,-5.393644685038033231e+02,-1.358808235839461753e+00,-1.080954532693943815e+00,3.561930968162608790e-01,1.983815524295066447e-03,3.297578289421871246e-03,3.346675721303099538e-01,9.423283963768407379e-01
5.249461694010445848e+06,-4.657238869899380370e+05,-5.393574484585941491e+02,-1.359275670043597062e+00,-1.081703566422498541e+00,3.572779727718404796e-01,1.941419422170629835e-03,3.318957210484728155e-03,3.346451772400407254e-01,9.423363628577550166e-01
5.249461666827859357e+06,-4.657239086493130308e+05,-5.393504130699199095e+02,-1.360503786799771131e+00,-1.082818934317664850e+00,3.578012547669577326e-01,1.905608149141038753e-03,3.349362089673544023e-03,3.346333626819392171e-01,9.423405239146224188e-01
5.249461639623077586e+06,-4.657239303200149443e+05,-5.393433675497307149e+02,-1.361556172747508064e+00,-1.082748912682840015e+00,3.583679259590503707e-01,1.857111121293790815e-03,3.364072283845228641e-03,3.346431869009010573e-01,9.423370796148906603e-01
5.249461612399772741e+06,-4.657239519950534450e+05,-5.393363229472183775e+02,-1.362368822642568311e+00,-1.083233742026933344e+00,3.577473220363016071e-01,1.811766094251889957e-03,3.377487730691293693e-03,3.346184194977919746e-01,9.423459149449360250e-01
5.249461585153254680e+06,-4.657239736818063539e+05,-5.393292857627549211e+02,-1.363928093833812527e+00,-1.083846568677607536e+00,3.576813879010297126e-01,1.790492689689577449e-03,3.408038001831460717e-03,3.346406707405054082e-01,9.423379441047848859e-01
5.249461557877524756e+06,-4.657239953781618387e+05,-5.393222469955229599e+02,-1.365347275981805719e+00,-1.084115358617429692e+00,3.579772884720970882e-01,1.778160950676663460e-03,3.405839285478820620e-03,3.346297746239878523e-01,9.423418447346483262e-01
5.249461530576859601e+06,-4.657240170888629509e+05,-5.393152090278189235e+02,-1.366417174617506003e+00,-1.085282570400444957e+00,3.576433886141197616e-01,1.698101657990201208e-03,3.456953915444812425e-03,3.346418158348516414e-01,9.423375303019276839e-01
5.249461503256441094e+06,-4.657240388166014454e+05,-5.393081776711678685e+02,-1.367355927905291813e+00,-1.085778644049091746e+00,3.573728303732453537e-01,1.688174679234039424e-03,3.422997350330580623e-03,3.346592528190008853e-01,9.423314797131776555e-01
5.249461475922091864e+06,-4.657240605557918316e+05,-5.393011477236715336e+02,-1.367820321467136724e+00,-1.086422031114568032e+00,3.575750180044507398e-01,1.696000657504294308e-03,3.400611305016688554e-03,3.346977672569542706e-01,9.423178678228139038e-01
5.249461448575876653e+06,-4.657240823094173684e+05,-5.392941151811074860e+02,-1.368541268591263682e+00,-1.087233438784203088e+00,3.577029800292123585e-01,1.743609992772198348e-03,3.389039036424428084e-03,3.346836872926532425e-01,9.423228235053994206e-01
5.249461421211456880e+06,-4.657241040852518054e+05,-5.392870706682505215e+02,-1.369625215426619302e+00,-1.088676341184130258e+00,3.588772932225692269e-01,1.759183543465839706e-03,3.382734205852053373e-03,3.346851872911706383e-01,9.423222844604713933e-01
5.249461393826397136e+06,-4.657241258819265640e+05,-5.392799981272421519e+02,-1.370645064310971994e+00,-1.089274723899099406e+00,3.606355695456376909e-01,1.754423715308975210e-03,3.338639047516853316e-03,3.347209854559586306e-01,9.423097353750063965e-01
5.249461366421179846e+06,-4.657241476886974997e+05,-5.392729003715970748e+02,-1.371690217198371808e+00,-1.089629425056842571e+00,3.614999815960332485e-01,1.771426270547406517e-03,3.286149050626297786e-03,3.347342305782102789e-01,9.423051831296476166e-01
5.249461338996316306e+06,-4.657241695093411836e+05,-5.392657873529964263e+02,-1.372611238459323868e+00,-1.090669439633844107e+00,3.622545679995207712e-01,1.810322739854241950e-03,3.286701861766672724e-03,3.347447134941766711e-01,9.423013833750549795e-01
5.249461311551522464e+06,-4.657241913469511201e+05,-5.392586628539788762e+02,-1.373708986672173227e+00,-1.091299294821843402e+00,3.627334996984624138e-01,1.916710838593300775e-03,3.293514831813687798e-03,3.347254978365755695e-01,9.423079751748181243e-01
5.249461284088366665e+06,-4.657242132003959268e+05,-5.392515257122433923e+02,-1.374438711681799985e+00,-1.092276844663646163e+00,3.636182264047079782e-01,1.987991968129008968e-03,3.297128302650031637e-03,3.347170027303701945e-01,9.423108324308220318e-01
5.249461256609025411e+06,-4.657242350668937434e+05,-5.392443658974040090e+02,-1.375377018958299669e+00,-1.092545065019162376e+00,3.651232449747219833e-01,2.016768534257857518e-03,3.282099522694102104e-03,3.347311036460619005e-01,9.423058148603816742e-01
5.249462813209312968e+06,-4.657228368606737931e+05,-5.395829287838090522e+02,-1.014932140848401554e+00,-7.250443253060236959e-01,3.128712570853469099e-01,4.076121819574394720e-03,3.033947363668780799e-04,3.265647769500680808e-01,9.452171690046592412e-01
5.249462792939067818e+06,-4.657228513901794213e+05,-5.395767537688907396e+02,-1.014856968219143951e+00,-7.244899303073405461e-01,3.131582703556671787e-01,4.142308941577479975e-03,2.684250106714661309e-04,3.265310464558254244e-01,9.451773616239348419e-01
5.249462772676103748e+06,-4.657228659131153836e+05,-5.395705736512857129e+02,-1.014210444225303487e+00,-7.243841601965149701e-01,3.134368532212065683e-01,4.192553609298830045e-03,2.817063086804870984e-04,3.264979238481696133e-01,9.451885784645644994e-01
5.249462752417237498e+06,-4.657228804293269641e+05,-5.395643860910721514e+02,-1.014503555049546923e+00,-7.237381243098682804e-01,3.139625137820289957e-01,4.235387526558106325e-03,3.253740577400849221e-04,3.265156592364704125e-01,9.451822469232349366e-01
5.249462732159445062e+06,-4.657228949405321036e+05,-5.395581880611970291e+02,-1.014117538337847568e+00,-7.238731910176318118e-01,3.145507644476840947e-01,4.277148297442382070e-03,2.968223676042137504e-04,3.265422487462203427e-01,9.451728824315259736e-01
5.249462711906155571e+06,-4.657229094489222043e+05,-5.395519839814120360e+02,-1.014093366702174093e+00,-7.234025436543581877e-01,3.146172338457681183e-01,4.303022230969218674e-03,3.082718260223810732e-04,3.265382416038637436e-01,9.451741457211219055e-01
5.249462691647913307e+06,-4.657229239469692693e+05,-5.395457815445441838e+02,-1.014681896616649315e+00,-7.227418749233198714e-01,3.144293234171814388e-01,4.334214602792267786e-03,3.197544654154789445e-04,3.265683156691421840e-01,9.451636088758078591e-01
5.249462671387540177e+06,-4.657229384402477299e+05,-5.395395792694364445e+02,-1.014316591180838278e+00,-7.229168895438953246e-01,3.146557547227755713e-01,4.351195346963925882e-03,3.282240457072728803e-04,3.265802436776426565e-01,9.451594065599279171e-01
5.249462651128465310e+06,-4.657229529338363209e+05,-5.395333660961358646e+02,-1.014596182485065778e+00,-7.227166386644067186e-01,3.155948431847582780e-01,4.373650100647690463e-03,3.252262799525165379e-04,3.265943120992734761e-01,9.451544427861005016e-01
5.249462630859505385e+06,-4.657229674215609557e+05,-5.395271371416832835e+02,-1.015370432250068733e+00,-7.222400310553015457e-01,3.163021013178381469e-01,4.411347700604745584e-03,3.461981742340810827e-04,3.265860367860898283e-01,9.451571196028222266e-01
5.249462610579172149e+06,-4.657229818982828292e+05,-5.395208886651688545e+02,-1.015796234184467739e+00,-7.215273120013216968e-01,3.176304290541994146e-01,4.409102510262420671e-03,3.953360634042197381e-04,3.265719021584747028e-01,9.451619947111321585e-01
5.249462590292971581e+06,-4.657229963682145462e+05,-5.395146244791266099e+02,-1.015989377053541531e+00,-7.215189608929487575e-01,3.179306456107929280e-01,4.454095962190749748e-03,4.190759535682283209e-04,3.265678600423399525e-01,9.451631701421413512e-01
5.249462570000077598e+06,-4.657230108308569761e+05,-5.395083514961629589e+02,-1.016542544111857849e+00,-7.206931479726943479e-01,3.185796290796365504e-01,4.478852176773018279e-03,4.080527533785967059e-04,3.265738756661755726e-01,9.451609794684719956e-01
5.249462549698633142e+06,-4.657230252809002995e+05,-5.395020685284641786e+02,-1.016903217968091244e+00,-7.201820223369772567e-01,3.189937363027846029e-01,4.511202727831556056e-03,3.792130199185853793e-04,3.265656564892505664e-01,9.451636774921517992e-01
5.249462529389837757e+06,-4.657230397206725320e+05,-5.394957751660938357e+02,-1.017340374164623862e+00,-7.195805996398296767e-01,3.196897652761587216e-01,4.470663975228287602e-03,3.601769979257122005e-04,3.265464602151176843e-01,9.451705098861533649e-01
5.249462509076466784e+06,-4.657230541520777624e+05,-5.394894710418795967e+02,-1.017399115025880985e+00,-7.192985256653783299e-01,3.201363965317286508e-01,4.376168776682147141e-03,2.856939124947293577e-04,3.265119590159049623e-01,9.451828966643111007e-01
5.249462488768748939e+06,-4.657230685753406724e+05,-5.394831537331526761e+02,-1.016805613422780530e+00,-7.187360634318175068e-01,3.210927999423405788e-01,4.353962273161347124e-03,1.961563511414593443e-04,3.264712023512154060e-01,9.451971003826969975e-01
5.249462468464120291e+06,-4.657230829850257142e+05,-5.394768127503198230e+02,-1.017167320297132971e+00,-7.178427043247243011e-01,3.226045015962761275e-01,4.278199546092814956e-03,9.652792165726391477e-05,3.264503981346619232e-01,9.452046472854654935e-01
5.249462448159745894e+06,-4.657230973769294214e+05,-5.394704475729703290e+02,-1.016842331136094568e+00,-7.168753645369753125e-01,3.235938129097872817e-01,4.121500457361513409e-03,3.078586831624842982e-05,3.264746742070300800e-01,9.451969632774683827e-01
5.249462427859960124e+06,-4.657231117533898214e+05,-5.394640550901482356e+02,-1.016765203415013641e+00,-7.162309838601623735e-01,3.254466437757599362e-01,4.024832045363201799e-03,-6.627770776528479110e-05,3.264681583072130966e-01,9.451996286219613852e-01
5.249462407567042857e+06,-4.657231261214191327e+05,-5.394576334177949093e+02,-1.016177062553895727e+00,-7.160113457439019058e-01,3.266012964141657982e-01,3.927992678502603870e-03,-1.196417912843788698e-04,3.264650700345210765e-01,9.452010974432979440e-01
5.249462387287634425e+06,-4.657231404799084994e+05,-5.394511895404665438e+02,-1.015453390684131652e+00,-7.152297926023308827e-01,3.277562435267472596e-01,3.810252602032135165e-03,-1.825197856825595854e-04,3.264558761065129988e-01,9.452047448137640417e-01
5.249462367016895674e+06,-4.657231548236947856e+05,-5.394447278684116327e+02,-1.015368072337571315e+00,-7.144698782965283046e-01,3.284604668970482200e-01,3.716398176650296051e-03,-2.893929207402799958e-04,3.264222356349794629e-01,9.452167099245970538e-01
5.249462346745497547e+06,-4.657231691525939968e+05,-5.394382541120445467e+02,-1.015594944493112051e+00,-7.136427894207362232e-01,3.290398928404821843e-01,3.660754437929261869e-03,-3.685602908019979147e-04,3.264197082063390876e-01,9.452177723339988402e-01
5.249462326474649832e+06,-4.657231834732625284e+05,-5.394317728562901948e+02,-1.015334509291059062e+00,-7.136239084545339395e-01,3.292730334409851300e-01,3.592653629515986987e-03,-4.145826345131897479e-04,3.263980687401625835e-01,9.452254872172602962e-01
5.249462306213238277e+06,-4.657231977961173397e+05,-5.394252854414503418e+02,-1.014654641921359346e+00,-7.138666403045198505e-01,3.297252992810393302e-01,3.536759743067453918e-03,-4.525197289431971128e-04,3.264229803284592335e-01,9.452170779620633345e-01
5.249462285958351567e+06,-4.657232121237776591e+05,-5.394187936963705852e+02,-1.014704577378317651e+00,-7.140788992661915024e-01,3.297625142378265428e-01,3.513446134401098687e-03,-4.732816919255553013e-04,3.264081340132158893e-01,9.452222816628532698e-01
5.249462265711480752e+06,-4.657232264499092707e+05,-5.394123024744276336e+02,-1.013871194824386590e+00,-7.136955216272147240e-01,3.297284770531778153e-01,3.475464141735810746e-03,-5.145913610488906612e-04,3.263932576872920488e-01,9.452275375179246542e-01
5.249462245470328256e+06,-4.657232407671313849e+05,-5.394058142420761897e+02,-1.014201526218288629e+00,-7.130927105381614783e-01,3.295118176944077937e-01,3.420106788861540341e-03,-5.424391303678056638e-04,3.263900056289739671e-01,9.452288468175641389e-01
5.249462225232640281e+06,-4.657232550734825199e+05,-5.393993318306605715e+02,-1.013553339328242320e+00,-7.125701896920184630e-01,3.291906428418542863e-01,3.410858923810464009e-03,-5.410183992989760346e-04,3.263721297643283337e-01,9.452350534416147365e-01
5.249462205011356622e+06,-4.657232693683793768e+05,-5.393928613485271626e+02,-1.012580589545207799e+00,-7.119209773112706863e-01,3.283471210412133301e-01,3.362564436182255423e-03,-5.586827747494091737e-04,3.263354396249583678e-01,9.452478838272593276e-01
5.249462184800056741e+06,-4.657232836584346951e+05,-5.393864031719092509e+02,-1.012578781329119604e+00,-7.120537541536503534e-01,3.280025488672898559e-01,3.384554240999175165e-03,-5.298098608691107067e-04,3.263288738547899803e-01,9.452500886981730632e-01
5.249462164594408125e+06,-4.657232979448757251e+05,-5.393799474245769261e+02,-1.012049581511064167e+00,-7.115134168692729411e-01,3.281631664534345738e-01,3.426706383039945531e-03,-5.004978376770305264e-04,3.263113463239458167e-01,9.452560036554416012e-01
5.249462144405709580e+06,-4.657233122201974620e+05,-5.393734891938829605e+02,-1.010895878389132418e+00,-7.109289218367933483e-01,3.283106304930893948e-01,3.458498273514891246e-03,-4.863671564017563740e-04,3.262808850192566168e-01,9.452664102298494742e-01
5.249462124230391346e+06,-4.657233264898427296e+05,-5.393670182883926145e+02,-1.010742710870088157e+00,-7.109120833646610516e-01,3.295270646479683263e-01,3.540671733599962470e-03,-4.792245915977733106e-04,3.262868328642941629e-01,9.452640565936755168e-01
5.249462104059392586e+06,-4.657233407568762777e+05,-5.393605332464319417e+02,-1.010502807694860117e+00,-7.106192463809810622e-01,3.297897667189563786e-01,3.595352615085718045e-03,-4.755216482270318559e-04,3.262889312628423077e-01,9.452631277348929606e-01
5.249462083893947303e+06,-4.657233550227874075e+05,-5.393540382360653211e+02,-1.010201484805402838e+00,-7.107860333583829737e-01,3.306057780538957935e-01,3.624181759680003990e-03,-4.527801434356498169e-04,3.262884526718314304e-01,9.452631940104180286e-01
5.249462063737186603e+06,-4.657233692875158740e+05,-5.393475312152406786e+02,-1.009657443753856576e+00,-7.104750089668606661e-01,3.310631056789433702e-01,3.647952667693879231e-03,-4.559985077802840140e-04,3.262571000058810400e-01,9.452739228411346506e-01
5.249462043583805673e+06,-4.657233835410122410e+05,-5.393410166872926084e+02,-1.009948813439889292e+00,-7.095423431462617447e-01,3.314240897452553347e-01,3.652235593366508475e-03,-4.476047291265144740e-04,3.262427107394459957e-01,9.452788765838298080e-01
5.249462023435271345e+06,-4.657233977844770998e+05,-5.393344914319479813e+02,-1.009181880610370285e+00,-7.094674528190528795e-01,3.322195262168649021e-01,3.699576839570905412e-03,-4.348866389225375406e-04,3.262418482136702491e-01,9.452789961064149704e-01
5.249462003296268173e+06,-4.657234120195399737e+05,-5.393279550484834317e+02,-1.009063130612378734e+00,-7.086082227945335044e-01,3.326061409306836358e-01,3.752683233553219446e-03,-4.098342185747867218e-04,3.262261494665436024e-01,9.452842158894326774e-01
5.249461983158072457e+06,-4.657234262393444660e+05,-5.393214084016457264e+02,-1.009184352766964832e+00,-7.078278005323339617e-01,3.333272568871901154e-01,3.830880373225669603e-03,-3.848258915385092396e-04,3.262613707243741112e-01,9.452717568184640928e-01
5.249461963021772914e+06,-4.657234404486884596e+05,-5.393148521838833176e+02,-1.008921805258082838e+00,-7.075011774587878222e-01,3.336324316647714672e-01,3.883450444213540180e-03,-3.825699060325379246e-04,3.262992599654662706e-01,9.452584648655137922e-01
5.249461942890848964e+06,-4.657234546462263097e+05,-5.393082923991200914e+02,-1.008717758479668936e+00,-7.065517406178130067e-01,3.337480646218281000e-01,3.919262685099893229e-03,-4.022105306608619998e-04,3.262754355010507035e-01,9.452665326754662312e-01
5.249461922766124830e+06,-4.657234688343005255e+05,-5.393017319243908787e+02,-1.008327199917494754e+00,-7.065263095227944934e-01,3.337613595653073917e-01,3.948760355998914319e-03,-4.068607107069597455e-04,3.262930845363338217e-01,9.452603158605369371e-01
5.249461902643211186e+06,-4.657234830132497591e+05,-5.392951733093999565e+02,-1.008637637597258330e+00,-7.054979413307848057e-01,3.336162365970386512e-01,3.981830161306638624e-03,-4.108552498087087216e-04,3.262995880322522857e-01,9.452579304494147516e-01
5.249461882522387430e+06,-4.657234971806788235e+05,-5.392886206548250811e+02,-1.008147191339399118e+00,-7.053401796547893454e-01,3.332119577843991598e-01,4.000989682563965352e-03,-4.281510410299406628e-04,3.263198540137807191e-01,9.452508458846516914e-01
5.249461862407898530e+06,-4.657235113502618042e+05,-5.392820713501223509e+02,-1.008021886684279389e+00,-7.056969906695703676e-01,3.333459251312960725e-01,4.029467842704552091e-03,-4.324394323963193904e-04,3.263371299842674489e-01,9.452447587686636510e-01
5.249461842296533287e+06,-4.657235255136057967e+05,-5.392755237036083145e+02,-1.007921947380482131e+00,-7.045938622402870832e-01,3.330968688059716687e-01,4.041691440617706417e-03,-4.401784099352100714e-04,3.263280530472856267e-01,9.452478366907778318e-01
5.249461822187541053e+06,-4.657235396630237228e+05,-5.392689834406741056e+02,-1.007839233186157868e+00,-7.042296094398035056e-01,3.326512083675379206e-01,4.049926057030292514e-03,-4.410956316644433712e-04,3.263418185543279781e-01,9.452430486373247787e-01
5.249461802082384005e+06,-4.657235538017966901e+05,-5.392624482174064724e+02,-1.007610936338144025e+00,-7.034372037556849699e-01,3.326573364159873258e-01,4.094515707593871477e-03,-4.910830496675694422e-04,3.263399698405556326e-01,9.452434701514599302e-01
5.249463148891437799e+06,-4.657224411538445856e+05,-5.395861838702466002e+02,-6.907450974667723731e-01,-4.112882845363946549e-01,2.846418150151326931e-01,5.732048308413650525e-03,-3.107434444285280938e-03,3.218843044892837346e-01,9.467744402149317340e-01
5.249463135125848465e+06,-4.657224494171005790e+05,-5.395805703565067688e+02,-6.899245780532019534e-01,-4.096416807917359071e-01,2.844193300048455386e-01,5.763587935199032501e-03,-3.117407837099245380e-03,3.218723223712243175e-01,9.467604084002824161e-01
5.249463121376316063e+06,-4.657224576408743160e+05,-5.395749571349965663e+02,-6.892405001521346719e-01,-4.071985114523900551e-01,2.846603077392349523e-01,5.778639061426258522e-03,-3.134550345210973792e-03,3.219098504677903039e-01,9.467475007080579097e-01
5.249463107642212883e+06,-4.657224658256343100e+05,-5.395693261398122331e+02,-6.884470783996760046e-01,-4.056485233737955332e-01,2.862790408339864756e-01,5.784001062075802384e-03,-3.083262471674817068e-03,3.218869230663274350e-01,9.467554317687025822e-01
5.249463093917376362e+06,-4.657224739749797736e+05,-5.395636763235846729e+02,-6.884187215038658492e-01,-4.035038788353704220e-01,2.865898255150581830e-01,5.744132651726810423e-03,-3.048304938089005291e-03,3.218806311448915713e-01,9.467579268594751296e-01
5.249463080193236470e+06,-4.657224820824242197e+05,-5.395580218974488389e+02,-6.884876168815939890e-01,-4.012951591098087856e-01,2.867834635612582228e-01,5.681661440969112097e-03,-2.997540086088448363e-03,3.218779573114675108e-01,9.467593749597078556e-01
5.249463066474459134e+06,-4.657224901458452223e+05,-5.395523523866091864e+02,-6.879841771995358624e-01,-3.989525425645447654e-01,2.881738340273559129e-01,5.583629195415870661e-03,-2.944357968470171991e-03,3.218712928739643764e-01,9.467623908168267821e-01
5.249463052768807858e+06,-4.657224981705023092e+05,-5.395466639213792632e+02,-6.872493197976605739e-01,-3.973084314115108429e-01,2.887322190474131967e-01,5.489943508622322811e-03,-2.883034022818267705e-03,3.218814536650322355e-01,9.467596730015273021e-01
5.249463039072540589e+06,-4.657225061565788346e+05,-5.395409584904447229e+02,-6.871599863993077539e-01,-3.949234216716269730e-01,2.899404658245628430e-01,5.389328495480193854e-03,-2.799235620308171326e-03,3.218630018130831938e-01,9.467667756541486845e-01
5.249463025387057103e+06,-4.657225140960154822e+05,-5.395352323593251640e+02,-6.862693827365048405e-01,-3.925003819671630256e-01,2.908670308635781798e-01,5.307193564286392766e-03,-2.758957880674072979e-03,3.218576331817004088e-01,9.467691829643165580e-01
5.249463011722711846e+06,-4.657225219976050430e+05,-5.395294920400585852e+02,-6.851066010469955003e-01,-3.910504957240511503e-01,2.914142683413383783e-01,5.249860518698346717e-03,-2.707569640390672730e-03,3.218706803274422046e-01,9.467652154452403934e-01
5.249462998078150675e+06,-4.657225298773910035e+05,-5.395237389093357478e+02,-6.843375994603053680e-01,-3.902510474275914243e-01,2.922099623988816397e-01,5.159413268292991836e-03,-2.650061812290591123e-03,3.218518553277183725e-01,9.467722750743996496e-01
5.249462984450442716e+06,-4.657225377351254574e+05,-5.395179645623417173e+02,-6.834937105586331718e-01,-3.887396293906717482e-01,2.936146977941482272e-01,5.071664407054027671e-03,-2.589184080004863428e-03,3.218647675838015032e-01,9.467685280650629531e-01
5.249462970842270181e+06,-4.657225455687376088e+05,-5.395121752917164031e+02,-6.824319708025002873e-01,-3.877680147419997891e-01,2.937466862830235281e-01,4.970327676995733857e-03,-2.550404825100170952e-03,3.218766293244386123e-01,9.467651381272191857e-01
5.249462957254189998e+06,-4.657225533798113465e+05,-5.395063824680382822e+02,-6.815528039591118858e-01,-3.863828435250930005e-01,2.940169337304209263e-01,4.939995826958656910e-03,-2.457070334241862487e-03,3.219050889071192190e-01,9.467558676779311844e-01
5.249462943683419377e+06,-4.657225611684469623e+05,-5.395005848503358266e+02,-6.807589550393037259e-01,-3.854423283459998961e-01,2.942758530266418315e-01,4.914503061846472141e-03,-2.426994253843162228e-03,3.219291034502784754e-01,9.467479124405419055e-01
5.249462930126594380e+06,-4.657225689304803964e+05,-5.394947823465953434e+02,-6.802529310242029226e-01,-3.835849605803552942e-01,2.945562041686607957e-01,4.907299267772230120e-03,-2.403909947847356239e-03,3.218973178681358016e-01,9.467588163732233442e-01
5.249462916582725011e+06,-4.657225766586810350e+05,-5.394889736021606268e+02,-6.795480300444622923e-01,-3.819391511297329234e-01,2.949553394393727990e-01,4.925417305730707754e-03,-2.395420390721290059e-03,3.218757558673188135e-01,9.467660745984799453e-01
5.249462903056051582e+06,-4.657225843552021543e+05,-5.394831685261611938e+02,-6.786099337405304688e-01,-3.803039956581957259e-01,2.942107805360328898e-01,4.930154322880224253e-03,-2.366438156020632400e-03,3.218562063723787725e-01,9.467727689200990948e-01
5.249462889547307976e+06,-4.657225920265439199e+05,-5.394773796823338898e+02,-6.778143551344312234e-01,-3.793356797581196038e-01,2.933510267577764119e-01,4.951490968419050044e-03,-2.346206714173050979e-03,3.218549601520185877e-01,9.467731315774750023e-01
5.249462876055815257e+06,-4.657225996793251834e+05,-5.394715895707610116e+02,-6.769459015405034918e-01,-3.783647500403417574e-01,2.944123405162697438e-01,4.948108249349072313e-03,-2.326499754045159747e-03,3.218702945065592402e-01,9.467679848506330709e-01
5.249462862581619062e+06,-4.657226073130539735e+05,-5.394657890120926140e+02,-6.761454733690834829e-01,-3.773424994705533719e-01,2.944399655527935034e-01,4.984085782582661946e-03,-2.281769458563866898e-03,3.218525961915712497e-01,9.467739216634585286e-01
5.249462849121335894e+06,-4.657226149204841349e+05,-5.394599807993367904e+02,-6.756572601373403986e-01,-3.755899811669785593e-01,2.952456808871338767e-01,5.019984752583613388e-03,-2.258729325474839473e-03,3.218629288342951811e-01,9.467702746375853406e-01
5.249462835669303313e+06,-4.657226225015096716e+05,-5.394541566768550638e+02,-6.754034220907033648e-01,-3.745887891550807591e-01,2.961022686692152406e-01,5.107157091172463866e-03,-2.244067752953226875e-03,3.218683457042895157e-01,9.467680017512964952e-01
5.249462822226558812e+06,-4.657226300627583987e+05,-5.394483211168163734e+02,-6.748059509152497526e-01,-3.735068949147918316e-01,2.964460150916805592e-01,5.183546316259177514e-03,-2.237841893180450136e-03,3.218860755698677023e-01,9.467615736106221869e-01
5.249462808793141507e+06,-4.657226376020876341e+05,-5.394424713578787305e+02,-6.745643644140330020e-01,-3.722683032004657777e-01,2.976029724669940757e-01,5.262727784861955839e-03,-2.222300489563069307e-03,3.218798937092201551e-01,9.467632751130106161e-01
5.249462795375451446e+06,-4.657226451143123559e+05,-5.394365903758200602e+02,-6.733099093419939729e-01,-3.706952252785779556e-01,2.996776487788018750e-01,5.363538527788406021e-03,-2.206285732215346618e-03,3.218661648403337017e-01,9.467674142517109592e-01
5.249462781972614117e+06,-4.657226526034265989e+05,-5.394306757496025284e+02,-6.731612318362398817e-01,-3.698441797423375199e-01,3.010552604540322474e-01,5.414325984875672550e-03,-2.177820878594212157e-03,3.218566866540998328e-01,9.467704132610795797e-01
5.249462768570668995e+06,-4.657226600768864737e+05,-5.394247369641458363e+02,-6.733162516906588957e-01,-3.689990083992271686e-01,3.021747368435523939e-01,5.456563695541711244e-03,-2.167116944675740592e-03,3.218747815961158221e-01,9.467640437244078111e-01
5.249462755175833590e+06,-4.657226675278810435e+05,-5.394187758890698206e+02,-6.725405708635406876e-01,-3.674715099713770083e-01,3.033672716399771763e-01,5.565449150555667850e-03,-2.120713965187001702e-03,3.218589065686578987e-01,9.467689119371246464e-01
5.249462741795887239e+06,-4.657226749460211140e+05,-5.394128023010180186e+02,-6.719400154372950906e-01,-3.655524201998012201e-01,3.034761649083106971e-01,5.662347772689237113e-03,-2.085096858202340180e-03,3.218496805855864396e-01,9.467715528552240745e-01
5.249462728430056013e+06,-4.657226823250703164e+05,-5.394068293332079520e+02,-6.712526692940654627e-01,-3.633878047373492737e-01,3.033492631257933558e-01,5.716295639553318868e-03,-2.090288403418930248e-03,3.218528313153226628e-01,9.467701461458323253e-01
5.249462715077113360e+06,-4.657226896651215502e+05,-5.394008485017150178e+02,-6.707711936176266043e-01,-3.614847679273497372e-01,3.043412428024536154e-01,5.825917664591080854e-03,-2.066693935970862536e-03,3.218382817858198020e-01,9.467744756999030287e-01
5.249462701735766605e+06,-4.657226969715484302e+05,-5.393948564417497664e+02,-6.702015570060727567e-01,-3.598740949771416231e-01,3.045263260384736825e-01,5.886143934306728269e-03,-2.063835975052157046e-03,3.218492488456614065e-01,9.467703813006969060e-01
5.249462688408222049e+06,-4.657227042389234994e+05,-5.393888680087486591e+02,-6.695330809898539792e-01,-3.573775819511554874e-01,3.040111280938552207e-01,5.963572632816719482e-03,-2.072157245016836499e-03,3.218461948362241754e-01,9.467709167667629488e-01
5.249462675092359073e+06,-4.657227114612685982e+05,-5.393828908038859709e+02,-6.691776453129540947e-01,-3.551655069793582808e-01,3.034333416417705487e-01,6.027430010811721597e-03,-2.066168788522538668e-03,3.218667717685745888e-01,9.467635302784987994e-01
5.249462661780840717e+06,-4.657227186455518822e+05,-5.393769124061884668e+02,-6.692413752533060700e-01,-3.533753691448029421e-01,3.042054467888137270e-01,6.058035184880725989e-03,-2.116659525234163355e-03,3.218592607888861035e-01,9.467657768459483147e-01
5.249462648478827439e+06,-4.657227257960420684e+05,-5.393709282813204027e+02,-6.683368546031257518e-01,-3.516379757120980942e-01,3.040524830284577762e-01,6.109448240107265629e-03,-2.169277075302400003e-03,3.218585497795642403e-01,9.467655690893568288e-01
5.249462635196275078e+06,-4.657227329137327615e+05,-5.393649569155776362e+02,-6.673993223333151148e-01,-3.499522283189240857e-01,3.029456192408180870e-01,6.172050456199265969e-03,-2.222377906410568336e-03,3.218327534377992127e-01,9.467738091246385990e-01
5.249462621927510947e+06,-4.657227399942526827e+05,-5.393590046405651037e+02,-6.671159120529186470e-01,-3.477032580165377862e-01,3.021703514846543204e-01,6.206200238406870025e-03,-2.302993371735787258e-03,3.218436998478182987e-01,9.467696721845952901e-01
5.249462608660501428e+06,-4.657227470351819065e+05,-5.393530709677447703e+02,-6.673886198057946695e-01,-3.457625577280793450e-01,3.011017928131526911e-01,6.239444040759282474e-03,-2.361402114107302892e-03,3.218589829896012500e-01,9.467641143321545716e-01
5.249462595401655883e+06,-4.657227540362225845e+05,-5.393471479894203640e+02,-6.664344294207319441e-01,-3.435277802787027324e-01,3.011527105796650838e-01,6.292780260116407134e-03,-2.393022247993321482e-03,3.218554416173750043e-01,9.467648858415369517e-01
5.249462582166828215e+06,-4.657227609917353257e+05,-5.393412167068520375e+02,-6.651228535103252959e-01,-3.410223618052296568e-01,3.020099580714052379e-01,6.334437223110742608e-03,-2.416731593646141013e-03,3.218501298842531000e-01,9.467663535461643409e-01
5.249462568943982944e+06,-4.657227679014150635e+05,-5.393352730090409750e+02,-6.654232273180448187e-01,-3.386805399218953405e-01,3.024585774051476994e-01,6.328786120240218263e-03,-2.452089246792477691e-03,3.218413645190049688e-01,9.467692801360124699e-01
5.249462555720069446e+06,-4.657227747712426935e+05,-5.393293192894149115e+02,-6.653862595972724892e-01,-3.368155546989352600e-01,3.030808678809859824e-01,6.315730448413489802e-03,-2.446489510159578253e-03,3.218571458188104195e-01,9.467640170198193816e-01
5.249462542510585859e+06,-4.657227816071339766e+05,-5.393233545761697769e+02,-6.640820649129918207e-01,-3.351459890575768097e-01,3.036253017119871500e-01,6.304954199660429449e-03,-2.451918177458883505e-03,3.218561145802787959e-01,9.467644253758382700e-01
5.249462529324793257e+06,-4.657227884017481701e+05,-5.393173693339265355e+02,-6.631877442754204877e-01,-3.324535123972462425e-01,3.052378160161627885e-01,6.332267176138071940e-03,-2.474577701229405645e-03,3.218748686795545044e-01,9.467578084020776830e-01
5.249462516154637560e+06,-4.657227951506206300e+05,-5.393113669387525988e+02,-6.626737881267694696e-01,-3.303545264581025931e-01,3.053965313909061119e-01,6.334969585698404029e-03,-2.500532061505107186e-03,3.218778937448485422e-01,9.467566936749510775e-01
5.249462502991248854e+06,-4.657228018571648281e+05,-5.393053537562672091e+02,-6.627060420656687434e-01,-3.279453074649197331e-01,3.063992280893830245e-01,6.343732196846769283e-03,-2.489345287185855404e-03,3.219113661606218257e-01,9.467452838850906049e-01
5.249462489829251543e+06,-4.657228085247356212e+05,-5.392993321735862082e+02,-6.626944806111789710e-01,-3.262296871582431312e-01,3.062821349677970484e-01,6.361995561825971660e-03,-2.474317007842106054e-03,3.219291803061975488e-01,9.467391433945326895e-01
5.249462476665448397e+06,-4.657228151548311580e+05,-5.392933103560220616e+02,-6.630866816369449523e-01,-3.239050655458963757e-01,3.064768476242048512e-01,6.379422009953099153e-03,-2.424327636645728316e-03,3.219091637227595171e-01,9.467459616612469153e-01
5.249463563813603483e+06,-4.657220070438730181e+05,-5.395992238562188277e+02,-4.045264089696535836e-01,-1.107009288921627643e-01,2.647023827229441628e-01,7.513655054693516369e-03,-4.483384460939861781e-03,3.193856650197678948e-01,9.475914173119164285e-01
5.249463555801309645e+06,-4.657220093124575797e+05,-5.395939984334037263e+02,-4.029439363023870624e-01,-1.075592973239804240e-01,2.647468932912594441e-01,7.506420684208738037e-03,-4.470972464042744475e-03,3.193618089940125637e-01,9.475925807069837115e-01
5.249463547814297490e+06,-4.657220115150386118e+05,-5.395887697376916776e+02,-4.021540308603672176e-01,-1.038810754613000709e-01,2.650723173126352528e-01,7.499609207618951508e-03,-4.494943764739372030e-03,3.193658716346379212e-01,9.475911520157571655e-01
5.249463539853040129e+06,-4.657220136563087581e+05,-5.395835390485633525e+02,-4.004711315427428864e-01,-1.012843888890574418e-01,2.649782051206778233e-01,7.492844796843198436e-03,-4.491833507783606592e-03,3.193685359234375576e-01,9.475903223292302391e-01
5.249463531921493821e+06,-4.657220157439854811e+05,-5.395783015587453519e+02,-3.993133595840729910e-01,-9.834409368944126151e-02,2.658097434061147957e-01,7.467805989652000209e-03,-4.558342061004514757e-03,3.193753024925850559e-01,9.475879218049023667e-01
5.249463524017415941e+06,-4.657220177748905844e+05,-5.395730541460749237e+02,-3.978466244916674666e-01,-9.543915170017257255e-02,2.660113164227698723e-01,7.477793097813659022e-03,-4.601121391813305442e-03,3.193729297322650540e-01,9.475884360037681864e-01
5.249463516141143627e+06,-4.657220197522316594e+05,-5.395678063636657953e+02,-3.966522504783553948e-01,-9.282041826092805870e-02,2.658784845003365205e-01,7.491307924079837824e-03,-4.616331202191364773e-03,3.193498322110384646e-01,9.475960397026886861e-01
5.249463508290006779e+06,-4.657220216738031013e+05,-5.395625669372830089e+02,-3.954760198375237290e-01,-8.966577782633927685e-02,2.651934342064038996e-01,7.484679144700598016e-03,-4.689678555708602474e-03,3.193872858537998294e-01,9.475831088246735590e-01
5.249463500455286354e+06,-4.657220235422461410e+05,-5.395573406084390626e+02,-3.951465530440894658e-01,-8.731674581167299387e-02,2.645884921637155496e-01,7.476897171735837934e-03,-4.736404325062297874e-03,3.193569729161723214e-01,9.475931544362449221e-01
5.249463492643138394e+06,-4.657220253502069390e+05,-5.395521198409011276e+02,-3.933724819736107992e-01,-8.340238899234631020e-02,2.646741997701761995e-01,7.539713825384749234e-03,-4.737515790543028044e-03,3.193595288713952374e-01,9.475917897389252165e-01
5.249463484862028621e+06,-4.657220270939660259e+05,-5.395468976539694950e+02,-3.921735268203752622e-01,-8.071534804717182821e-02,2.647682457792463473e-01,7.567083296823717137e-03,-4.740088391261927311e-03,3.193668979031979438e-01,9.475890751471629514e-01
5.249463477103606798e+06,-4.657220287836065982e+05,-5.395416662416334930e+02,-3.912546080712234198e-01,-7.778567192697354027e-02,2.656568417467098375e-01,7.587764312734399455e-03,-4.781296898192077122e-03,3.193954779632262042e-01,9.475790698889677843e-01
5.249463469372214749e+06,-4.657220304112329031e+05,-5.395364225121787740e+02,-3.896201607508681386e-01,-7.430567060842301064e-02,2.660455596806995393e-01,7.608868477589552509e-03,-4.780438613178395781e-03,3.194015019659640076e-01,9.475768744917220099e-01
5.249463461675788276e+06,-4.657220319779155543e+05,-5.395311691439420656e+02,-3.878813313294955933e-01,-7.151763110949915792e-02,2.666724728920497056e-01,7.641067710516677262e-03,-4.719003286299022944e-03,3.193924691511231817e-01,9.475799679944608700e-01
5.249463454013311304e+06,-4.657220334852019441e+05,-5.395259093795680201e+02,-3.863772278507758284e-01,-6.815136260674445334e-02,2.667211501147223607e-01,7.638362326418288335e-03,-4.687248970559384359e-03,3.194060223467947712e-01,9.475755790486807273e-01
5.249463446378411725e+06,-4.657220349316650536e+05,-5.395206406380383442e+02,-3.852755476918560129e-01,-6.522741727131101119e-02,2.676318017283881856e-01,7.660627650909543861e-03,-4.715930160098134524e-03,3.193985319944554480e-01,9.475777817939097236e-01
5.249463438769174740e+06,-4.657220363258185680e+05,-5.395153543498362296e+02,-3.839417954763278407e-01,-6.273910720325846790e-02,2.685366671423160545e-01,7.700072467408329568e-03,-4.671252415271725730e-03,3.193966153974168720e-01,9.475783294064233919e-01
5.249463431191136129e+06,-4.657220376671729609e+05,-5.395100506623292631e+02,-3.822955211363137651e-01,-5.975020132458602057e-02,2.694318123620190186e-01,7.710376442151741123e-03,-4.608305988207946936e-03,3.193862901818554367e-01,9.475820340520498819e-01
5.249463423647865653e+06,-4.657220389529631357e+05,-5.395047314332092583e+02,-3.805982837424131127e-01,-5.699708837346039586e-02,2.701467268628458540e-01,7.749694130630162617e-03,-4.556946551896314326e-03,3.193870976373154313e-01,9.475816895367435988e-01
5.249463416141164489e+06,-4.657220401791805052e+05,-5.394993909334530144e+02,-3.787956802930655953e-01,-5.357460711458084807e-02,2.716364496209030532e-01,7.783778595187855476e-03,-4.498495383532878991e-03,3.193997653472442910e-01,9.475774196496560275e-01
5.249463408666869625e+06,-4.657220413467430044e+05,-5.394940238544602380e+02,-3.775037228635064190e-01,-5.093081316720118878e-02,2.728765302312221586e-01,7.807019111060726699e-03,-4.464368577040724040e-03,3.194083991471547979e-01,9.475744796183405150e-01
5.249463401220434345e+06,-4.657220424617230892e+05,-5.394886379458616830e+02,-3.761648580069114067e-01,-4.810540343822108933e-02,2.735769068065238563e-01,7.872794786625123345e-03,-4.457939068208680196e-03,3.194335329663958167e-01,9.475654931994115238e-01
5.249463393798140809e+06,-4.657220435213661985e+05,-5.394832456376562959e+02,-3.752589166249893360e-01,-4.515851176418254898e-02,2.735528010484084560e-01,7.905934398433371244e-03,-4.434460889937084406e-03,3.194069261546609306e-01,9.475742964468245599e-01
5.249463386402865872e+06,-4.657220445224563009e+05,-5.394778540529687234e+02,-3.736221159918945434e-01,-4.202867493947474303e-02,2.735413019979322513e-01,7.959215912513155702e-03,-4.409397241386849541e-03,3.194061718899063318e-01,9.475742216107743143e-01
5.249463379037559032e+06,-4.657220454656399670e+05,-5.394724633034143153e+02,-3.724263469861591735e-01,-3.913998880758495086e-02,2.735062793987176333e-01,8.038131735298752883e-03,-4.413948280809569177e-03,3.193651947781039335e-01,9.475873457723958948e-01
5.249463371696059592e+06,-4.657220463585871039e+05,-5.394670711130041809e+02,-3.713933087884788153e-01,-3.679596998069478708e-02,2.737299679198146873e-01,8.063275992761038263e-03,-4.411325572197660576e-03,3.193577501703401267e-01,9.475896533828237489e-01
5.249463364377484657e+06,-4.657220472012660466e+05,-5.394616755592584241e+02,-3.703126292793363361e-01,-3.387218837000650906e-02,2.738859680843985234e-01,8.061395313480436767e-03,-4.475157798835165124e-03,3.193763237868983973e-01,9.475831101692318015e-01
5.249463357086620294e+06,-4.657220479806035291e+05,-5.394562781141868300e+02,-3.688192357990964787e-01,-3.019383587539685096e-02,2.739597501192480022e-01,8.081341418042632327e-03,-4.539552410484593882e-03,3.193771324927726085e-01,9.475823613972363946e-01
5.249463349824875593e+06,-4.657220486974561936e+05,-5.394508774896364685e+02,-3.675720951064120889e-01,-2.739141172852179590e-02,2.742515907503295658e-01,8.142194923313620172e-03,-4.579351993865416783e-03,3.193542713513481401e-01,9.475893538726305465e-01
5.249463342586185783e+06,-4.657220493580434704e+05,-5.394454774205684089e+02,-3.667102727817472263e-01,-2.429800239835831072e-02,2.739338820221008941e-01,8.186707762186750878e-03,-4.639158644388294457e-03,3.193250024184496882e-01,9.475985430865845327e-01
5.249463335364170372e+06,-4.657220499632633873e+05,-5.394400763916642063e+02,-3.660990463150062824e-01,-2.159310668659358487e-02,2.744009977942998835e-01,8.238859007680208318e-03,-4.691983960270594209e-03,3.193247796291582286e-01,9.475979060815519217e-01
5.249463328155658208e+06,-4.657220505104877520e+05,-5.394346623728949908e+02,-3.655856220310352289e-01,-1.818708296131425414e-02,2.752979297952586890e-01,8.226786937491414181e-03,-4.709086291841615458e-03,3.193146784679171679e-01,9.476013299931924649e-01
5.249463320967081934e+06,-4.657220509900864563e+05,-5.394292259006638233e+02,-3.643236934626357115e-01,-1.453387832070579186e-02,2.767274859107210494e-01,8.250217140932367132e-03,-4.700431187730245118e-03,3.193466643291655305e-01,9.475903903337962175e-01
5.249463313802761957e+06,-4.657220514021227136e+05,-5.394237649274667774e+02,-3.633786957204448997e-01,-1.113213004094387726e-02,2.778201663708670943e-01,8.241743623067881303e-03,-4.734528697753106162e-03,3.193274199978914929e-01,9.475967796195213788e-01
5.249463306662259623e+06,-4.657220517579083680e+05,-5.394182892032908967e+02,-3.621121209035366162e-01,-8.675402304629004774e-03,2.782550241768286803e-01,8.217376573206066140e-03,-4.730488124087507337e-03,3.193154575581966248e-01,9.476010425156898842e-01
5.249463299546287395e+06,-4.657220520563944010e+05,-5.394127888145857241e+02,-3.611595258034323574e-01,-5.084762930793367344e-03,2.803909376577695123e-01,8.208738253827826958e-03,-4.736347012281116355e-03,3.193217999103369897e-01,9.475989508984155041e-01
5.249463292463214137e+06,-4.657220522921214579e+05,-5.394072500251741076e+02,-3.589910007059191610e-01,-2.177462960180426722e-03,2.821906602986439250e-01,8.166948414716232105e-03,-4.771402365882606439e-03,3.193265437293554276e-01,9.475975375399486866e-01
5.249463285423917696e+06,-4.657220524686676799e+05,-5.394016776915458422e+02,-3.569724913409967892e-01,1.087644470707141041e-03,2.838363614978365312e-01,8.147207810763890112e-03,-4.791487922021092812e-03,3.193312090618600774e-01,9.475960339600068005e-01
5.249463278415993787e+06,-4.657220525858254405e+05,-5.393960760147134579e+02,-3.560713432810537760e-01,4.054684818034070409e-03,2.852082395143074045e-01,8.170432311339586098e-03,-4.797154312882946636e-03,3.193381680142557966e-01,9.475934601955282588e-01
5.249463271429002285e+06,-4.657220526463827700e+05,-5.393904518950729425e+02,-3.550972148872385548e-01,7.041665128419450324e-03,2.861514209699162481e-01,8.180858628751421641e-03,-4.834633512507876922e-03,3.193205575726654200e-01,9.475991142843637194e-01
5.249463264463265426e+06,-4.657220526466915617e+05,-5.393848040046826782e+02,-3.541887509129715839e-01,1.040398981144650091e-02,2.876745036421076707e-01,8.200112428260335901e-03,-4.873318528859421281e-03,3.193356708313860315e-01,9.475936567263303356e-01
5.249463257525271736e+06,-4.657220525856012828e+05,-5.393791271228685673e+02,-3.525267907211798724e-01,1.345555551038075774e-02,2.891375766203576059e-01,8.215586316329480387e-03,-4.845622006886724648e-03,3.193583622928377608e-01,9.475860174852556161e-01
5.249463250622099265e+06,-4.657220524595184252e+05,-5.393734267573771604e+02,-3.509484898836054412e-01,1.722878416092774381e-02,2.900949597509130951e-01,8.244790741984676929e-03,-4.887784123486831056e-03,3.193403671405373179e-01,9.475916118867673266e-01
5.249463243750082329e+06,-4.657220522753592813e+05,-5.393677168218019915e+02,-3.495955559801075530e-01,1.950972131640477808e-02,2.901386330674574077e-01,8.262283629938908802e-03,-4.904693117350970855e-03,3.193388164960891396e-01,9.475918947234452938e-01
5.249463236905661412e+06,-4.657220520528564230e+05,-5.393620015335054632e+02,-3.483569611114142872e-01,2.128433852967413775e-02,2.906911617649505786e-01,8.228064182791384670e-03,-4.938002021673161025e-03,3.193374578050910406e-01,9.475924773608348506e-01
5.249463230088028125e+06,-4.657220517955223913e+05,-5.393562710517810501e+02,-3.470964024356348876e-01,2.322494660757628768e-02,2.917352748627718428e-01,8.236893912296270118e-03,-4.978834335720997567e-03,3.193514483072094068e-01,9.475874720912319527e-01
5.249463223296043463e+06,-4.657220514920749702e+05,-5.393505365506028966e+02,-3.460229593207497789e-01,2.621226333628498550e-02,2.911157016251710861e-01,8.247080733970353628e-03,-5.003913652392431334e-03,3.193168147176234095e-01,9.475989227302251683e-01
5.249463216531375423e+06,-4.657220511303374660e+05,-5.393448137404969884e+02,-3.446006658561596159e-01,2.936491318782081389e-02,2.905929675549602798e-01,8.303915465209605468e-03,-5.092623510828432620e-03,3.193186192626834563e-01,9.475973457011301893e-01
5.249463209798554890e+06,-4.657220507127066958e+05,-5.393390999497459006e+02,-3.430506184874563824e-01,3.208081536337630685e-02,2.902461371617685582e-01,8.339704199144051810e-03,-5.157185096106837660e-03,3.193225294904171174e-01,9.475953645676240544e-01
5.249463203101091087e+06,-4.657220502361193066e+05,-5.393333914898217927e+02,-3.413125836643866040e-01,3.558541916511928638e-02,2.900987186982718069e-01,8.383351325911992530e-03,-5.258989248863730342e-03,3.193187229620459977e-01,9.475957026251190518e-01
5.249463196440828033e+06,-4.657220496988123632e+05,-5.393276839583322726e+02,-3.395426846128026255e-01,3.843479805268025518e-02,2.902004212274292283e-01,8.415357469377460556e-03,-5.329381945434938893e-03,3.192603887635004911e-01,9.476146809906178525e-01
5.249464011951290071e+06,-4.657215461081627291e+05,-5.396174952891071825e+02,-1.425695418493777011e-01,1.722984062550773909e-01,2.521272386912294938e-01,9.055170390573798536e-03,-6.954775777713800324e-03,3.173831963284869384e-01,9.482323603674619461e-01
5.249464009211939760e+06,-4.657215427500701626e+05,-5.396125031797022302e+02,-1.402478969903909189e-01,1.756841737106785151e-01,2.533391118874740444e-01,9.136714858944740628e-03,-7.013242574378610907e-03,3.173609796906427527e-01,9.482348566982852223e-01
5.249464006521202624e+06,-4.657215393257784308e+05,-5.396074785143616737e+02,-1.378630258776813999e-01,1.791153707533284234e-01,2.554655097256240959e-01,9.178986228320164947e-03,-7.059970539573917278e-03,3.173611166225696611e-01,9.482340558649992035e-01
5.249464003884658217e+06,-4.657215358332727919e+05,-5.396024153127181080e+02,-1.349765596531405931e-01,1.826961702097077422e-01,2.572676342131723914e-01,9.206990863084619364e-03,-7.076283998105370107e-03,3.173440517401553973e-01,9.482393739811432187e-01
5.249464001296139322e+06,-4.657215322638412472e+05,-5.395973183336166130e+02,-1.332638026581204060e-01,1.870784642406986553e-01,2.589142849885071596e-01,9.196819879125926744e-03,-7.074189255418401531e-03,3.173473298929771480e-01,9.482383912182507091e-01
5.249463998752027750e+06,-4.657215286187143065e+05,-5.395921881616602604e+02,-1.306906272069643660e-01,1.904637890859559868e-01,2.606616271320517653e-01,9.242529983782393418e-03,-7.070227642114523120e-03,3.173667502922280503e-01,9.482314766712464094e-01
5.249463996253026649e+06,-4.657215249085478717e+05,-5.395870300060130376e+02,-1.289284360514424133e-01,1.938102581276884284e-01,2.617715655013137521e-01,9.251648279410449108e-03,-7.098741764438251840e-03,3.173837284857676244e-01,9.482254920551971278e-01
5.249463993788377382e+06,-4.657215211385986768e+05,-5.395818534193456344e+02,-1.274228575027643862e-01,1.966597728973816794e-01,2.625560038404236574e-01,9.251256862637077458e-03,-7.080645450239513201e-03,3.174279593524813037e-01,9.482108253705446854e-01
5.249463991360347718e+06,-4.657215173018726055e+05,-5.395766596798169985e+02,-1.254626273056868857e-01,2.007534768472075959e-01,2.635427922527285860e-01,9.251436495263616611e-03,-7.003287216838944770e-03,3.174108387351239902e-01,9.482171293366487008e-01
5.249463988970226608e+06,-4.657215133914201288e+05,-5.395714515007640557e+02,-1.238233713341719971e-01,2.042847888067220452e-01,2.640439057995947469e-01,9.228466311357982205e-03,-7.006646870686347728e-03,3.174267246916951946e-01,9.482120104621110102e-01
5.249463986619526520e+06,-4.657215094046454760e+05,-5.395662292195970622e+02,-1.217309558374148337e-01,2.086663700857675496e-01,2.650087472759627971e-01,9.208067319127752337e-03,-6.965735152906662835e-03,3.174444214177451484e-01,9.482065858059347541e-01
5.249463984312141314e+06,-4.657215053355037817e+05,-5.395609972182551246e+02,-1.196991946164443765e-01,2.127966724809118859e-01,2.650476230215143558e-01,9.184845913278586946e-03,-6.993847792067916548e-03,3.174293623950105725e-01,9.482116454748428236e-01
5.249463982046271674e+06,-4.657215011947661988e+05,-5.395557629421207366e+02,-1.177624255783013413e-01,2.160663875940636580e-01,2.652736235506811813e-01,9.168635832819377329e-03,-7.012985758982302580e-03,3.174125861033235685e-01,9.482172769770659260e-01
5.249463979819339700e+06,-4.657214969886405743e+05,-5.395505241299001682e+02,-1.160069844737733752e-01,2.195976322448371931e-01,2.655395860381024042e-01,9.166491549300204850e-03,-7.059254992320494054e-03,3.174171543736878931e-01,9.482154251481155205e-01
5.249463977633690462e+06,-4.657214927140912041e+05,-5.395452801573783290e+02,-1.138288431392056876e-01,2.231596997539608829e-01,2.658286220521622889e-01,9.169384055934861819e-03,-7.131440796075986556e-03,3.174068497369632591e-01,9.482183064659361893e-01
5.249463975495110266e+06,-4.657214883717406192e+05,-5.395400296597980514e+02,-1.114899482678400194e-01,2.266201755832386033e-01,2.662344516287535323e-01,9.152781289013301597e-03,-7.187522978750463497e-03,3.174261520050066787e-01,9.482115819590229977e-01
5.249463973397593014e+06,-4.657214839612302021e+05,-5.395347838426380349e+02,-1.099418874900738863e-01,2.302632125007846586e-01,2.653686592310172676e-01,9.136909243827795110e-03,-7.229774803354143201e-03,3.174486623135714947e-01,9.482038779039223542e-01
5.249463971344441175e+06,-4.657214794798252988e+05,-5.395295587393685537e+02,-1.072453840797218533e-01,2.339596897194920200e-01,2.641614314360212767e-01,9.110868051112601396e-03,-7.301568301412098873e-03,3.174315011613781934e-01,9.482093235600027592e-01
5.249463969345056452e+06,-4.657214749307392631e+05,-5.395243484190185654e+02,-1.047524693852442401e-01,2.372716833082936516e-01,2.639150159704075627e-01,9.126925277131915648e-03,-7.368327563308177917e-03,3.174061566257181943e-01,9.482171369222218704e-01
5.249463967395932414e+06,-4.657214703147549881e+05,-5.395191424364612658e+02,-1.024281877228844229e-01,2.409158284905920655e-01,2.637542564396435640e-01,9.128582550943275045e-03,-7.479224751802085458e-03,3.173932385341861062e-01,9.482205768409600610e-01
5.249463965504382737e+06,-4.657214656300849747e+05,-5.395139393949347095e+02,-9.916974291496161165e-02,2.443638111257926404e-01,2.636493959474929261e-01,9.117358348574038443e-03,-7.510210163048263929e-03,3.173759909429261783e-01,9.482262129513862048e-01
5.249463963673288934e+06,-4.657214608729513711e+05,-5.395087384223394338e+02,-9.660423679027417554e-02,2.484515534120248226e-01,2.635763092684598741e-01,9.163230290087569924e-03,-7.526586122641173299e-03,3.173532570234725014e-01,9.482332497887424605e-01
5.249463961902216077e+06,-4.657214560508531868e+05,-5.395035280555266581e+02,-9.331581190582048657e-02,2.510382959188262597e-01,2.646509500489970246e-01,9.208864232482814882e-03,-7.539124901367879987e-03,3.173849754831752912e-01,9.482220920174441181e-01
5.249463960186284035e+06,-4.657214511725954362e+05,-5.394982980539589335e+02,-9.130417243357853707e-02,2.543427790319455761e-01,2.655982191108662294e-01,9.240395307557897758e-03,-7.567102650316268747e-03,3.173503869626749241e-01,9.482331390459631804e-01
5.249463958519411273e+06,-4.657214462285828195e+05,-5.394930477841993479e+02,-8.861563700216015804e-02,2.578761639656451110e-01,2.667419707331619705e-01,9.253642049987445897e-03,-7.563331669034066389e-03,3.173489327546801242e-01,9.482335266387603712e-01
5.249463956904664636e+06,-4.657214412164494861e+05,-5.394877776118401016e+02,-8.631322705410612861e-02,2.614389155519910024e-01,2.676461802309470506e-01,9.317828441720908336e-03,-7.568810305607000244e-03,3.173336679588532605e-01,9.482379629629656970e-01
5.249463955339431763e+06,-4.657214361390835256e+05,-5.394824952438118544e+02,-8.387169283080415927e-02,2.646617236635154802e-01,2.680041029672795005e-01,9.413279467391965499e-03,-7.598236964361348988e-03,3.173172193398563490e-01,9.482422893527615582e-01
5.249463953820151277e+06,-4.657214309960925020e+05,-5.394772010830419049e+02,-8.195945228699913487e-02,2.683164575722606360e-01,2.688832250693150572e-01,9.462210450034787626e-03,-7.557981438446491861e-03,3.173000889073582242e-01,9.482478563712021247e-01
5.249463952342444099e+06,-4.657214257792252465e+05,-5.394718920384859757e+02,-7.997523936656152077e-02,2.723893056641634725e-01,2.695438620371362060e-01,9.535183592371888547e-03,-7.525572107276538684e-03,3.172900088525520967e-01,9.482507560584513273e-01
5.249463950915895402e+06,-4.657214204858014709e+05,-5.394665715059586546e+02,-7.707228533035634377e-02,2.762640049714706891e-01,2.700798437967944499e-01,9.605840256934221333e-03,-7.540365081037659484e-03,3.172641974100182671e-01,9.482585616883830726e-01
5.249463949542724527e+06,-4.657214151181419729e+05,-5.394612400658548950e+02,-7.489353978007379231e-02,2.801402957149674022e-01,2.706845605106553143e-01,9.654631774440182446e-03,-7.588936265820397063e-03,3.172389268608834523e-01,9.482661332471354898e-01
5.249463948221668601e+06,-4.657214096734889317e+05,-5.394559044168204309e+02,-7.211484064708470476e-02,2.842812757666305923e-01,2.705282351355158266e-01,9.717394813901440026e-03,-7.662308314489920703e-03,3.172692166515030388e-01,9.482547682368356323e-01
5.249463946958142333e+06,-4.657214041548778769e+05,-5.394505726690265419e+02,-6.937120766295511165e-02,2.878266542650489979e-01,2.703210351893871599e-01,9.748822115675560146e-03,-7.730694176683190408e-03,3.172516207645355024e-01,9.482597777021879448e-01
5.249463945744958706e+06,-4.657213985664848587e+05,-5.394452502874823949e+02,-6.734752904946783580e-02,2.916002667350083843e-01,2.696032866056321531e-01,9.765651573843337624e-03,-7.773925346419241489e-03,3.172737301202147586e-01,9.482518538668385233e-01
5.249463944585679099e+06,-4.657213929047139827e+05,-5.394399419744132729e+02,-6.421772542522997951e-02,2.954659956863243675e-01,2.689265894897124864e-01,9.773682366987411496e-03,-7.832844445480633550e-03,3.172475715859164325e-01,9.482600382054880983e-01
5.249463943487439305e+06,-4.657213871718762675e+05,-5.394346381673344695e+02,-6.148326526656153895e-02,2.990098298493257811e-01,2.691933730394174829e-01,9.794060740601958498e-03,-7.876680630413655793e-03,3.172221107834119480e-01,9.482679825670641272e-01
5.249463942435154691e+06,-4.657213813626698102e+05,-5.394293404694598166e+02,-5.994988041559633218e-02,3.035279958123537902e-01,2.683218085602441239e-01,9.832030886661692268e-03,-7.916073281832551253e-03,3.172234701538531598e-01,9.482668068604565015e-01
5.249463941428208724e+06,-4.657213754723658203e+05,-5.394240550499340543e+02,-5.721416276530428419e-02,3.074558867638525483e-01,2.679878069495176818e-01,9.864377075612917531e-03,-7.973688554759354383e-03,3.171968629095188175e-01,9.482748887190628473e-01
5.249463940471334383e+06,-4.657213695081217447e+05,-5.394187757940067058e+02,-5.523321363186075444e-02,3.112919063029260802e-01,2.677303648668854508e-01,9.877876480381575508e-03,-8.013813036842841117e-03,3.172034324218171997e-01,9.482722124356294247e-01
5.249463939570507035e+06,-4.657213634698007372e+05,-5.394134981185126207e+02,-5.185756788210911516e-02,3.151728247818725293e-01,2.678662781081749267e-01,9.858883720294298741e-03,-8.068486000624125465e-03,3.172015039022872962e-01,9.482725915738129396e-01
5.249463938735582866e+06,-4.657213573536167387e+05,-5.394082126005582722e+02,-4.892785648237614471e-02,3.194369707003733017e-01,2.685686384050557929e-01,9.825154516842005831e-03,-8.074470986926931063e-03,3.172328779169854562e-01,9.482623953790251248e-01
5.249463937960973009e+06,-4.657213511596863973e+05,-5.394029184689189833e+02,-4.609749331439778192e-02,3.232906796241252212e-01,2.687668911557584139e-01,9.793776805882135894e-03,-8.084817472945688907e-03,3.172400317693516714e-01,9.482602385271396983e-01
5.249463937235825695e+06,-4.657213448908252176e+05,-5.393976154846702684e+02,-4.430386632418481518e-02,3.273434621517720133e-01,2.695100904348154414e-01,9.814851776923089535e-03,-8.065202442482662104e-03,3.172349717941269631e-01,9.482618804598965667e-01
5.249463936558568850e+06,-4.657213385466515319e+05,-5.393922917362768885e+02,-4.159097690602484715e-02,3.311799558976642466e-01,2.709204352116614256e-01,9.815096517274527615e-03,-8.052065681666404490e-03,3.172093249264699710e-01,9.482705691777048029e-01
5.249463935929995961e+06,-4.657213321321737021e+05,-5.393869463951139096e+02,-3.974129740659353843e-02,3.347637353650164682e-01,2.717285165452844597e-01,9.859266105804086189e-03,-8.041572070450558885e-03,3.171847353731277463e-01,9.482784252048968021e-01
5.249463935348604806e+06,-4.657213256434589857e+05,-5.393815842941082792e+02,-3.719165923457701250e-02,3.390054583825425905e-01,2.726586819594727928e-01,9.898718585002569750e-03,-8.058821254041639154e-03,3.171764722418817795e-01,9.482806316176062289e-01
5.249463934819798917e+06,-4.657213190811348031e+05,-5.393762050775139869e+02,-3.477227834670148371e-02,3.424849934738140589e-01,2.735006304103368424e-01,9.990725610374963025e-03,-8.060436243813039886e-03,3.171756613585280937e-01,9.482799242246778837e-01
5.249463934338377789e+06,-4.657213124504896696e+05,-5.393708052400980932e+02,-3.277613104023369139e-02,3.462441624901371195e-01,2.747960943373857767e-01,1.009656085430131814e-02,-8.019939694748068337e-03,3.171824327523743436e-01,9.482768817482184476e-01
5.249463933899030089e+06,-4.657213057479168056e+05,-5.393653862302996913e+02,-3.090118026878334312e-02,3.501052524988023662e-01,2.754740471828277526e-01,1.015068507827401358e-02,-7.999893988765683153e-03,3.171728997926686611e-01,9.482796618122032450e-01
5.249463933506061323e+06,-4.657212989713581628e+05,-5.393599519557550366e+02,-2.846236525852310559e-02,3.540494611809529291e-01,2.763862922447270498e-01,1.016275620010113727e-02,-7.994470478204479535e-03,3.171822716782820573e-01,9.482764435777223389e-01
5.249463933172440156e+06,-4.657212921144514112e+05,-5.393545068594515897e+02,-2.529744489635236959e-02,3.585519726703629839e-01,2.765968498227555084e-01,1.021839691441041829e-02,-8.010058799592791740e-03,3.172018656499466238e-01,9.482691600154340428e-01
5.249464465419073589e+06,-4.657210800265746075e+05,-5.396280181154028242e+02,1.079037798486701810e-01,4.155252223987756510e-01,2.414353161540973569e-01,1.038545721380061161e-02,-8.978164079126819963e-03,3.152458414433922940e-01,9.489137350587526498e-01
5.249464467720657587e+06,-4.657210718313985271e+05,-5.396232475272222473e+02,1.107978382233760634e-01,4.192432853332461185e-01,2.411672796323184320e-01,1.040609518016215318e-02,-8.985098234540998124e-03,3.152757064995923564e-01,9.489005270043446849e-01
5.249464470080976374e+06,-4.657210635520679061e+05,-5.396184766560483013e+02,1.135298440185660007e-01,4.242536446555921215e-01,2.414948086216880119e-01,1.040516218982915492e-02,-8.996230141716150125e-03,3.152817861217288575e-01,9.488984117651376726e-01
5.249464472501627170e+06,-4.657210551784315612e+05,-5.396136987073010687e+02,1.165971596612705163e-01,4.289660028382863421e-01,2.419079373489859963e-01,1.047011551020260445e-02,-9.024752869259442672e-03,3.152761130743698126e-01,9.488993113661930989e-01
5.249464474981807172e+06,-4.657210467125458526e+05,-5.396089187562303096e+02,1.192302806511335994e-01,4.338003733127661077e-01,2.417129687356272538e-01,1.048408219405787094e-02,-9.076489924149784561e-03,3.152176348602273026e-01,9.489180913526841232e-01
5.249464477521146648e+06,-4.657210381537777721e+05,-5.396041464562773626e+02,1.222702632490969415e-01,4.385580128466958771e-01,2.411520222106445788e-01,1.054219334858939525e-02,-9.091071465413163785e-03,3.152389008951538840e-01,9.489102433928345848e-01
5.249464480116997845e+06,-4.657210295096845948e+05,-5.395993813648291280e+02,1.246401931902226812e-01,4.426332618552531462e-01,2.410115391273418839e-01,1.056572630301446519e-02,-9.160985518228900726e-03,3.152267192936274443e-01,9.489133560510366605e-01
5.249464482770514674e+06,-4.657210207893548650e+05,-5.395946107270838183e+02,1.278235676465821757e-01,4.464421040949028696e-01,2.417490380767965408e-01,1.058647450750353596e-02,-9.174951125272244601e-03,3.152360861216914611e-01,9.489098781836896590e-01
5.249464485476771370e+06,-4.657210119910821668e+05,-5.395898349833930752e+02,1.296420290024004052e-01,4.507685630970548196e-01,2.415400808869638538e-01,1.060857768836794349e-02,-9.232642167510844711e-03,3.152357582547404280e-01,9.489091806894529579e-01
5.249464488229642622e+06,-4.657210031083814101e+05,-5.395850629936330733e+02,1.322246503987124788e-01,4.552087209720703798e-01,2.413927235642306657e-01,1.063969096804626147e-02,-9.294568576464996845e-03,3.152270603080041256e-01,9.489111172835389407e-01
5.249464491037038155e+06,-4.657209941504896269e+05,-5.395802906261360476e+02,1.348734157092317532e-01,4.585604181833873305e-01,2.416075685480794932e-01,1.062410573900664582e-02,-9.336045830484225941e-03,3.151919903114688837e-01,9.489225342221470072e-01
5.249464493905625306e+06,-4.657209851232218789e+05,-5.395755057151757228e+02,1.381149458741796343e-01,4.624226934913089893e-01,2.426981645344974403e-01,1.065288542702693721e-02,-9.390051652722318856e-03,3.151862787312683656e-01,9.489235758211850280e-01
5.249464496834121644e+06,-4.657209760203353362e+05,-5.395706996664123380e+02,1.406038710669743064e-01,4.664368787939757177e-01,2.437714397265329236e-01,1.071972250805433395e-02,-9.478203047918631885e-03,3.151995460471558319e-01,9.489175398727355271e-01
5.249464499818269163e+06,-4.657209668353229063e+05,-5.395658656419961972e+02,1.434036493371020904e-01,4.709705106209582937e-01,2.455644214391154156e-01,1.082362383014489650e-02,-9.539301073211044896e-03,3.151959361124627157e-01,9.489169472895061519e-01
5.249464502858764492e+06,-4.657209575641182018e+05,-5.395610065524342644e+02,1.459569266977996105e-01,4.754010934983770031e-01,2.463210060478157881e-01,1.089215510804142362e-02,-9.582536141773902519e-03,3.152031688116368469e-01,9.489133250328458669e-01
5.249464505956902169e+06,-4.657209482111057732e+05,-5.395561392031650030e+02,1.489077548190372025e-01,4.794656489062710247e-01,2.464159157244568965e-01,1.097582764861156947e-02,-9.655442688862812470e-03,3.152101375602875954e-01,9.489093069999988694e-01
5.249464509121474810e+06,-4.657209387746512075e+05,-5.395512560447755277e+02,1.523276270860602633e-01,4.840698215648185365e-01,2.479655498392294710e-01,1.107856077234197281e-02,-9.691329766295676482e-03,3.152593070065887737e-01,9.488914126838186025e-01
5.249464512353681028e+06,-4.657209292509520310e+05,-5.395463589210024793e+02,1.553920118517151949e-01,4.885334846830182154e-01,2.478330176258254081e-01,1.114261002330830738e-02,-9.716685792157508939e-03,3.152476698028611746e-01,9.488942696879093530e-01
5.249464515654743649e+06,-4.657209196433773031e+05,-5.395414598175609626e+02,1.589542794188923414e-01,4.927739394134701412e-01,2.481975158094444356e-01,1.119529046853580054e-02,-9.732046577663196196e-03,3.152179765843272086e-01,9.489033565569174877e-01
5.249464519031421281e+06,-4.657209099532863474e+05,-5.395365535825629877e+02,1.626928376201097759e-01,4.971055370924996608e-01,2.485810785247352939e-01,1.121522480353978439e-02,-9.740027567431679828e-03,3.151723231030680306e-01,9.489182037742738274e-01
5.249464522478799336e+06,-4.657209001786861336e+05,-5.395316392350031265e+02,1.657312408337404674e-01,5.015820560128937400e-01,2.490455338454686807e-01,1.126169288469590357e-02,-9.762110257344349881e-03,3.151756006300549529e-01,9.489163379118011887e-01
5.249464525987477973e+06,-4.657208903178793262e+05,-5.395267154295657974e+02,1.685155013798599055e-01,5.061046798503349153e-01,2.495653068377707007e-01,1.135918536824590160e-02,-9.766236162490211578e-03,3.151492683522778560e-01,9.489238790919685140e-01
5.249464529564744793e+06,-4.657208803766832571e+05,-5.395217915401526625e+02,1.723438256574060523e-01,5.099214569879251258e-01,2.490657754152368897e-01,1.142771408210288553e-02,-9.764352423374022052e-03,3.151100138027888020e-01,9.489361117014862845e-01
5.249464533216652460e+06,-4.657208703590217629e+05,-5.395168691467229110e+02,1.756983930735324384e-01,5.140906789127085430e-01,2.494512115798995511e-01,1.148550738383505646e-02,-9.766089045839483618e-03,3.151202105087336780e-01,9.489320100375717715e-01
5.249464536936641671e+06,-4.657208602569437353e+05,-5.395119538738209712e+02,1.788401830000999893e-01,5.187489726394026723e-01,2.483490353540466489e-01,1.150030016140070679e-02,-9.766151545613967894e-03,3.151171326256357874e-01,9.489328523290830875e-01
5.249464540726925246e+06,-4.657208500632182113e+05,-5.395070601251844664e+02,1.824140632466897116e-01,5.236390835235157359e-01,2.472942609884480614e-01,1.150357650805609172e-02,-9.794197999289157644e-03,3.151314560136007636e-01,9.489277669931561743e-01
5.249464544585502706e+06,-4.657208397715510218e+05,-5.395021785390416653e+02,1.853058596054680818e-01,5.289930563003646391e-01,2.471528145763099982e-01,1.154676082149380320e-02,-9.810390119999595759e-03,3.151165016879231562e-01,9.489320413259592080e-01
5.249464548514393158e+06,-4.657208293803093839e+05,-5.394973010731082468e+02,1.891225059032673461e-01,5.339888750164888398e-01,2.468983450118044931e-01,1.162958385620300669e-02,-9.846614615040013771e-03,3.150984713575358809e-01,9.489366419537685893e-01
5.249464552524027415e+06,-4.657208188954454963e+05,-5.394924225023472673e+02,1.930688979619261669e-01,5.387256688118580161e-01,2.472976267162924902e-01,1.171063579923029181e-02,-9.881855363420403299e-03,3.151195907195393220e-01,9.489282657957992528e-01
5.249464556602183729e+06,-4.657208083203837159e+05,-5.394875383266955851e+02,1.956114215769422515e-01,5.434532965940951366e-01,2.474880406455898241e-01,1.177160336762196266e-02,-9.917787171458278955e-03,3.150986126256947184e-01,9.489341027251692040e-01
5.249464560732432641e+06,-4.657207976568883751e+05,-5.394826508912879035e+02,1.979103381728465616e-01,5.480236510790745807e-01,2.476537613901728663e-01,1.187048897860523700e-02,-9.888974403952302192e-03,3.150675537115365521e-01,9.489434843132517061e-01
5.249464564914767630e+06,-4.657207869056408526e+05,-5.394777593168182648e+02,2.004513055179389935e-01,5.526796937428566370e-01,2.479355123574202291e-01,1.188601310877024364e-02,-9.880500095503674807e-03,3.150691016654255106e-01,9.489428643157237220e-01
5.249464569152709097e+06,-4.657207760657328763e+05,-5.394728537590131054e+02,2.030997563551427687e-01,5.573441430990301315e-01,2.491116951338894214e-01,1.193815795565191830e-02,-9.832610001084526874e-03,3.150536761608480618e-01,9.489478286273576035e-01
5.249464573456363752e+06,-4.657207651354896370e+05,-5.394679318275195783e+02,2.066730053164247682e-01,5.621370017436791988e-01,2.496129568017617095e-01,1.198563154110529605e-02,-9.801596098350467620e-03,3.150495472579450951e-01,9.489489218502680234e-01
5.249464577840616927e+06,-4.657207541099367081e+05,-5.394629950317888643e+02,2.108063809444445103e-01,5.672999092872249571e-01,2.506535345262813630e-01,1.204723857809896458e-02,-9.755475141638063688e-03,3.150584915698478872e-01,9.489456474418878074e-01
5.249464582293925807e+06,-4.657207429948453791e+05,-5.394580391533978627e+02,2.132028875297320436e-01,5.715442837891115957e-01,2.515739752378647887e-01,1.207492581602369851e-02,-9.752291282935622585e-03,3.150639048464660141e-01,9.489435309911735672e-01
5.249464586800522171e+06,-4.657207317939200439e+05,-5.394530718646136620e+02,2.157310184079332116e-01,5.763812384509123810e-01,2.518296659957865447e-01,1.209741184781988090e-02,-9.692813862915610271e-03,3.150516944075145709e-01,9.489479079524953953e-01
5.249464591364671476e+06,-4.657207204963684781e+05,-5.394481025735128696e+02,2.185307885588961829e-01,5.817327018672335814e-01,2.518004060902636621e-01,1.212928904288478917e-02,-9.641237830041258366e-03,3.150476073276795019e-01,9.489493833567035352e-01
5.249464595988510177e+06,-4.657207091075981152e+05,-5.394431319969789911e+02,2.213250815792043302e-01,5.859571031326124002e-01,2.519910011512698222e-01,1.219598942773179873e-02,-9.606446612648238820e-03,3.150422502008443648e-01,9.489506598308462548e-01
5.249464600675163791e+06,-4.657206976332457270e+05,-5.394381511021617825e+02,2.244086889218432079e-01,5.907751861365172497e-01,2.528837948811871739e-01,1.225394732611636943e-02,-9.614170831086364666e-03,3.150421711265604663e-01,9.489498612099077635e-01
5.249464605427171104e+06,-4.657206860680546961e+05,-5.394331608739198600e+02,2.274552654087560466e-01,5.955309428356388990e-01,2.529529585032701533e-01,1.225988554285376356e-02,-9.613080193416679783e-03,3.150407312979988106e-01,9.489502735696103697e-01
5.249464610246901400e+06,-4.657206744128771825e+05,-5.394281792903723272e+02,2.307845708106686378e-01,6.002565014037680724e-01,2.520189705465790686e-01,1.230816708216179826e-02,-9.582358948874819884e-03,3.150291967453818232e-01,9.489537885542893569e-01
5.249464615133784711e+06,-4.657206626701397472e+05,-5.394231986420251133e+02,2.337624814617289271e-01,6.047773714586598404e-01,2.529121620358193434e-01,1.233702466980994734e-02,-9.588481284957369594e-03,3.150101690560755396e-01,9.489596684993419906e-01
5.249464620079744607e+06,-4.657206508426580695e+05,-5.394182044906592637e+02,2.362631514107843278e-01,6.092509208183655156e-01,2.534112598822782503e-01,1.240756423318979847e-02,-9.566203576422179639e-03,3.149889664878754436e-01,9.489660116637154141e-01
5.249464625077353790e+06,-4.657206389292472741e+05,-5.394132074041239093e+02,2.384680232252740784e-01,6.139198171980890795e-01,2.532253491655510613e-01,1.244981327229495796e-02,-9.616720622271594104e-03,3.150142142533287060e-01,9.489565668990216363e-01
5.249464630137652159e+06,-4.657206269185165875e+05,-5.394082189681525961e+02,2.420672788140647846e-01,6.195473306523263668e-01,2.525502205886578921e-01,1.245699310883444620e-02,-9.668964267043642785e-03,3.149724031340892516e-01,9.489698203477864302e-01
5.249464635270308703e+06,-4.657206148053574725e+05,-5.394032385992663876e+02,2.452407678156665050e-01,6.247157991315434034e-01,2.524393520647028599e-01,1.247059868116529371e-02,-9.738126922979609135e-03,3.149701245284028395e-01,9.489696907314985053e-01
5.249464640467218123e+06,-4.657206025954417419e+05,-5.393982701340087260e+02,2.480140490255859642e-01,6.298017278647868311e-01,2.513526695915684339e-01,1.244361282640762782e-02,-9.779460969327059827e-03,3.149673528653331167e-01,9.489705398471247610e-01
5.249464645723736845e+06,-4.657205902892300510e+05,-5.393933167073284949e+02,2.507062023098067249e-01,6.349421975319723410e-01,2.509470602991635824e-01,1.243540709936530840e-02,-9.862135042541653532e-03,3.149422247005501108e-01,9.489781316106422615e-01
5.249464651044980623e+06,-4.657205778817225364e+05,-5.393883667111983868e+02,2.539816239482335369e-01,6.405350383941998960e-01,2.510362012681398580e-01,1.244330042330884893e-02,-9.919608430800974652e-03,3.149381999374415986e-01,9.489787648317580260e-01
5.249464656434037723e+06,-4.657205653741718852e+05,-5.393834208068237785e+02,2.570025975550002117e-01,6.455238769233517804e-01,2.505473281295170218e-01,1.240466604528680898e-02,-9.996021885782883573e-03,3.149439008883998525e-01,9.489765768153554104e-01
5.249464919595486484e+06,-4.657206390655111754e+05,-5.396427303303918279e+02,3.281228639728896446e-01,6.283461219464531178e-01,2.170565264889541546e-01,1.206911253737586592e-02,-1.042813287862104886e-02,3.126483844936673306e-01,9.497386304595947237e-01
5.249464926343298517e+06,-4.657206266409161035e+05,-5.396384275567896793e+02,3.318434901689166217e-01,6.332170816840551053e-01,2.178079494257681437e-01,1.203383666202115752e-02,-1.045920787449206371e-02,3.126263298011895952e-01,9.497423702294932601e-01
5.249464933166264556e+06,-4.657206141279846779e+05,-5.396341123779952795e+02,3.353714457323372367e-01,6.374965777308726489e-01,2.183273824292298604e-01,1.201779217891644005e-02,-1.048309534071803842e-02,3.126300803739598400e-01,9.497410754411629297e-01
5.249464940061944537e+06,-4.657206015249521006e+05,-5.396297915348092147e+02,3.388089361657098397e-01,6.425954547442082054e-01,2.183927311693164008e-01,1.199995807936022132e-02,-1.053809311578493384e-02,3.126185145609483573e-01,9.497444993833579208e-01
5.249464947028956376e+06,-4.657205888303191168e+05,-5.396254670887518614e+02,3.422219391849990466e-01,6.469928943146294742e-01,2.187135582962173030e-01,1.194729467940230591e-02,-1.057157717872740307e-02,3.126246660418391388e-01,9.497427663568901446e-01
5.249464954056845047e+06,-4.657205760421043378e+05,-5.396211346466031955e+02,3.445381258279897052e-01,6.523893351535340335e-01,2.192226335780367019e-01,1.190953446170211170e-02,-1.059757754305120508e-02,3.126222091108897816e-01,9.497437595867759264e-01
5.249464961139606312e+06,-4.657205631555884029e+05,-5.396167895388432498e+02,3.473842667534405848e-01,6.572153179193936934e-01,2.200196136366149302e-01,1.185750578307328586e-02,-1.056538608317374173e-02,3.126221480622949356e-01,9.497447893424194598e-01
5.249464968288288452e+06,-4.657205501738190651e+05,-5.396124343160731769e+02,3.508053594620744731e-01,6.623050134136302391e-01,2.202588438563483353e-01,1.185881058027750921e-02,-1.055537469419625188e-02,3.126208891326496819e-01,9.497452987657677426e-01
5.249464975504251197e+06,-4.657205371018350124e+05,-5.396080717087673975e+02,3.538019705091063338e-01,6.666084055702280464e-01,2.207901309212422225e-01,1.185475433390554591e-02,-1.056258705821923501e-02,3.125992144983463228e-01,9.497524034328135301e-01
5.249464982788927853e+06,-4.657205239377023536e+05,-5.396037089184982278e+02,3.573356204528583269e-01,6.719282605100516115e-01,2.202825260009669828e-01,1.182879604220442304e-02,-1.059925474685943433e-02,3.126093202143542249e-01,9.497489923553236180e-01
5.249464990144163370e+06,-4.657205106734380242e+05,-5.395993555305707332e+02,3.605078964939763542e-01,6.770427341344891214e-01,2.198568955130479619e-01,1.181510332631861664e-02,-1.064929340792712328e-02,3.125868001148324193e-01,9.497560152291633084e-01
5.249464997573480010e+06,-4.657204973122754600e+05,-5.395950095427110682e+02,3.644173811758701365e-01,6.820082637264931469e-01,2.195529457515526528e-01,1.180697507686609415e-02,-1.067652617075421327e-02,3.125587978140128009e-01,9.497650263242292112e-01
5.249465005071641877e+06,-4.657204838550590212e+05,-5.395906650250909706e+02,3.670150398505098166e-01,6.871024372295588822e-01,2.197326398548190840e-01,1.177964786893178663e-02,-1.070801831088365359e-02,3.125434123945136644e-01,9.497700741785948253e-01
5.249465012626096606e+06,-4.657204703080629697e+05,-5.395863210766225393e+02,3.697007334896912356e-01,6.913998053503869201e-01,2.195077205178792290e-01,1.181919175664172122e-02,-1.076574339747141638e-02,3.125084664051480110e-01,9.497804294159137850e-01
5.249465020241239108e+06,-4.657204566764474730e+05,-5.395819857701167166e+02,3.727324436058560564e-01,6.959824178804757677e-01,2.188701816169719983e-01,1.183389270307702579e-02,-1.081110842052294095e-02,3.125043891955923137e-01,9.497810725938262699e-01
5.249465027921343222e+06,-4.657204429666757351e+05,-5.395773468633551602e+02,3.758363014216373199e-01,6.995043320881398907e-01,2.506495132729031350e-01,1.412181782680686781e-02,-1.100932781963768342e-02,3.126913512727667044e-01,9.496859944270332754e-01
5.249465035670419224e+06,-4.657204291981068673e+05,-5.395717979355916896e+02,3.791646490264236058e-01,7.018560212350442029e-01,3.112481699314695871e-01,2.545376094356327848e-02,-1.207568535238856197e-02,3.136856227988398804e-01,9.491088526286530769e-01
5.249465043500963598e+06,-4.657204153545267181e+05,-5.395651550671344694e+02,3.831829822393593710e-01,7.068550679762201083e-01,3.609485338715838765e-01,4.926560989073962282e-02,-1.438222717788783037e-02,3.158071849305353895e-01,9.474343636298135918e-01
5.249465051414484158e+06,-4.657204013257444021e+05,-5.395578389655444198e+02,3.861345931684128652e-01,7.207637152976567041e-01,3.785293229495468315e-01,7.988768272108918989e-02,-1.726340997356279328e-02,3.185254594154862118e-01,9.443841722327566135e-01
5.249465059394657612e+06,-4.657203868736150325e+05,-5.395505316170249444e+02,3.878894173512777432e-01,7.507469905924594178e-01,3.589659287847838387e-01,1.172375449831581096e-01,-1.941175807409373580e-02,3.220154301950979847e-01,9.392468284133462797e-01
5.249465067410705611e+06,-4.657203716458667768e+05,-5.395437478885068003e+02,3.869300894799330148e-01,8.014375840272902618e-01,3.245927522677021226e-01,1.568612218524260971e-01,-2.053618180801549190e-02,3.265240574251963013e-01,9.318556017894071841e-01
5.249465075391031802e+06,-4.657203553178802249e+05,-5.395375354502268692e+02,3.807799604880471311e-01,8.649515471778848053e-01,3.004457263863738459e-01,1.963911655704154713e-01,-2.102670554286008298e-02,3.320494149510419546e-01,9.223511122291634390e-01
5.249465083245830610e+06,-4.657203376671117148e+05,-5.395315826076463281e+02,3.700385852342669146e-01,9.384500384963085917e-01,2.977902401353827444e-01,2.333431838410283399e-01,-1.945089316714520428e-02,3.390491248876711938e-01,9.111631647716651461e-01
5.249465090884402394e+06,-4.657203184669948532e+05,-5.395255625861765338e+02,3.537087379987550739e-01,1.025511322682990833e+00,3.065815554093939133e-01,2.670654103457001383e-01,-1.662401735509232842e-02,3.468936533062940142e-01,8.989240806521131555e-01
5.249465098178936169e+06,-4.657202975055567804e+05,-5.395192308974530988e+02,3.291041915973754728e-01,1.120628150057096928e+00,3.286990564010039417e-01,2.967387915899523110e-01,-1.277057075648446206e-02,3.560082332144117734e-01,8.860254743006336087e-01
5.249465104992004111e+06,-4.657202746350825182e+05,-5.395123823739602358e+02,2.980763732208493444e-01,1.222586071750703329e+00,3.581721253640458014e-01,3.217669541171397918e-01,-8.097135158129547747e-03,3.665360162235230534e-01,8.729557915390987466e-01
5.249465111188570037e+06,-4.657202497186442488e+05,-5.395048926848827477e+02,2.589196184784092747e-01,1.331277683257682254e+00,3.928455653158203775e-01,3.411463850651261231e-01,-2.603677744251209694e-03,3.789612306154394039e-01,8.602329641113155567e-01
5.249465116624608636e+06,-4.657202226195701514e+05,-5.394966937850341537e+02,2.124944042386288368e-01,1.446682042591583173e+00,4.291205051827321482e-01,3.555888517334812593e-01,3.249654860345203324e-03,3.930603548909216149e-01,8.479679052610066270e-01
5.249465121141941287e+06,-4.657201932288138778e+05,-5.394877543040257706e+02,1.565262490918181149e-01,1.566034076771083638e+00,4.669034951875552508e-01,3.664342804555916766e-01,8.918434215127812523e-03,4.083748159621461982e-01,8.359882731239792752e-01
5.249465124575191177e+06,-4.657201614571778337e+05,-5.394780734045589270e+02,9.273928988849391986e-02,1.689797390652634013e+00,5.031405553170361644e-01,3.729975084901743787e-01,1.419535797420490297e-02,4.252541925809691370e-01,8.245181784669270986e-01
5.249465126769864932e+06,-4.657201272167831194e+05,-5.394676985587783520e+02,2.061155142639777352e-02,1.817305411659447811e+00,5.359773896465270804e-01,3.757060927709847675e-01,1.854970865628630117e-02,4.435624175325799667e-01,8.134821617996690346e-01
5.249465127569943666e+06,-4.657200904550758423e+05,-5.394566956281507828e+02,-5.915246399483475165e-02,1.945464436244255912e+00,5.654086037190347858e-01,3.750758352083572444e-01,2.151127341507823310e-02,4.630728414472024546e-01,8.027570825110775798e-01
5.249465126824781299e+06,-4.657200511667502578e+05,-5.394451368894216330e+02,-1.464360346341978536e-01,2.072490868180400181e+00,5.907821040475904617e-01,3.715131438785857498e-01,2.300818038701623464e-02,4.836386235881100504e-01,7.921756736870447790e-01
5.249465124406096525e+06,-4.657200093683116720e+05,-5.394331032048531824e+02,-2.385510277935077306e-01,2.197699622149241971e+00,6.118297969001736947e-01,3.653065711677052629e-01,2.262565749193764034e-02,5.054186895054757489e-01,7.814033192807599004e-01
5.249465120234944858e+06,-4.657199651129741105e+05,-5.394206649424581883e+02,-3.326609882935588347e-01,2.318030983327116434e+00,6.299318249485695853e-01,3.577034317784419382e-01,2.083099385361876499e-02,5.277395237991256982e-01,7.701333208155540788e-01
5.249465114257839508e+06,-4.657199184804601246e+05,-5.394079107419927368e+02,-4.285842523786895231e-01,2.434036612797801702e+00,6.417568416954372301e-01,3.489510496573678400e-01,1.728631391312003898e-02,5.506667659253985381e-01,7.580900178943148493e-01
5.249465106389986351e+06,-4.657198694963981980e+05,-5.393950407728181062e+02,-5.298898529761982834e-01,2.551377505118246791e+00,6.392756159643692149e-01,3.391355978667299764e-01,1.197340937241866445e-02,5.738830351673971375e-01,7.453200396821765272e-01
5.249465096509878524e+06,-4.657198180948601803e+05,-5.393824196911884883e+02,-6.365589321493414499e-01,2.674225921124049776e+00,6.138321320347376320e-01,3.281981029259888327e-01,4.553945331556897604e-03,5.970469127335655823e-01,7.319837898202543602e-01
5.249465084533451125e+06,-4.657197642154446221e+05,-5.393704369525787570e+02,-7.442796410570317045e-01,2.797722448135376627e+00,5.718586493034578666e-01,3.168447228972925966e-01,-4.259588738913971592e-03,6.195712341339829621e-01,7.181384147620528680e-01
5.249465070421355776e+06,-4.657197078449485707e+05,-5.393594101919665036e+02,-8.528932175634628132e-01,2.922326574573871127e+00,5.141613188329509088e-01,3.051498850172303379e-01,-1.442460165085148599e-02,6.411925083197723696e-01,7.039514661646690818e-01
5.249465054212562740e+06,-4.657196490229183109e+05,-5.393495264963861473e+02,-9.536896905983599515e-01,3.041862231232459468e+00,4.533669280216839903e-01,2.938420220476673506e-01,-2.547178919582054196e-02,6.615714607309620687e-01,6.894427301301681021e-01
5.249465036070445552e+06,-4.657195878869830631e+05,-5.393407913082680807e+02,-1.042499423417266202e+00,3.152820629608787950e+00,3.951901019535546955e-01,2.836805682088088809e-01,-3.705141879466911786e-02,6.805125521585883019e-01,6.745778055308887522e-01
5.249465016167461872e+06,-4.657195245816655224e+05,-5.393331484646794252e+02,-1.123426520583771016e+00,3.258446726892275880e+00,3.401252119542660934e-01,2.748175885769010840e-01,-4.855455586658156963e-02,6.980142806507589892e-01,6.594648081860151612e-01
5.249464994653471746e+06,-4.657194592186398222e+05,-5.393264947869128036e+02,-1.194506672606429509e+00,3.358626362193902981e+00,2.925410307607901328e-01,2.670387923510710304e-01,-5.965435632316767184e-02,7.141760827717120730e-01,6.442702722254914915e-01
5.249464971687830985e+06,-4.657193919310991187e+05,-5.393206425177781966e+02,-1.257424599472817706e+00,3.451119815841348082e+00,2.567324387182542966e-01,2.602018750944852798e-01,-6.978877286071114017e-02,7.289594747563499233e-01,6.293191664869366431e-01
5.249464947394749150e+06,-4.657193228258691961e+05,-5.393154296371460532e+02,-1.313873566393796599e+00,3.540810421368214111e+00,2.256767577351224130e-01,2.535328058801652462e-01,-7.893110889189546009e-02,7.428449766028711876e-01,6.145505287895836055e-01
5.249464921870046295e+06,-4.657192519655265496e+05,-5.393107492151048064e+02,-1.365920839509224605e+00,3.626974870170164955e+00,2.010185912982474510e-01,2.469304167405425021e-01,-8.644771773702253359e-02,7.556828183318189396e-01,6.004129013397395687e-01
5.249464895177547820e+06,-4.657191794107801979e+05,-5.393065199407280943e+02,-1.414457443762459077e+00,3.710648463569456990e+00,1.784168505996346910e-01,2.402052561388421104e-01,-9.269444151332079107e-02,7.678098169460643163e-01,5.866662341143378256e-01
5.249464867383584380e+06,-4.657191052167905727e+05,-5.393026908556398666e+02,-1.458669425487803206e+00,3.791113285151826329e+00,1.592597176462512143e-01,2.333282138438976250e-01,-9.737020629681449047e-02,7.791429269271977764e-01,5.735968044020878231e-01
5.249464838550966233e+06,-4.657190294596300228e+05,-5.392991750498415513e+02,-1.499958032408993613e+00,3.866794933838000325e+00,1.458188860683094779e-01,2.263026628334110779e-01,-1.004689802676726057e-01,7.898072703757237356e-01,5.611573478013955896e-01
5.249464808738734573e+06,-4.657189522285842104e+05,-5.392958692390650413e+02,-1.537285830359954364e+00,3.937956051060666596e+00,1.374430278374586811e-01,2.190714354336458503e-01,-1.021479239721474336e-01,7.998249546145423938e-01,5.494120058699314413e-01
5.249464638013257645e+06,-4.657193158023609431e+05,-5.395462867426915636e+02,-1.597438671443868419e+00,3.899345000205239220e+00,9.741011302251212367e-02,2.113310830388356598e-01,-1.019844379291206526e-01,8.089952675677042349e-01,5.389500004109741838e-01
5.249464605902961455e+06,-4.657192376793446019e+05,-5.395439688170307591e+02,-1.629572230980040226e+00,3.960638120065547163e+00,9.816946982134171218e-02,2.038226924009245433e-01,-1.012319924371111596e-01,8.178084921871690005e-01,5.285808018821175347e-01
5.249464573054664768e+06,-4.657191583632149850e+05,-5.395416012615031605e+02,-1.659308921487402166e+00,4.017839858206855297e+00,1.026450713899974831e-01,1.960668571777665625e-01,-9.946990478110308287e-02,8.260777676491269927e-01,5.189017704383492857e-01
5.249464539519591257e+06,-4.657190779445482767e+05,-5.395391255749738093e+02,-1.686125128671998485e+00,4.070152490917950061e+00,1.094742258853490524e-01,1.884809186485006116e-01,-9.693027849416716024e-02,8.337529930156095670e-01,5.098386132014011141e-01
5.249464505344424397e+06,-4.657189965183252934e+05,-5.395365037594809792e+02,-1.711052331715580355e+00,4.117835375159147659e+00,1.179821508257385687e-01,1.806672854827894026e-01,-9.378706198190921162e-02,8.409148264468913059e-01,5.014235487548228676e-01
5.249464470566560514e+06,-4.657189141724532819e+05,-5.395336998885507001e+02,-1.734164376711130995e+00,4.161480484595531770e+00,1.285825481234041667e-01,1.730861404834973527e-01,-9.002843459188245023e-02,8.475426465322595249e-01,4.935661401946624394e-01
5.249464435227123089e+06,-4.657188310024004895e+05,-5.395306936738074910e+02,-1.755062581573325620e+00,4.199774162282279732e+00,1.392654916164866863e-01,1.655380874765567945e-01,-8.597601034558786937e-02,8.536900973641746715e-01,4.862288462870498207e-01
5.249464399354018271e+06,-4.657187470971217263e+05,-5.395274642067066679e+02,-1.775692517753580502e+00,4.234638169180295897e+00,1.520998347972956355e-01,1.581152558556879750e-01,-8.168855152310396106e-02,8.593299457684530074e-01,4.794565672991860650e-01
5.249464362967021763e+06,-4.657186625296541024e+05,-5.395240034095874080e+02,-1.794967281631029810e+00,4.265841946274722574e+00,1.636460619977849196e-01,1.509052268108697914e-01,-7.722897080059425157e-02,8.644887281039803639e-01,4.732045545154162647e-01
5.249464326100705191e+06,-4.657185773762962199e+05,-5.395203152937095865e+02,-1.812366180264863180e+00,4.293295105939583856e+00,1.761638282457834159e-01,1.439154724012978726e-01,-7.272224297925158898e-02,8.692461905922654886e-01,4.673445081094032005e-01
5.249464288794768043e+06,-4.657184917071329546e+05,-5.395163911443462439e+02,-1.828179854913519975e+00,4.317602079625523892e+00,1.886408825603272665e-01,1.370739134255316849e-01,-6.819010610535168604e-02,8.735125545634433442e-01,4.621003029512824045e-01
5.249464251081661321e+06,-4.657184055959974648e+05,-5.395122371347682702e+02,-1.842747119427030622e+00,4.337902159996700036e+00,2.005572110129510421e-01,1.304855926263309152e-01,-6.380221107527550561e-02,8.774342767227831796e-01,4.571781970245893945e-01
5.249464212986298837e+06,-4.657183191062200349e+05,-5.395078662958909490e+02,-1.856460737669486383e+00,4.356014340002743346e+00,2.117574061076099856e-01,1.239889067095088920e-01,-5.947293890802812094e-02,8.810168192546005139e-01,4.526578346086835847e-01
5.249464174533201382e+06,-4.657182322915468249e+05,-5.395032891057607003e+02,-1.869163415032754072e+00,4.371073445357538390e+00,2.226170233010343336e-01,1.177953953861675396e-01,-5.528364055088538787e-02,8.842327756606975786e-01,4.485536728648799043e-01
5.249464135751921684e+06,-4.657181452088335063e+05,-5.394985069591547244e+02,-1.880304629797525218e+00,4.383591978820834179e+00,2.337180279838544650e-01,1.116458256705058077e-01,-5.125135316172542421e-02,8.871557581875045839e-01,4.448181749188573342e-01
5.249464096681838855e+06,-4.657180579117066809e+05,-5.394935244200719353e+02,-1.889542732832427685e+00,4.393426109900452126e+00,2.440933327825077770e-01,1.057728399371159755e-01,-4.740563142989964035e-02,8.897814523334901526e-01,4.414224999871804722e-01
5.249464057356470264e+06,-4.657179704485441907e+05,-5.394883546432746471e+02,-1.897879766580182537e+00,4.401123263293710508e+00,2.538848735115417643e-01,9.997794874010021426e-02,-4.367992131168924042e-02,8.921198247700418138e-01,4.384275772778801206e-01
5.249464017791745253e+06,-4.657178828755051945e+05,-5.394830118433990265e+02,-1.906129240418088289e+00,4.405377332164922777e+00,2.628345153351958063e-01,9.431072956455419098e-02,-4.003950166819672529e-02,8.942602025101191732e-01,4.356616422291944568e-01
5.249463978014436550e+06,-4.657177952496288926e+05,-5.394775176359793250e+02,-1.912191934753833644e+00,4.407425509355896942e+00,2.704549988498933244e-01,8.866680731980966512e-02,-3.657673307408369073e-02,8.961752574526330450e-01,4.332093060890264136e-01
5.249463938065655529e+06,-4.657177076113126823e+05,-5.394718892063775684e+02,-1.916757265057048576e+00,4.407664680324654860e+00,2.776906748243672673e-01,8.309336371869628646e-02,-3.320775818084700098e-02,8.978835912703845290e-01,4.310427499876571256e-01
5.249463897978716530e+06,-4.657176200000446406e+05,-5.394661283541507828e+02,-1.919921832952231178e+00,4.405797554545060279e+00,2.851345628123745923e-01,7.764345383700478609e-02,-2.996870523020896127e-02,8.994121005503888933e-01,4.291052375469874836e-01
5.249463857783884741e+06,-4.657175324592133984e+05,-5.394602537917560312e+02,-1.921997658035776713e+00,4.401685509126997964e+00,2.904685347578307431e-01,7.221264248825473575e-02,-2.682289049617380891e-02,9.007601727578280482e-01,4.274307439392482921e-01
5.249463817513221875e+06,-4.657174450321492041e+05,-5.394542897127583956e+02,-1.922417345213062845e+00,4.395472216657307030e+00,2.955031800904771022e-01,6.680663374744354177e-02,-2.375878675302257534e-02,9.019373222839113247e-01,4.260064846988522169e-01
5.249463777194628492e+06,-4.657173577534820652e+05,-5.394482433273732340e+02,-1.922080338606215744e+00,4.387929123566683742e+00,3.001021260327462747e-01,6.148944674567913271e-02,-2.079057758425987765e-02,9.029914405749005502e-01,4.247273525908989433e-01
5.249463736854287796e+06,-4.657172706612560432e+05,-5.394421288412701188e+02,-1.920374494839272472e+00,4.377904933616041383e+00,3.036958958044590484e-01,5.622665912128076843e-02,-1.794093773221874452e-02,9.039124504099611546e-01,4.236260549593575675e-01
5.249463696518750861e+06,-4.657171837968197069e+05,-5.394359585246386359e+02,-1.917839730995886560e+00,4.366207716639953773e+00,3.070667312774450486e-01,5.100541823718253431e-02,-1.517231086981218890e-02,9.047084083580453351e-01,4.226949391030331293e-01
5.249463656221784651e+06,-4.657170971960786264e+05,-5.394297450229184960e+02,-1.913101996646285219e+00,4.352625311547662967e+00,3.093507365921063790e-01,4.589109666043312413e-02,-1.257877422160658988e-02,9.053867306280096727e-01,4.219131631971186347e-01
5.249463615994158201e+06,-4.657170108802167233e+05,-5.394235013131736878e+02,-1.907716707548345214e+00,4.338853901671543944e+00,3.114079776234102148e-01,4.084293808072784332e-02,-1.006595836869856458e-02,9.059827920005653068e-01,4.212193954199819346e-01
5.249463575866084546e+06,-4.657169248815468163e+05,-5.394172450387408162e+02,-1.900503778398390908e+00,4.321991138984091485e+00,3.118817080532342856e-01,3.588211705141132468e-02,-7.629888726562819058e-03,9.064626033744950240e-01,4.206897601376739515e-01
5.249463535868519917e+06,-4.657168392415667768e+05,-5.394109950515119181e+02,-1.892368616237014356e+00,4.304058886942481621e+00,3.120096328879701231e-01,3.106093644590610450e-02,-5.363394724695483805e-03,9.068479157988106332e-01,4.202777370250117550e-01
5.249463496024293825e+06,-4.657167539812718751e+05,-5.394047488081043866e+02,-1.883170545924968353e+00,4.285097020679832447e+00,3.127343723745943382e-01,2.636028161243773524e-02,-3.114756298573877202e-03,9.071541387912921417e-01,4.199605550374803653e-01
5.249463456362634897e+06,-4.657166691213972517e+05,-5.393985085062907956e+02,-1.872349855684676712e+00,4.265102725943807904e+00,3.125860641555021080e-01,2.177078408936119688e-02,-1.050341675498586745e-03,9.073819674771271826e-01,4.197415385715375091e-01
5.249463416916667484e+06,-4.657165847025211551e+05,-5.393922850021253907e+02,-1.860295818643008969e+00,4.242054093895896827e+00,3.122079668453517365e-01,1.727052961150548835e-02,9.960664166131791633e-04,9.075614222939413223e-01,4.195629444947244213e-01
5.249463377704965882e+06,-4.657165007566172862e+05,-5.393860899487536926e+02,-1.847849098477823082e+00,4.218841584952182089e+00,3.108280725011726697e-01,1.287578655946382787e-02,2.839160979764526749e-03,9.076741810384278963e-01,4.194684682178638213e-01
5.249463338752018288e+06,-4.657164172943138983e+05,-5.393799410164469919e+02,-1.833472246066935263e+00,4.194765259417037484e+00,3.086457568928732131e-01,8.556475528276413084e-03,4.668609155089886026e-03,9.077338946867133940e-01,4.194332213368145434e-01
5.249463300092333928e+06,-4.657163343473158893e+05,-5.393738497977385578e+02,-1.817857267714869884e+00,4.168375307787524520e+00,3.060489851130804850e-01,4.387968137388568307e-03,6.327653012539096421e-03,9.077726552449806308e-01,4.193919064062431312e-01
5.249463261745320633e+06,-4.657162519436490838e+05,-5.393678235409165609e+02,-1.801800488257478960e+00,4.141456463058390547e+00,3.031174752452819310e-01,2.899036736845358292e-04,7.996587103066424632e-03,9.077509312241002215e-01,4.194332769993248666e-01
5.249463223730567843e+06,-4.657161700911847875e+05,-5.393618691806352672e+02,-1.784207222610285415e+00,4.114314298264909020e+00,2.997475704845908306e-01,-3.582526720342051139e-03,9.497228748363730280e-03,9.077035788837070074e-01,4.194892558262224291e-01
5.249463186077052727e+06,-4.657160888026513858e+05,-5.393559952212262942e+02,-1.765437767251895940e+00,4.086105462294317370e+00,2.959308199431348041e-01,-7.393847621005446985e-03,1.093233529112135408e-02,9.076154420468101058e-01,4.195951350661745183e-01
5.249463148813016713e+06,-4.657160080985337263e+05,-5.393502049577707567e+02,-1.745128033490336739e+00,4.056911890560167322e+00,2.921919989282963925e-01,-1.106706776018700350e-02,1.229339765097505442e-02,9.074926248287934483e-01,4.197422773977101951e-01
5.249463111954307184e+06,-4.657159279975630925e+05,-5.393445009374415804e+02,-1.724999844384013103e+00,4.026772622196403084e+00,2.880640939556866065e-01,-1.456441446961149848e-02,1.360401100657759009e-02,9.073552035582985731e-01,4.198921202407324693e-01
5.249463075522757135e+06,-4.657158485153899528e+05,-5.393388934130418875e+02,-1.702383623830620696e+00,3.996084294012820504e+00,2.832443032425132068e-01,-1.793513448171444452e-02,1.490209360205854532e-02,9.072030807985127510e-01,4.200462788595297203e-01
5.249463039541753940e+06,-4.657157696650142316e+05,-5.393333916917350734e+02,-1.680246902229209915e+00,3.964525959137078726e+00,2.781465899124241914e-01,-2.124094081068722550e-02,1.606074625574716377e-02,9.070069556638798991e-01,4.202728911951277846e-01
5.249463004024386406e+06,-4.657156914592987159e+05,-5.393280000020279203e+02,-1.656245282248849149e+00,3.932594120223795287e+00,2.728642784546702060e-01,-2.444194975573089207e-02,1.719001525036995687e-02,9.067940986860222319e-01,4.205134970182468068e-01
5.249462968999556266e+06,-4.657156139095394174e+05,-5.393227193997902305e+02,-1.631212767420741949e+00,3.899910145786162907e+00,2.676068953272724427e-01,-2.749654637269759172e-02,1.815820850761046962e-02,9.065875784564616513e-01,4.207293957641394244e-01
5.249462934481081553e+06,-4.657155370358730434e+05,-5.393175503916797879e+02,-1.606078200300381953e+00,3.865878782996607921e+00,2.622361915709487401e-01,-3.040893441846907741e-02,1.914649337960831060e-02,9.063607628541524575e-01,4.209737721472396332e-01
5.249462900472134352e+06,-4.657154608543175855e+05,-5.393124990402866388e+02,-1.580776124740542521e+00,3.831511749602869887e+00,2.562891224815855296e-01,-3.309612060089744262e-02,1.998296852194613241e-02,9.061227281320531901e-01,4.212445471074895975e-01
5.249462866982329637e+06,-4.657153853644956835e+05,-5.393075655216846371e+02,-1.554558696337405177e+00,3.797573827690548409e+00,2.508911136602037795e-01,-3.572769788422271164e-02,2.078271081957469915e-02,9.058850205245304599e-01,4.215020494938131468e-01
5.249462834028602578e+06,-4.657153105716397986e+05,-5.393027393945435506e+02,-1.527649959363869270e+00,3.762643339486640759e+00,2.459570495182959726e-01,-3.822718916550710277e-02,2.149363382485872109e-02,9.056432923416143366e-01,4.217664861545905031e-01
5.249462801623454317e+06,-4.657152364857173525e+05,-5.392980338670747642e+02,-1.499986602076036846e+00,3.727715065953572271e+00,2.391286992712692849e-01,-4.054794348756254191e-02,2.208419744381870387e-02,9.054317271132276135e-01,4.219734289683778061e-01
5.249462769777259789e+06,-4.657151631065238034e+05,-5.392934514601381579e+02,-1.472110156043338725e+00,3.692771507736592795e+00,2.339554799160277199e-01,-4.276858423624736727e-02,2.261006153928752163e-02,9.051995851966762041e-01,4.222243214724051286e-01
5.249462176264951006e+06,-4.657158560481019667e+05,-5.395423084650658438e+02,-1.626579428082601586e+00,3.472678063114076341e+00,1.936071370472872699e-01,-4.494180853163855238e-02,2.374000424236884926e-02,9.096219193739409903e-01,4.130726013687895937e-01
5.249462143092474900e+06,-4.657157874173324089e+05,-5.395386046051631865e+02,-1.596470868866064485e+00,3.437075049962760254e+00,1.882771427550150589e-01,-4.695495775050991666e-02,2.419854368079752543e-02,9.091052237977030881e-01,4.132037833041253272e-01
5.249462110524520278e+06,-4.657157195085936692e+05,-5.395350064037894526e+02,-1.566174891979001949e+00,3.400912423404064633e+00,1.831910197220824044e-01,-4.887786840983128489e-02,2.454350268710324412e-02,9.088906943421890539e-01,4.134323253775863960e-01
5.249462078571688384e+06,-4.657156523211621679e+05,-5.395315156074699416e+02,-1.534929237191215767e+00,3.365398509640492808e+00,1.776609985346197518e-01,-5.075076765102917720e-02,2.486244474650510516e-02,9.086611116312897085e-01,4.136921724848478532e-01
5.249462047237955965e+06,-4.657155858562732465e+05,-5.395281296785481118e+02,-1.504356932392355795e+00,3.329048575459376824e+00,1.728189783241699806e-01,-5.250219549316918755e-02,2.514634836533563567e-02,9.084276085106912646e-01,4.139691668882166109e-01
5.249462016524808481e+06,-4.657155201251994004e+05,-5.395248485291285760e+02,-1.472933087681364439e+00,3.292405141760563314e+00,1.672639472617877265e-01,-5.419362770572211385e-02,2.539782114036090443e-02,9.081942456246624440e-01,4.142477803319906116e-01
5.249461986449114047e+06,-4.657154551233231323e+05,-5.395216682875269498e+02,-1.440556140259019013e+00,3.256581753586790917e+00,1.628156830449152825e-01,-5.582621930883055472e-02,2.560798641526207051e-02,9.079791577701575855e-01,4.144894724387675478e-01
5.249461957013254054e+06,-4.657153908422403620e+05,-5.395185845763347743e+02,-1.408958575819652337e+00,3.220722347275915887e+00,1.576687379890203133e-01,-5.740673720349797476e-02,2.576522233097907830e-02,9.077533101764698742e-01,4.147584317308850022e-01
5.249461928214633837e+06,-4.657153272786819143e+05,-5.395156046753786541e+02,-1.376766363221328504e+00,3.185247129551448619e+00,1.524719028547263655e-01,-5.889372151095696034e-02,2.591380486358866100e-02,9.075373763603252764e-01,4.150131604675134089e-01
5.249461900069287978e+06,-4.657152644282105030e+05,-5.395127294702527934e+02,-1.343512833291639064e+00,3.149837500891132791e+00,1.472171492970598128e-01,-6.030054103481075761e-02,2.606228202154834903e-02,9.073055116043577950e-01,4.153087032455924366e-01
5.249461872588722035e+06,-4.657152023035874590e+05,-5.395099593758005767e+02,-1.310241359868230093e+00,3.113062083766925614e+00,1.419606013870738370e-01,-6.163314067581069505e-02,2.619954641621388691e-02,9.071037773719853314e-01,4.155450452048367604e-01
5.249461845774544403e+06,-4.657151409112411202e+05,-5.395073019923589754e+02,-1.276728024335018974e+00,3.077025519103758988e+00,1.359089996948142087e-01,-6.286115063721803287e-02,2.632869630333339872e-02,9.069171445637691509e-01,4.157602383679753211e-01
5.249461819626411423e+06,-4.657150802464485168e+05,-5.395047604556947363e+02,-1.243558098914317123e+00,3.040707939174334129e+00,1.303469529930898207e-01,-6.410307615913718449e-02,2.646226928722651695e-02,9.067282538722487573e-01,4.159740672502539871e-01
5.249461794149159454e+06,-4.657150203207667219e+05,-5.395023310764978532e+02,-1.209577012013339337e+00,3.003485349166713281e+00,1.246364505128186584e-01,-6.523538620139784916e-02,2.655757449580080712e-02,9.065330704796565886e-01,4.162172971726622595e-01
5.249461769349348731e+06,-4.657149611325669102e+05,-5.395000064345383635e+02,-1.175675041469507631e+00,2.967369688410700146e+00,1.198243144066309523e-01,-6.631773706535708246e-02,2.659901570756958294e-02,9.063526742874602471e-01,4.164364132969198828e-01
5.249461745228582062e+06,-4.657149026659479714e+05,-5.394977733305852325e+02,-1.141478049887655777e+00,2.931761046368200674e+00,1.154298145305287793e-01,-6.732307864113215579e-02,2.665032233590384006e-02,9.061786527743467268e-01,4.166504755189602838e-01
5.249461721784180030e+06,-4.657148449167005601e+05,-5.394956304737789878e+02,-1.107885148007962117e+00,2.896016599098351296e+00,1.107218272345212723e-01,-6.821510515722323253e-02,2.668921146469628233e-02,9.060019665335494743e-01,4.168870684673700033e-01
5.249461699012189172e+06,-4.657147878760114545e+05,-5.394935753756193435e+02,-1.073964896292916693e+00,2.861336440935990932e+00,1.065703485159656128e-01,-6.902024495257896852e-02,2.663531971221067690e-02,9.058481491450592893e-01,4.170921981441012005e-01
5.249461676916336641e+06,-4.657147315378115163e+05,-5.394916051721819485e+02,-1.040015159993850968e+00,2.826186258277212815e+00,1.021287073247127281e-01,-6.977196516174473395e-02,2.654093580830840793e-02,9.057111274597138273e-01,4.172706681177365540e-01
5.249461655496974476e+06,-4.657146759011680260e+05,-5.394897148702782488e+02,-1.006017490483888110e+00,2.791619732637659279e+00,9.848109221258091739e-02,-7.044074888099180476e-02,2.641652991682036725e-02,9.055814766291910844e-01,4.174475560556126230e-01
5.249461634750751778e+06,-4.657146209564334131e+05,-5.394878913174096624e+02,-9.724057523937407188e-01,2.757428385704805418e+00,9.535564288424139279e-02,-7.103142235500728430e-02,2.627901905205696359e-02,9.054534643996232646e-01,4.176337855019781609e-01
5.249461614675713703e+06,-4.657145666933651664e+05,-5.394861333268237331e+02,-9.385244382098967275e-01,2.723905195852909689e+00,9.180619168446381428e-02,-7.156134206952904919e-02,2.611188268507541599e-02,9.053299674588602963e-01,4.178214911840586465e-01
5.249461595279620960e+06,-4.657145131058997358e+05,-5.394844409611301899e+02,-9.041051033498757050e-01,2.690336936288060254e+00,8.866991197009026215e-02,-7.201769536220592460e-02,2.590514251923041814e-02,9.052136536021686553e-01,4.180079195865539221e-01
5.249461576567496173e+06,-4.657144601939359563e+05,-5.394828076429520252e+02,-8.697095967933645699e-01,2.656833329267446420e+00,8.577235361413446113e-02,-7.240848673497976562e-02,2.565948054059395689e-02,9.051143720966301487e-01,4.181705150851928177e-01
5.249461558530115522e+06,-4.657144079552363837e+05,-5.394812392246046784e+02,-8.362556359164333708e-01,2.623455239894010305e+00,8.203009547051480499e-02,-7.275825773038582800e-02,2.548446610560713491e-02,9.050164484311857827e-01,4.183324156034176067e-01
5.249461541152562946e+06,-4.657143563876585686e+05,-5.394797271095048927e+02,-8.034230004624446364e-01,2.590154546428453664e+00,8.002567239642593977e-02,-7.306914831153751844e-02,2.524576220920252481e-02,9.049127003836252570e-01,4.185170958243100148e-01
5.249461524438120425e+06,-4.657143054829487810e+05,-5.394782615728585142e+02,-7.694956374115640152e-01,2.557655113644091482e+00,7.722880189532672912e-02,-7.333186980763531371e-02,2.499439355045075806e-02,9.048104096535320995e-01,4.187073480605410514e-01
5.249461508397766389e+06,-4.657142552375070518e+05,-5.394768438896363705e+02,-7.356180345304514923e-01,2.524702125042085132e+00,7.510402286641897074e-02,-7.353757033387843534e-02,2.473228352946212072e-02,9.047069457026534200e-01,4.189103551979501128e-01
5.249461493027345277e+06,-4.657142056390524376e+05,-5.394754755090764320e+02,-7.019766101232046696e-01,2.493474737546900410e+00,7.214327417088760297e-02,-7.372152815855993746e-02,2.448040084060411695e-02,9.046071359967493564e-01,4.191083141565020709e-01
5.249461478326014243e+06,-4.657141566728192265e+05,-5.394741693888387317e+02,-6.681792184090147302e-01,2.462001325455121403e+00,6.870378594313429621e-02,-7.383856618407359795e-02,2.426757384528151554e-02,9.045186177116987247e-01,4.192910973153560761e-01
5.249461464286051691e+06,-4.657141083341597696e+05,-5.394729182208272960e+02,-6.353293482197320818e-01,2.431262391834029479e+00,6.650149825583345775e-02,-7.391735408669702911e-02,2.403289036052402503e-02,9.044515330468586578e-01,4.194354208127371586e-01
5.249461450892291963e+06,-4.657140606143563637e+05,-5.394717087510190368e+02,-6.030951474613100993e-01,2.400617613941443462e+00,6.438384897565746501e-02,-7.392920367290407857e-02,2.380634619823098277e-02,9.043589330663989179e-01,4.196458669804300490e-01
5.249461438133941963e+06,-4.657140134991252562e+05,-5.394705451714127094e+02,-5.712219274246718159e-01,2.371367500357539182e+00,6.175185394915132242e-02,-7.393256976290887850e-02,2.357462271031959128e-02,9.042977300381165318e-01,4.197902218582822975e-01
5.249461426013536751e+06,-4.657139669804504374e+05,-5.394694324377945804e+02,-5.387409117445278728e-01,2.341516869247558308e+00,5.912510028736402135e-02,-7.383615349256435201e-02,2.332900843097812649e-02,9.042315216819393209e-01,4.199634954257826513e-01
5.249461414529245347e+06,-4.657139210660809185e+05,-5.394683692791063550e+02,-5.071335874791120801e-01,2.311453085667646068e+00,5.662140593314284737e-02,-7.370721515716668892e-02,2.309374871569493809e-02,9.041590608721769007e-01,4.201551144520745407e-01
5.249461403676548973e+06,-4.657138757437309832e+05,-5.394673449312244884e+02,-4.749710335165056585e-01,2.282910720242723013e+00,5.509095160078782139e-02,-7.352927392910275917e-02,2.281216934792461293e-02,9.040809574931002457e-01,4.203696888825145250e-01
5.249461393455935642e+06,-4.657138309980956255e+05,-5.394663485325040710e+02,-4.433566016103094309e-01,2.254381073873725772e+00,5.367790723550752707e-02,-7.336594162133329433e-02,2.250770754641836027e-02,9.040155457355174562e-01,4.205552720905922359e-01
5.249461383857293054e+06,-4.657137868229699670e+05,-5.394653685742406424e+02,-4.121948813109463927e-01,2.226497589025878465e+00,5.331995405653008890e-02,-7.313483825654483461e-02,2.216985807388865970e-02,9.039738087729483063e-01,4.207031588461304095e-01
5.249461374874017201e+06,-4.657137432139242883e+05,-5.394643994516195562e+02,-3.812662897973551623e-01,2.198393663292856903e+00,5.245033837214509165e-02,-7.287740222949057323e-02,2.177776110304336515e-02,9.039347524123472200e-01,4.208522051913787254e-01
5.249461366456126794e+06,-4.657137001130636199e+05,-5.394630452501671698e+02,-3.555510136840208668e-01,2.176849548494725450e+00,9.266186927903516390e-02,-7.093117665409939820e-02,2.272987816112086168e-02,9.039963609785565124e-01,4.210020212364660730e-01
5.249461358494781889e+06,-4.657136574114119867e+05,-5.394605447628111961e+02,-3.352727622902196281e-01,2.159813776451216860e+00,1.684131462676830282e-01,-6.072900426105155847e-02,3.036877181477976376e-02,9.044494220767286263e-01,4.211424584011549954e-01
5.249461350898025557e+06,-4.657136150607031304e+05,-5.394565889258170728e+02,-3.180850430804706419e-01,2.142563437034157747e+00,2.390984074106774215e-01,-4.424719219317987257e-02,4.298523229741364748e-02,9.049398832067320209e-01,4.210442555667089914e-01
5.249461343603257090e+06,-4.657135730993750039e+05,-5.394515127350726971e+02,-3.033814620870621814e-01,2.120715462161468778e+00,2.802559063167767706e-01,-2.085416430620727624e-02,6.146866353079843970e-02,9.050567403721881954e-01,4.203082268283394041e-01
5.249461336497058161e+06,-4.657135316442253534e+05,-5.394460812444676776e+02,-2.980488495512408353e-01,2.090606211304670392e+00,2.730023365284239278e-01,6.829979454497515923e-03,8.433346734497057517e-02,9.043332570987376862e-01,4.183569999571584153e-01
5.249461329316307791e+06,-4.657134908418029663e+05,-5.394410576003755295e+02,-3.116358245858638631e-01,2.053133032503116961e+00,2.370289083360171134e-01,3.637911885493454178e-02,1.094191086010052882e-01,9.025905275847827536e-01,4.147702491048586015e-01
5.249461321730799973e+06,-4.657134507771616336e+05,-5.394365711529051168e+02,-3.411936227557058610e-01,2.014670504861840516e+00,2.173816131569203391e-01,6.434538799416771038e-02,1.344688990949879648e-01,9.003406674158694889e-01,4.088575184569507304e-01
5.249461313438554294e+06,-4.657134114916548715e+05,-5.394323168951734715e+02,-3.867883363107450512e-01,1.972628961188564567e+00,2.123463194026080081e-01,9.068989687955000822e-02,1.583705967782919610e-01,8.975292356643288505e-01,4.014167027890473416e-01
5.249461304199637845e+06,-4.657133730394613231e+05,-5.394280191778995004e+02,-4.412868425536016215e-01,1.928850509328594143e+00,2.207600252701230614e-01,1.142136025500779528e-01,1.811870585075504303e-01,8.946083497001764417e-01,3.921764970040373943e-01
5.249461293830120936e+06,-4.657133354657404707e+05,-5.394234265389402481e+02,-5.060556401938755000e-01,1.882291691254024624e+00,2.413553015622733056e-01,1.337645036234727525e-01,2.014243852672269186e-01,8.922561901660912564e-01,3.813320952735046454e-01
5.249461282159258612e+06,-4.657132988284811145e+05,-5.394183262295047143e+02,-5.780090152786833135e-01,1.832700655287408775e+00,2.714074542638979515e-01,1.500991333625226465e-01,2.196651673602692534e-01,8.905263079330384413e-01,3.690262325782352471e-01
5.249461269067122601e+06,-4.657132631895964150e+05,-5.394125687189803102e+02,-6.546533550795929912e-01,1.780362547008095264e+00,3.073336530089171292e-01,1.614677634704338172e-01,2.350264353289011621e-01,8.902801231209661603e-01,3.550944090480761539e-01
5.249460797628366388e+06,-4.657140484257913195e+05,-5.396367175344784073e+02,-8.375877391444430664e-01,1.543002374872296523e+00,3.146916390178857714e-01,1.676312243106883870e-01,2.496979376414941165e-01,8.931914971946227633e-01,3.347145684724794901e-01
5.249460779780071229e+06,-4.657140184181375662e+05,-5.396300691067815478e+02,-9.220898088311425544e-01,1.478959188279044490e+00,3.526634313098244156e-01,1.723507313039774336e-01,2.599170152128878475e-01,8.951433834256672384e-01,3.185226739131473694e-01
5.249460760254973546e+06,-4.657139897225737805e+05,-5.396226854707214216e+02,-1.008406031436904771e+00,1.410062946092184299e+00,3.886020064545874231e-01,1.741026780089390269e-01,2.670938496150244701e-01,8.986510517737975601e-01,3.012895952474246020e-01
5.249460739011762664e+06,-4.657139624687226024e+05,-5.396146331516587225e+02,-1.096964010559942082e+00,1.332989884607564957e+00,4.198888991385475999e-01,1.729867352395867419e-01,2.713312420212039555e-01,9.035564778421980581e-01,2.829145417281048736e-01
5.249460716007589363e+06,-4.657139368299313937e+05,-5.396060412848256647e+02,-1.187523724658905211e+00,1.246656599930693998e+00,4.427808379291913177e-01,1.693291226241784575e-01,2.718896635035010223e-01,9.099638638432038240e-01,2.633807617061894590e-01
5.249460691239436157e+06,-4.657139129329972202e+05,-5.395970485625769015e+02,-1.276080861820298118e+00,1.156938903165475097e+00,4.600697309620436770e-01,1.647054514187511753e-01,2.700808298999799462e-01,9.169934388810927484e-01,2.430051288766608142e-01
5.249460664751376025e+06,-4.657138908830520231e+05,-5.395878003928376074e+02,-1.362060758832797092e+00,1.060068763468670516e+00,4.682371835538425286e-01,1.590079410598584930e-01,2.656229411737409674e-01,9.246986559125314198e-01,2.215701323892521613e-01
5.249460636611440219e+06,-4.657138707953892881e+05,-5.395784821562788238e+02,-1.443527473664514948e+00,9.590039543669719446e-01,4.667705651467781713e-01,1.527246367674807148e-01,2.582554921068977438e-01,9.329572654423554656e-01,1.989221631333858986e-01
5.249460606915661134e+06,-4.657138527276691166e+05,-5.395692453649287472e+02,-1.519564938427012013e+00,8.565935992272101229e-01,4.596486253106291109e-01,1.465091248889911768e-01,2.493211880862521990e-01,9.410777138499736294e-01,1.753475348948351775e-01
5.249460575787416659e+06,-4.657138366906320443e+05,-5.395601967656914439e+02,-1.588342164303704118e+00,7.548803642653333368e-01,4.473697567700032907e-01,1.407336308490098331e-01,2.388821523653543444e-01,9.488967648651018827e-01,1.507457862066919341e-01
5.249460543370579369e+06,-4.657138226528679952e+05,-5.395514246673557182e+02,-1.649676500484661634e+00,6.561852960007870106e-01,4.313175184137961193e-01,1.355091149977781240e-01,2.271429260953287121e-01,9.562205016163310978e-01,1.252426571343588091e-01
5.249460509811978787e+06,-4.657138105340243783e+05,-5.395429363312563282e+02,-1.703447229644417638e+00,5.632490870993787091e-01,4.183456453252712981e-01,1.312129459488041994e-01,2.147025262222840014e-01,9.627646643040179697e-01,9.884426749921443323e-02
5.249460475242460147e+06,-4.657138002519426518e+05,-5.395347706924879958e+02,-1.751755699515664233e+00,4.732626535128141021e-01,3.982149881337537778e-01,1.281105055286072825e-01,2.021657153195551282e-01,9.682646408196101673e-01,7.197435146206042356e-02
5.249460439744532108e+06,-4.657137917760816636e+05,-5.395271351122620445e+02,-1.797576145696785366e+00,3.836792886668027869e-01,3.641957832433983522e-01,1.259369427378198292e-01,1.900306406736286813e-01,9.726397208409049977e-01,4.472376942477744588e-02
5.249460403337232769e+06,-4.657137851302416530e+05,-5.395203636464076453e+02,-1.844543753885690585e+00,2.912106874391600653e-01,3.101553455413463278e-01,1.252978489110257720e-01,1.785374406876293618e-01,9.757647951087005112e-01,1.754698112011841837e-02
5.249460366024291143e+06,-4.657137803218109184e+05,-5.395147637155359917e+02,-1.890381604343456479e+00,2.010812124042189175e-01,2.451207996105924103e-01,-1.257353910124471286e-01,-1.677176798480289333e-01,-9.777400617083785717e-01,9.260993521811766022e-03
5.249460327841755003e+06,-4.657137772797890357e+05,-5.395104515879247629e+02,-1.934015910074042388e+00,1.159827681391931986e-01,1.794001297709745812e-01,-1.272190541366715055e-01,-1.581010432819867084e-01,-9.785522374374064913e-01,3.542444367024646240e-02
5.249460288840813562e+06,-4.657137758914497099e+05,-5.395073711229550781e+02,-1.975009358237429735e+00,3.731286494910863311e-02,1.200262761556491892e-01,-1.303100717856044144e-01,-1.503583069781255777e-01,-9.781347601178639328e-01,6.053144498279967173e-02
5.249460249063757248e+06,-4.657137760468416964e+05,-5.395054214295058728e+02,-2.014747099349101234e+00,-3.663045162113430508e-02,6.442401424713424529e-02,-1.343384688521050419e-01,-1.441820646710147424e-01,-9.767085200824618951e-01,8.488330127050573715e-02
5.249460208525059745e+06,-4.657137776581184589e+05,-5.395045542713378381e+02,-2.054806097376709051e+00,-1.066713261421514264e-01,9.771139769697269328e-03,-1.399826624416813103e-01,-1.406070740570118383e-01,-9.741549991104647699e-01,1.079654697267677793e-01
5.249460167211395688e+06,-4.657137806954705156e+05,-5.395048137354326627e+02,-2.096431063689877305e+00,-1.780673578635307841e-01,-5.043343535145558554e-02,-1.464385516369808571e-01,-1.385863132753731020e-01,-9.707857635477666891e-01,1.300945258681905359e-01
5.249460125076817349e+06,-4.657137851739973412e+05,-5.395062549490670563e+02,-2.141478740264486369e+00,-2.500493245875085035e-01,-1.106714437150233821e-01,-1.533605967048353724e-01,-1.381072449028837301e-01,-9.667455071277042400e-01,1.510299332698288866e-01
5.249460082091040909e+06,-4.657137911003159243e+05,-5.395088484954105752e+02,-2.186304714574380359e+00,-3.225408969726287212e-01,-1.678790580557605328e-01,-1.601908873253154730e-01,-1.384668115190722248e-01,-9.622938375017671131e-01,1.707524291770499969e-01
5.249460038253678940e+06,-4.657137984793158248e+05,-5.395125140972967301e+02,-2.231329532324345166e+00,-3.953249149964832565e-01,-2.199483066702664080e-01,-1.662925261511276620e-01,-1.391314877258930938e-01,-9.576797604512610196e-01,1.893111232162062729e-01
5.249459993558727205e+06,-4.657138072991067311e+05,-5.395171127187693401e+02,-2.276497189008019006e+00,-4.667175782753323898e-01,-2.630128127503752467e-01,-1.714396722969424025e-01,-1.396230731761573807e-01,-9.530967279790254487e-01,2.066892920734835215e-01
5.249459948025519960e+06,-4.657138175355871208e+05,-5.395224334594397533e+02,-2.319041404473380474e+00,-5.371123494748060168e-01,-2.936471558662335224e-01,-1.753035919499596196e-01,-1.396708266527182940e-01,-9.487076826295703924e-01,2.229673607686006309e-01
5.249459901688994840e+06,-4.657138291489341646e+05,-5.395282465854943439e+02,-2.360140621689242657e+00,-6.042718480510503865e-01,-3.134096092572388192e-01,-1.777003520529818192e-01,-1.390999288397737066e-01,-9.446502312354270181e-01,2.381380599679990273e-01
5.249459854592446238e+06,-4.657138420699184644e+05,-5.395343410762534404e+02,-2.397744002978240196e+00,-6.673950021500741903e-01,-3.225974608266062860e-01,-1.786559458303030035e-01,-1.378672098276941538e-01,-9.409595362745539759e-01,2.523288270461535032e-01
5.249459806785671040e+06,-4.657138562417968060e+05,-5.395405297050294848e+02,-2.433204349076006245e+00,-7.285832408594260512e-01,-3.233419049690254288e-01,-1.781145626035456897e-01,-1.358544771197477130e-01,-9.377111797631458856e-01,2.655494444843643498e-01
5.249459758326572366e+06,-4.657138716108798399e+05,-5.395466368707940319e+02,-2.464232381681149775e+00,-7.858954966285364163e-01,-3.145989647017646829e-01,-1.758704621965011261e-01,-1.329448559450802647e-01,-9.350230766313589736e-01,2.777176489589607833e-01
5.249459709275025874e+06,-4.657138881084001041e+05,-5.395525354462785117e+02,-2.493364657791630190e+00,-8.398170117409228252e-01,-3.024332924601893513e-01,-1.725797066634975341e-01,-1.295105117673290562e-01,-9.326362762243113336e-01,2.891934458453724877e-01
5.249459659674322233e+06,-4.657139056838016259e+05,-5.395581491494345983e+02,-2.519462980530510876e+00,-8.918062297852170639e-01,-2.858080455180682655e-01,-1.679457515559217851e-01,-1.253953906551149300e-01,-9.307345266305464548e-01,2.996722580028258198e-01
5.249459609585919417e+06,-4.657139242923301645e+05,-5.395634256268881472e+02,-2.542205239229406555e+00,-9.410391559030678588e-01,-2.682498367741480982e-01,-1.625638979823074703e-01,-1.208874215716665979e-01,-9.290730815179774060e-01,3.094873509467803707e-01
5.249459559055982158e+06,-4.657139438737434684e+05,-5.395683506996711003e+02,-2.563471241081268115e+00,-9.867037492588806025e-01,-2.500433099901897549e-01,-1.562928032871211403e-01,-1.160618414489467953e-01,-9.276907790458936987e-01,3.185781347874038216e-01
5.249459508122673258e+06,-4.657139643657119013e+05,-5.395729053758512919e+02,-2.582188136398178013e+00,-1.029576188020566496e+00,-2.304233086202711334e-01,-1.494170660702404951e-01,-1.110811831728709537e-01,-9.265376710444739317e-01,3.268997647659489525e-01
5.249459456841047853e+06,-4.657139857146498980e+05,-5.395770819297412118e+02,-2.597745596150313752e+00,-1.069848567418088203e+00,-2.113095706099624715e-01,-1.418784904922829604e-01,-1.060023769446170883e-01,-9.256270356020491752e-01,3.344377101826267462e-01
5.249459405266199261e+06,-4.657140078602177091e+05,-5.395808949513335619e+02,-2.610938345615918976e+00,-1.106660148677979905e+00,-1.930553443276326886e-01,-1.340468557108141501e-01,-1.009811626603874385e-01,-9.248456782305192192e-01,3.413132253215936940e-01
5.249459353450260125e+06,-4.657140307472804561e+05,-5.395843558961853432e+02,-2.621210044852013699e+00,-1.141522401274176923e+00,-1.749921332769957816e-01,-1.259638043937073570e-01,-9.608129775319142196e-02,-9.241735953874310461e-01,3.475696633628632681e-01
5.249459301451192237e+06,-4.657140543103725067e+05,-5.395874748529726048e+02,-2.628644856521172191e+00,-1.171820403552873424e+00,-1.576654365960947490e-01,-1.177219535870630135e-01,-9.138865912600070696e-02,-9.236193480564992564e-01,3.531528785745204901e-01
5.249459249319885857e+06,-4.657140784836979583e+05,-5.395902745757979346e+02,-2.633800543158710372e+00,-1.200335845921677302e+00,-1.418547542162100494e-01,-1.094365848405186303e-01,-8.704946556363465926e-02,-9.231692938998555809e-01,3.580565323845152359e-01
5.249459197108402848e+06,-4.657141032164121862e+05,-5.395927759356594606e+02,-2.636083283085473017e+00,-1.225693595990884344e+00,-1.265671948401232150e-01,-1.011806525389392641e-01,-8.293857886043855265e-02,-9.227740098331110863e-01,3.624524735873956849e-01
5.249459144879794680e+06,-4.657141284517960739e+05,-5.395949992463791887e+02,-2.634962230347893453e+00,-1.248810598676648009e+00,-1.127919465286842116e-01,-9.306265708741781606e-02,-7.921953560929065330e-02,-9.224197681532481097e-01,3.663405239547753434e-01
5.249459092686604708e+06,-4.657141541424579918e+05,-5.395969622575321409e+02,-2.631993737163799807e+00,-1.269642984729457913e+00,-9.926366397118140117e-02,-8.506104183587448464e-02,-7.584750950155810800e-02,-9.221527021286919368e-01,3.696568267227295368e-01
5.249459040573799983e+06,-4.657141802322352887e+05,-5.395986739926008795e+02,-2.626472949656585065e+00,-1.287304195314142197e+00,-8.638727696777484533e-02,-7.725846351588479266e-02,-7.271101776398475325e-02,-9.219080786064116628e-01,3.725986223918181239e-01
5.249458988592543639e+06,-4.657142066634871881e+05,-5.396001406091102126e+02,-2.618368600457902318e+00,-1.302625426627486149e+00,-7.347117592077619108e-02,-6.967292472582078955e-02,-6.985855694545690941e-02,-9.217542062693845351e-01,3.750128662709367178e-01
5.249458936802820303e+06,-4.657142333928066073e+05,-5.396013712039613210e+02,-2.606866174547270543e+00,-1.316211121161784847e+00,-6.152624312995477046e-02,-6.231273888220867363e-02,-6.719260812536032024e-02,-9.216156940361006633e-01,3.771296720101802724e-01
5.249458885249255225e+06,-4.657142603809044813e+05,-5.396023773275951498e+02,-2.594351643119052309e+00,-1.327742809832770599e+00,-4.977063037060096978e-02,-5.512191167392403029e-02,-6.468438722444182221e-02,-9.215181965546273002e-01,3.789217851906137025e-01
5.249458833968803287e+06,-4.657142875807431992e+05,-5.396031628594415679e+02,-2.579170620864478014e+00,-1.336854697489504362e+00,-3.825045432030646508e-02,-4.832787977834119425e-02,-6.238116271748482544e-02,-9.214675438259544160e-01,3.803558507056079563e-01
5.249458782995823771e+06,-4.657143149511056836e+05,-5.396037347675935507e+02,-2.563281485979644003e+00,-1.344384337003246666e+00,-2.721693625210801909e-02,-4.174405890546100534e-02,-6.017536172352603435e-02,-9.214321725354912562e-01,3.815745165318600862e-01
5.249458732368467376e+06,-4.657143424497657688e+05,-5.396041109799198239e+02,-2.544266380175921327e+00,-1.349517307411286726e+00,-1.755992408664154569e-02,-3.558853546403079049e-02,-5.802746322147602637e-02,-9.214632281787830115e-01,3.824549510360067406e-01
5.249458682126853615e+06,-4.657143700410733582e+05,-5.396043117508928617e+02,-2.524386799248632407e+00,-1.353612367381631598e+00,-8.583749659352503045e-03,-2.959961085714754928e-02,-5.594581144413459523e-02,-9.215071131978772589e-01,3.831691144744518995e-01
5.249460030602537096e+06,-4.657138362160918186e+05,-5.397908122467570138e+02,-2.271471507572089710e+00,-1.205841310397742117e+00,-2.944536388759516621e-02,-2.337477730159756226e-02,-5.353483248598401439e-02,-9.291447732099094026e-01,3.678956492441075032e-01
5.249459985612393357e+06,-4.657138606340216356e+05,-5.397912897793756883e+02,-2.248001853407557427e+00,-1.206545160901844049e+00,-2.186583472600919786e-02,-1.788606991772287089e-02,-5.149192769627954080e-02,-9.282860367601654117e-01,3.678501115287591827e-01
5.249459941106291488e+06,-4.657138850472781342e+05,-5.397916262897574597e+02,-2.222892909986028620e+00,-1.205644867374464857e+00,-1.465561730113921525e-02,-1.273340202978420418e-02,-4.944948046801202202e-02,-9.284173836309085326e-01,3.680132766237512176e-01
5.249459897124793380e+06,-4.657139094244169537e+05,-5.397918337151379546e+02,-2.195345681466327026e+00,-1.203301286983426088e+00,-8.304217993599481359e-03,-7.786192994432452989e-03,-4.741316875681111931e-02,-9.285633563964664772e-01,3.680508937159649441e-01
5.249459853708317503e+06,-4.657139337447152357e+05,-5.397919267282238707e+02,-2.166162636828019128e+00,-1.200425832658892134e+00,-2.593295967468470589e-03,-3.099322758466436199e-03,-4.520200764325332105e-02,-9.287268088725839643e-01,3.679859884594748887e-01
5.249459810874707066e+06,-4.657139579794284073e+05,-5.397919297707877604e+02,-2.136876619132697108e+00,-1.195187112168185406e+00,1.267077593166305921e-03,1.501307981237688443e-03,-4.299115076574996919e-02,-9.288960412299814839e-01,3.678337288488530143e-01
5.249459768636777997e+06,-4.657139820862797787e+05,-5.397918535615162909e+02,-2.106418310334071009e+00,-1.188114412143731036e+00,5.901780624181830921e-03,5.869166132865285060e-03,-4.064653182818303567e-02,-9.290814935662357055e-01,3.675880725226658985e-01
5.249459727023689076e+06,-4.657140060386606492e+05,-5.397916995456788527e+02,-2.074172342370735223e+00,-1.180305280988165784e+00,9.580600823798633356e-03,1.013340112073849580e-02,-3.837699830072934665e-02,-9.292839315942755807e-01,3.672273070219337909e-01
5.249459686050396413e+06,-4.657140298145807465e+05,-5.397914947744511664e+02,-2.042256665189807752e+00,-1.171006487538770235e+00,1.145339273697051560e-02,1.420993363428911700e-02,-3.603000521221783742e-02,-9.294737603095171163e-01,3.668493501715106020e-01
5.249459645729826763e+06,-4.657140533814608934e+05,-5.397912542165616969e+02,-2.008707963692368814e+00,-1.159978214438055932e+00,1.362426544360904705e-02,1.814069434429393252e-02,-3.358488097974298564e-02,-9.296772393149993485e-01,3.663921423167836311e-01
5.249459606092661619e+06,-4.657140767053719610e+05,-5.397909828806051564e+02,-1.973720367848095680e+00,-1.147312198373667158e+00,1.496265333642112123e-02,2.197312518048171251e-02,-3.110619572787001394e-02,-9.298788919660102570e-01,3.658890991393620729e-01
5.249459567159200087e+06,-4.657140997640499845e+05,-5.397906997447079220e+02,-1.938117439023683941e+00,-1.134091650494824410e+00,1.518210525244576697e-02,2.554254449566036728e-02,-2.857537726860772537e-02,-9.300849632670933342e-01,3.653395510218293007e-01
5.249459528944686987e+06,-4.657141225372871268e+05,-5.397904109489478515e+02,-1.901612617866261568e+00,-1.119411941749552941e+00,1.590130930912240365e-02,2.907105795356151531e-02,-2.608034801505268452e-02,-9.302796568497035956e-01,3.647662940292648037e-01
5.249459491452955641e+06,-4.657141449949378730e+05,-5.397901160217503502e+02,-1.865663353209377151e+00,-1.103130063287764306e+00,1.614228556830444097e-02,3.248990389600358436e-02,-2.347730202405784450e-02,-9.304809449773611130e-01,3.641406783289692917e-01
5.249459454697034322e+06,-4.657141670984517550e+05,-5.397898136464973504e+02,-1.827870729972279173e+00,-1.084594625688532599e+00,1.698490410010359761e-02,3.585333751396134472e-02,-2.095889991651514461e-02,-9.306622915147034769e-01,3.635147341963911871e-01
5.249459418697515503e+06,-4.657141888199549867e+05,-5.397895167484883814e+02,-1.789844239003437920e+00,-1.065530754922577650e+00,1.587050230887137800e-02,3.909143856121923694e-02,-1.843453735964450599e-02,-9.308439104130187269e-01,3.628520935750459975e-01
5.249459383459516801e+06,-4.657142101467071916e+05,-5.397892425025911507e+02,-1.751541163552877034e+00,-1.045721101750488380e+00,1.498204462620034844e-02,4.226377055220072870e-02,-1.591640497583092853e-02,-9.310154635370958554e-01,3.621748866080655160e-01
5.249459348999943584e+06,-4.657142310550446855e+05,-5.397889796577812831e+02,-1.711833998620231778e+00,-1.024287477133523083e+00,1.498601245449268822e-02,4.526847351251329921e-02,-1.330231284990577439e-02,-9.311647846922692651e-01,3.615327891014271655e-01
5.249459315328538418e+06,-4.657142515179676120e+05,-5.397887269564672579e+02,-1.672584699739742886e+00,-1.001727333902705075e+00,1.418786282579226517e-02,4.823360189111157437e-02,-1.079023702283506136e-02,-9.313047670406098266e-01,3.608718905313210712e-01
5.249459282446599565e+06,-4.657142715149314026e+05,-5.397884926433638384e+02,-1.632751088134670958e+00,-9.782279346141360410e-01,1.334420768642077641e-02,5.112459852214848444e-02,-8.351975931557757346e-03,-9.314270428106409261e-01,3.602224089203152069e-01
5.249459250365972519e+06,-4.657142910230880952e+05,-5.397882783666931346e+02,-1.592316281204459782e+00,-9.533592943955054855e-01,1.234792948273889107e-02,5.384104737845891303e-02,-6.000312380118807791e-03,-9.315609593398909150e-01,3.595265177089760344e-01
5.249459219101790339e+06,-4.657143100119514856e+05,-5.397880827384104805e+02,-1.550987709085837496e+00,-9.267800505043128911e-01,1.162714514068631348e-02,5.650358071762111994e-02,-3.713113264966363177e-03,-9.316879306906320490e-01,3.588191159718918666e-01
5.249459188660194166e+06,-4.657143284604256623e+05,-5.397879222448909786e+02,-1.509936698524080745e+00,-8.997582037350387862e-01,8.917409876603258137e-03,5.901811564074995603e-02,-1.403144750162159003e-03,-9.318028464281166157e-01,3.581317475708765130e-01
5.249459159039847553e+06,-4.657143463512117160e+05,-5.397878145289030272e+02,-1.468765609950986262e+00,-8.713931478109121498e-01,6.409052236816077316e-03,6.141681417670773885e-02,7.038577128379490486e-04,-9.319166391505671054e-01,3.574337102291173518e-01
5.249459130248491652e+06,-4.657143636622994673e+05,-5.397877479483626075e+02,-1.426941057238160004e+00,-8.421546432180248010e-01,4.855986193684333832e-03,6.364861672062151199e-02,2.735994197484272698e-03,-9.320269166225568780e-01,3.567452797515962559e-01
5.249459102295448072e+06,-4.657143803712184890e+05,-5.397877172486133759e+02,-1.384871790068249897e+00,-8.114713661686957513e-01,2.840745314708358320e-03,6.580140531255454506e-02,4.647075383639225066e-03,-9.321168994348152381e-01,3.560992355264719356e-01
5.249459075182880275e+06,-4.657143964597888407e+05,-5.397877252828160408e+02,-1.342827717715136870e+00,-7.803906952389509932e-01,9.834366102160353295e-04,6.781753145616516154e-02,6.501256536560830884e-03,-9.322140419480674511e-01,3.554370494028742944e-01
5.249459048914355226e+06,-4.657144119135055225e+05,-5.397877653173328554e+02,-1.300424460762764856e+00,-7.482081421797457388e-01,-3.717590718348675249e-04,6.970608544973252996e-02,8.245207444454279860e-03,-9.323004527594569435e-01,3.548083200702578099e-01
5.249459023492066190e+06,-4.657144267224592040e+05,-5.397878415954074853e+02,-1.258136721544026004e+00,-7.161166251292522267e-01,-2.695584469515768279e-03,7.147661649297720743e-02,9.820712756438254587e-03,-9.323945924502377025e-01,3.541679980821225149e-01
5.249458998928775080e+06,-4.657144408856956870e+05,-5.397879587912935904e+02,-1.214411730805960543e+00,-6.838786474007000349e-01,-4.527295559942599856e-03,7.318530680551740830e-02,1.134841313384248214e-02,-9.324809332842171061e-01,3.535455182133594443e-01
5.249458975233288482e+06,-4.657144543818901293e+05,-5.397881252478182432e+02,-1.171316511476789612e+00,-6.495055942576092312e-01,-7.735574769077227519e-03,7.475372111613598491e-02,1.282374163546243229e-02,-9.325721995222573391e-01,3.529256656988392638e-01
5.249458952397579327e+06,-4.657144671897434746e+05,-5.397883488381442021e+02,-1.128397896356986063e+00,-6.151144724802910524e-01,-1.035942124043689322e-02,7.620759662620084363e-02,1.421127469135228388e-02,-9.326572599470831504e-01,3.523363128583678061e-01
5.249458930415996350e+06,-4.657144793079114752e+05,-5.397886220181696899e+02,-1.085880683105456823e+00,-5.805663401243448263e-01,-1.282519042608976784e-02,7.754703987776435936e-02,1.555034162956769883e-02,-9.327389056516238730e-01,3.517709160377308075e-01
5.249458909291230142e+06,-4.657144907319350750e+05,-5.397889401635337663e+02,-1.042674809112522194e+00,-5.457288433383492565e-01,-1.499739204960326595e-02,7.877775562834586631e-02,1.688676842863923167e-02,-9.328195845638289629e-01,3.512214756136251004e-01
5.249458889031372033e+06,-4.657145014543610159e+05,-5.397893131173775600e+02,-9.993430423455738065e-01,-5.103893665862136997e-01,-1.849003961445507341e-02,7.995216269019157773e-02,1.818137684114526018e-02,-9.329015286159512144e-01,3.506733909709735530e-01
5.249458869637554511e+06,-4.657145114650151809e+05,-5.397897396874176366e+02,-9.560622537681645605e-01,-4.744977909358507606e-01,-2.052305410988725792e-02,8.106812118518347265e-02,1.948373929830855833e-02,-9.329639189154681489e-01,3.501809098862183611e-01
5.249458851103019901e+06,-4.657145207525904407e+05,-5.397902033235125145e+02,-9.134502194981233281e-01,-4.379540318871958937e-01,-2.236692094015552829e-02,8.211283902028441994e-02,2.078432176355860667e-02,-9.330295700641361156e-01,3.496874533705310872e-01
5.249458833413100801e+06,-4.657145293101281277e+05,-5.397907007328902864e+02,-8.716691933988106600e-01,-4.013098777246221771e-01,-2.407560723630667796e-02,8.309934742239460936e-02,2.208388166512111755e-02,-9.330891693508863716e-01,3.492154101656235188e-01
5.249458816570358351e+06,-4.657145371343053994e+05,-5.397912287234673840e+02,-8.287718718255890904e-01,-3.644489174286211775e-01,-2.561231966295511239e-02,8.398823296084259593e-02,2.340124887001670401e-02,-9.331350225232841744e-01,3.487941915396443049e-01
5.249458800584514625e+06,-4.657145442138586659e+05,-5.397917809384031216e+02,-7.860615504963195388e-01,-3.266089603555487053e-01,-2.668737622082099567e-02,8.477807851769178504e-02,2.471237630527026510e-02,-9.331963037085317936e-01,3.483484385632764635e-01
5.249458785445938818e+06,-4.657145505380121176e+05,-5.397923614140045174e+02,-7.441574860825367344e-01,-2.885962515842224740e-01,-2.865449672466387904e-02,8.553187991366965892e-02,2.595788109911814634e-02,-9.332454809704454624e-01,3.479416017525336913e-01
5.249458771146569401e+06,-4.657145561020663590e+05,-5.397929737498085387e+02,-7.022682048616312178e-01,-2.502555195527525478e-01,-3.008816074305676463e-02,8.622649064784181083e-02,2.711058788569855812e-02,-9.333103876213092454e-01,3.475078830173447542e-01
5.249458757677592337e+06,-4.657145609074737295e+05,-5.397936140669274891e+02,-6.612631460512254922e-01,-2.123489033210193000e-01,-3.167533029139620038e-02,8.685681901252430281e-02,2.827231827184589763e-02,-9.333609353943652653e-01,3.471223608023417118e-01
5.249458745037835091e+06,-4.657145649546164204e+05,-5.397942862186167758e+02,-6.194745509324465216e-01,-1.740359153048029461e-01,-3.351245733058066251e-02,8.743301389775889887e-02,2.936127432518507649e-02,-9.334190579366984375e-01,3.467307976286099769e-01
5.249458733228337951e+06,-4.657145682366245892e+05,-5.397949936214524769e+02,-5.784067225501029474e-01,-1.353686148388271726e-01,-3.545079865627046717e-02,8.792273746726515793e-02,3.033139049092654915e-02,-9.334890091183786209e-01,3.463349086526236742e-01
5.249458722241139039e+06,-4.657145707367339055e+05,-5.397957347474454082e+02,-5.374923226119063813e-01,-9.527337546236568089e-02,-3.713788065447332087e-02,8.839323868732973377e-02,3.128824403915336783e-02,-9.335496739204559580e-01,3.459663099069663628e-01
5.249458712079498917e+06,-4.657145724515125039e+05,-5.397965038151194221e+02,-4.960307552201110859e-01,-5.633340084666187131e-02,-3.849867655718592491e-02,8.878640345654138788e-02,3.212802555500360313e-02,-9.336229966747091602e-01,3.455906028287163423e-01
5.249458702729208395e+06,-4.657145733835189603e+05,-5.397972946273109756e+02,-4.566781043648895921e-01,-1.631860437420921961e-02,-3.955900118891245848e-02,8.911852959428510912e-02,3.292906928755467283e-02,-9.337021856256334518e-01,3.452155744010363403e-01
5.249458694171983749e+06,-4.657145735287437565e+05,-5.397981024895417477e+02,-4.170037268189969448e-01,2.298852045928999679e-02,-4.045297020707542407e-02,8.936323030143515644e-02,3.360966125638403801e-02,-9.338104251909816744e-01,3.447936973654068260e-01
5.249458686414682306e+06,-4.657145728948752512e+05,-5.397989345896842224e+02,-3.769523295181952949e-01,6.224877559906894647e-02,-4.225974233729214852e-02,8.955453968074898741e-02,3.427590798873614980e-02,-9.338807993601209168e-01,3.444877347112462740e-01
5.249458679452054203e+06,-4.657145714857793064e+05,-5.397997970335901528e+02,-3.378372412991435536e-01,1.012134827398724207e-01,-4.375737166332956812e-02,8.970635903697216085e-02,3.485916884848131586e-02,-9.339623187070726917e-01,3.441685560701635005e-01
5.249460957373398356e+06,-4.657132120063744951e+05,-5.399471114095604207e+02,1.634931392391990590e-01,4.227294324407962489e-01,-6.272793194567805042e-02,9.252823908398752351e-02,3.535734944790837331e-02,-9.373302103722608303e-01,3.351768908795377810e-01
5.249460961117411032e+06,-4.657132032893687137e+05,-5.399483456917637341e+02,2.032092283762234330e-01,4.614966504983723516e-01,-6.332730486545055937e-02,9.254146275716962355e-02,3.581678152942573135e-02,-9.370863997660384692e-01,3.346973489481081532e-01
5.249460965654492378e+06,-4.657131938108495669e+05,-5.399495916241763780e+02,2.426211488555342910e-01,4.993712349691360464e-01,-6.411536040323784214e-02,9.248731887267203078e-02,3.626545124022380329e-02,-9.371858098396734782e-01,3.343855124586518346e-01
5.249460970987009816e+06,-4.657131835728184669e+05,-5.399508400156670405e+02,2.825493293282590468e-01,5.379572582834141192e-01,-6.377945699420477232e-02,9.237588438609831143e-02,3.677210061912274813e-02,-9.372803087226515562e-01,3.340959917772656218e-01
5.249460977107145824e+06,-4.657131725731865154e+05,-5.399520859887647930e+02,3.211558822775561484e-01,5.760845853891799484e-01,-6.408730895459316401e-02,9.222648110196668414e-02,3.725609062708243324e-02,-9.373834533748962583e-01,3.337941304245026219e-01
5.249460983996358700e+06,-4.657131608159032767e+05,-5.399533269534432520e+02,3.591948861996300812e-01,6.143087471849301151e-01,-6.347478567010102213e-02,9.204128034732729502e-02,3.776794200835442705e-02,-9.374919320212112828e-01,3.334829275547646632e-01
5.249460991647701710e+06,-4.657131483056047582e+05,-5.399545443520221397e+02,3.971051075353077553e-01,6.519567859659828324e-01,-6.190819912738601549e-02,9.180819496779260569e-02,3.827629291353489005e-02,-9.375844968904645249e-01,3.332288887105999131e-01
5.249461000052978285e+06,-4.657131350462685805e+05,-5.399557313019342928e+02,4.342900587645762145e-01,6.898373377123777628e-01,-6.061094498265916231e-02,9.153994489224939746e-02,3.882581069684008790e-02,-9.376814314093734337e-01,3.329662572799519382e-01
5.249461009207509458e+06,-4.657131210359163815e+05,-5.399568860540477999e+02,4.717249351057546392e-01,7.276848303076636215e-01,-5.886055707429315581e-02,9.120412982776623934e-02,3.932820677346092475e-02,-9.377799781961928538e-01,3.327218234149939002e-01
5.249461019103122875e+06,-4.657131062760641216e+05,-5.399580045925587228e+02,5.080525782710445526e-01,7.654699549990574559e-01,-5.715871974560931407e-02,9.084239792742750119e-02,3.984481569507552362e-02,-9.378896720463615333e-01,3.324500157121859645e-01
5.249461029722202569e+06,-4.657130907657542848e+05,-5.399590904194581071e+02,5.436920940764977672e-01,8.034638020430047156e-01,-5.576187497339860077e-02,9.048321301167459862e-02,4.025486728252717500e-02,-9.379952279551581062e-01,3.322006723185844668e-01
5.249461041054889560e+06,-4.657130745141535881e+05,-5.399601431325488647e+02,5.790494459729836896e-01,8.403065535373727135e-01,-5.401011594596627496e-02,9.010958171990311738e-02,4.066524324278367880e-02,-9.380993055795464608e-01,3.319582725802142642e-01
5.249461053096062504e+06,-4.657130575322541990e+05,-5.399611704920650936e+02,6.141620882564986506e-01,8.772410882378948171e-01,-5.340755002248174371e-02,8.966403175546699966e-02,4.101731416169800137e-02,-9.382132502622883008e-01,3.317134893728360678e-01
5.249461065838897601e+06,-4.657130398148646927e+05,-5.399621741220469175e+02,6.487816688920365893e-01,9.146572484210664378e-01,-5.179585264121996241e-02,8.917896606016474659e-02,4.130873548574774679e-02,-9.383417691121068716e-01,3.314444530321152271e-01
5.249461079276083969e+06,-4.657130213621312869e+05,-5.399631411973218746e+02,6.831588916966581104e-01,9.515771411489192255e-01,-4.990285893639190284e-02,8.868166958113103682e-02,4.158651431519315433e-02,-9.384605753076132872e-01,3.312066918034277108e-01
5.249461093395802192e+06,-4.657130021856311942e+05,-5.399640804771446483e+02,7.165840954443859490e-01,9.878708888282565770e-01,-4.918194131170098432e-02,8.814565546664125673e-02,4.177014936894811459e-02,-9.385926965498081476e-01,3.309521852194621250e-01
5.249461108183532022e+06,-4.657129822889162460e+05,-5.399649963120937173e+02,7.494598717761097317e-01,1.024487530946672331e+00,-4.770637364440402650e-02,8.760727091425454804e-02,4.188261168895641984e-02,-9.387295337892019864e-01,3.306927218357497145e-01
5.249461123630789109e+06,-4.657129616735333693e+05,-5.399658877964375279e+02,7.820343335964546894e-01,1.060639299450654160e+00,-4.690291551981761592e-02,8.702480113552454877e-02,4.196034137759370453e-02,-9.388656861479357518e-01,3.304500539689896876e-01
5.249461139730039984e+06,-4.657129403529379051e+05,-5.399667571724791060e+02,8.141523052065354760e-01,1.095902802723145886e+00,-4.563564454380925062e-02,8.641508466864836202e-02,4.194183813990234183e-02,-9.390143383537336019e-01,3.301899284854680205e-01
5.249461156474102288e+06,-4.657129183303912287e+05,-5.399675982129703016e+02,8.459571997629847795e-01,1.131792833429012379e+00,-4.420282431391205080e-02,8.576367049760962036e-02,4.191459682853018037e-02,-9.391645293323686028e-01,3.299359748481808241e-01
5.249461173854030669e+06,-4.657128956060176133e+05,-5.399684052708993249e+02,8.771672730806227003e-01,1.167044433029548633e+00,-4.235516343667956179e-02,8.506754409128901295e-02,4.183550954311435893e-02,-9.393075615978419002e-01,3.297189851679842021e-01
5.249461191860862076e+06,-4.657128721876154887e+05,-5.399691792850002230e+02,9.080585486132978223e-01,1.202185759947939081e+00,-4.102180974442602018e-02,8.434233979201760656e-02,4.175047577690953193e-02,-9.394468458744306139e-01,3.295191842041842456e-01
5.249461210486463271e+06,-4.657128480867082835e+05,-5.399699226944860584e+02,9.384539248152228286e-01,1.236276648667863798e+00,-3.940384243027622579e-02,8.357484826584185567e-02,4.162243835040386336e-02,-9.396034243043370759e-01,3.292844120408737196e-01
5.249461229724549688e+06,-4.657128233186952421e+05,-5.399706213103943355e+02,9.687032198196812161e-01,1.269869038283072182e+00,-3.662286147884428328e-02,8.276550903785499791e-02,4.150722326683910918e-02,-9.397588579661351194e-01,3.290597385672147657e-01
5.249461249555078335e+06,-4.657127978933608392e+05,-5.399712621776255901e+02,9.970385991851418162e-01,1.303050653410393389e+00,-3.369829288716464505e-02,8.195962120368154025e-02,4.143589883392315154e-02,-9.398963554430288525e-01,3.288776819491337489e-01
5.249461269961713813e+06,-4.657127718158863718e+05,-5.399718451171423794e+02,1.025642681337911366e+00,1.336142156757323285e+00,-3.089640770533554764e-02,8.110675858359869816e-02,4.132808583061219759e-02,-9.400497354638055469e-01,3.286642358292766741e-01
5.249461290939632803e+06,-4.657127450891041663e+05,-5.399723711414447962e+02,1.053455156881158095e+00,1.369099002461668269e+00,-2.806689547750181382e-02,8.026557602266892744e-02,4.118835871940659810e-02,-9.402108502047998861e-01,3.284273370967460415e-01
5.249461312481528148e+06,-4.657127177189448848e+05,-5.399728447768351316e+02,1.081338465043124586e+00,1.401589483908130873e+00,-2.572307656596260414e-02,7.940979343164937532e-02,4.102442672667420964e-02,-9.403620797895489991e-01,3.282228547164220411e-01
5.249461334581055678e+06,-4.657126897150392761e+05,-5.399732741014819339e+02,1.108495469764537500e+00,1.433620123285859194e+00,-2.370210723341757350e-02,7.854529481850212880e-02,4.088529880677951867e-02,-9.405138112731750155e-01,3.280134179031275465e-01
5.249461357232519425e+06,-4.657126610912723118e+05,-5.399736628221065757e+02,1.135835214762503043e+00,1.464676610191192774e+00,-2.172162345249429791e-02,7.760179380799703264e-02,4.077349700329910981e-02,-9.406634344706715778e-01,3.278228016405363987e-01
5.249461380428737029e+06,-4.657126318544399692e+05,-5.399740054772354370e+02,1.162201379183110728e+00,1.496118772597122559e+00,-1.913662149296266324e-02,7.667265045442589466e-02,4.062716994305928114e-02,-9.408158694483911288e-01,3.276220999905173903e-01
5.249461404156750999e+06,-4.657126020019458956e+05,-5.399742988931684522e+02,1.188219902054401089e+00,1.527482444935609696e+00,-1.684152862387322189e-02,7.578036498533943788e-02,4.042067498222064875e-02,-9.409724272983888138e-01,3.274055580692640244e-01
5.249461428409083746e+06,-4.657125715454914025e+05,-5.399745461741085819e+02,1.213846258843919390e+00,1.557738675776195514e+00,-1.455738180004033204e-02,7.483838484521329604e-02,4.021048048783272544e-02,-9.411395928233972086e-01,3.271675465401859273e-01
5.249461453171181493e+06,-4.657125405000508763e+05,-5.399747461406916500e+02,1.238378595288682549e+00,1.587637413497233307e+00,-1.213487817153260928e-02,7.389633446035019648e-02,4.000352878757378050e-02,-9.412829380726366324e-01,3.269946229188963049e-01
5.249461478427183814e+06,-4.657125088734800229e+05,-5.399748918682295198e+02,1.262386224487844988e+00,1.617144140643414385e+00,-9.138442812983860880e-03,7.293726110930739970e-02,3.976727471214593773e-02,-9.414403566781428534e-01,3.267855234406488729e-01
5.249461504184704274e+06,-4.657124766672982369e+05,-5.399749827998094815e+02,1.287696332328549298e+00,1.646886441070513740e+00,-6.672466069754222524e-03,7.198785804829688217e-02,3.950520748929822745e-02,-9.416016489883469731e-01,3.265630497079580197e-01
5.249461530439416878e+06,-4.657124438902703696e+05,-5.399750228854851457e+02,1.311237712631484253e+00,1.675557845787584599e+00,-4.056917551749576745e-03,7.103817057502476162e-02,3.922403591402662953e-02,-9.417626097645561689e-01,3.263406875530477369e-01
5.249461557167537510e+06,-4.657124105579025345e+05,-5.399750123827612924e+02,1.334144944443768521e+00,1.703792666410169909e+00,-1.614627248423549082e-03,7.009165021580178456e-02,3.894563116351552196e-02,-9.419291948702406270e-01,3.260978298912761697e-01
5.249461584363784641e+06,-4.657123766706942115e+05,-5.399749567660007870e+02,1.357120242262719767e+00,1.732478090779427049e+00,4.493926596131439001e-04,6.912911824863973709e-02,3.866275093886192143e-02,-9.420965070795590535e-01,3.258535449287746077e-01
5.249461612018475309e+06,-4.657123422329314053e+05,-5.399748591392603885e+02,1.379040670714686057e+00,1.760300025054152950e+00,2.594386078239309737e-03,6.815319944851773448e-02,3.829269297133857525e-02,-9.422636210908374998e-01,3.256195393521248427e-01
5.249461640116712078e+06,-4.657123072613647673e+05,-5.399747181182523263e+02,1.400536452682793476e+00,1.787285615876297973e+00,4.805267004268888413e-03,6.716285501110190459e-02,3.791463764407455861e-02,-9.424165999136137062e-01,3.254267791807092247e-01
5.249461668649844825e+06,-4.657122717632415006e+05,-5.399745362841629230e+02,1.421540476314130608e+00,1.814464046171483158e+00,6.693043250846084438e-03,6.614228413569094023e-02,3.752895146806736054e-02,-9.425771920814642879e-01,3.252153418197525347e-01
5.249461697608228773e+06,-4.657122357422126224e+05,-5.399743081364572390e+02,1.442050649782739891e+00,1.841101757571208308e+00,9.478717772879358822e-03,6.512067740969701424e-02,3.716681023547101226e-02,-9.427374581207029758e-01,3.249984868974325480e-01
5.249461726988679729e+06,-4.657121992127933190e+05,-5.399740176482738434e+02,1.462773938817367947e+00,1.866749144340764222e+00,1.299214350961024750e-02,6.408973534119666304e-02,3.673566420612470185e-02,-9.428859910705948977e-01,3.248215060143455069e-01
5.249461756794010289e+06,-4.657121621838410501e+05,-5.399736601883952289e+02,1.483536374733151586e+00,1.892557310352834588e+00,1.623835835494106053e-02,6.303622607310160886e-02,3.638886070986654953e-02,-9.430369676164052084e-01,3.246283554477576994e-01
5.249461787009311840e+06,-4.657121246618208243e+05,-5.399732460235760527e+02,1.502720794927800974e+00,1.917658738781172323e+00,1.871455172065720346e-02,6.202487812376231147e-02,3.602296594152800541e-02,-9.432043046822395915e-01,3.243777224330552933e-01
5.249461817615396343e+06,-4.657120866599225556e+05,-5.399727793758079315e+02,1.521557364737883944e+00,1.942147940651151261e+00,2.155508043419449363e-02,6.097149441348503202e-02,3.568741892920467007e-02,-9.433694911116456971e-01,3.241340700019255117e-01
5.249461848605530336e+06,-4.657120481872584205e+05,-5.399722539104171801e+02,1.540051104690867145e+00,1.966358719548702449e+00,2.467582627138000320e-02,5.991769301962357464e-02,3.535565380320424000e-02,-9.435270922202146915e-01,3.239081374284007442e-01
5.249461879972897470e+06,-4.657120092502646148e+05,-5.399716682105179189e+02,1.558196546366570789e+00,1.990216169928200163e+00,2.766181562382539344e-02,5.883766565230830886e-02,3.504913798118404478e-02,-9.436747063415127368e-01,3.237093502250851795e-01
5.249461911703376099e+06,-4.657119698595716618e+05,-5.399710262847758031e+02,1.575250333655438428e+00,2.013405865809366091e+00,3.038674892688058432e-02,5.773454436383450294e-02,3.471834836198863655e-02,-9.438238634205076139e-01,3.235087041386575102e-01
5.249461943793307990e+06,-4.657119300237667048e+05,-5.399703315770428844e+02,1.593052242815724551e+00,2.036385925630503024e+00,3.302407176237993208e-02,5.666882109296405429e-02,3.439932068913933300e-02,-9.439702614678080472e-01,3.233040139164703453e-01
5.249463356797005981e+06,-4.657113470213141409e+05,-5.400926483035104866e+02,1.893044558579425551e+00,2.169965170820158828e+00,2.783597536394828709e-02,5.690711431132720877e-02,3.420368922861082017e-02,-9.449410751036564360e-01,3.205512632037485488e-01
5.249463395056372508e+06,-4.657113037954872125e+05,-5.400920090882516433e+02,1.909563706875819999e+00,2.191797253206766438e+00,3.041282884475622617e-02,5.583645091057520132e-02,3.390162276216140969e-02,-9.450526307176603247e-01,3.203256185178271487e-01
5.249463433645304292e+06,-4.657112601418007398e+05,-5.400913121949544120e+02,1.925229134500327621e+00,2.213932783897945900e+00,3.369338212578674996e-02,5.482381173554771309e-02,3.356395122687476362e-02,-9.451828331454982246e-01,3.201518843264607450e-01
5.249463472566268407e+06,-4.657112160690860474e+05,-5.400905567742536277e+02,1.942046666507539765e+00,2.234813950604495059e+00,3.634886926674076035e-02,5.377621981069253404e-02,3.324332762061411178e-02,-9.453237072558431375e-01,3.199470180875172431e-01
5.249463511812141165e+06,-4.657111715855876682e+05,-5.400897427179443184e+02,1.956910950147169537e+00,2.256258773961314024e+00,3.965704232435122295e-02,5.275877930712325609e-02,3.287538119283778953e-02,-9.454677298247824435e-01,3.197287900960421037e-01
5.249463551359421574e+06,-4.657111266885832301e+05,-5.400888673442300387e+02,1.971374573377221884e+00,2.277423875107527085e+00,4.257374941237563465e-02,5.179394674597279785e-02,3.245816024551771012e-02,-9.455958121815216666e-01,3.195503435252043944e-01
5.249463591199011542e+06,-4.657110813913637539e+05,-5.400879380403381447e+02,1.985329886108997410e+00,2.297544315223964073e+00,4.514569657087524196e-02,5.078665117834072623e-02,3.205616334716002158e-02,-9.457357552909984033e-01,3.193383896070584038e-01
5.249463631327049807e+06,-4.657110357041465468e+05,-5.400869572700279377e+02,1.999402643050896433e+00,2.317690803641391462e+00,4.782073862853572499e-02,4.977823514094163737e-02,3.164278991123471024e-02,-9.458602250587180293e-01,3.191697096770780839e-01
5.249463671739252284e+06,-4.657109896302794223e+05,-5.400859271660161767e+02,2.012907845184047861e+00,2.337520818441189085e+00,5.017649524976541819e-02,4.880096225290848216e-02,3.117847253500483778e-02,-9.459916375464014759e-01,3.189767996617164370e-01
5.249463712433356792e+06,-4.657109431814618874e+05,-5.400848559257277657e+02,2.026783697039377774e+00,2.356459032521415420e+00,5.202612378169875484e-02,4.781707033888196040e-02,3.071092185942919314e-02,-9.461225856027399850e-01,3.187827292750554098e-01
5.249463753404761665e+06,-4.657108963655584375e+05,-5.400837401038305643e+02,2.039782731468256838e+00,2.375575179405235993e+00,5.474004792739049080e-02,4.690498648454370645e-02,3.021356238289833393e-02,-9.462500551774897239e-01,3.185873580555547147e-01
5.249463794639534317e+06,-4.657108491865777760e+05,-5.400825653898981500e+02,2.052247844296800849e+00,2.394138606794222746e+00,5.803686806335218301e-02,4.596252897004524107e-02,2.977841352018795879e-02,-9.463826429732862255e-01,3.183717861054524700e-01
5.249463836125305854e+06,-4.657108016465221881e+05,-5.400813262992865020e+02,2.063956166734303377e+00,2.413141999450787445e+00,6.130293245487098558e-02,4.500874559516412216e-02,2.936576267647806118e-02,-9.465124245150050575e-01,3.181605011727616228e-01
5.249463877852750942e+06,-4.657107537505914224e+05,-5.400800341622797305e+02,2.075525908433333289e+00,2.431128018900351684e+00,6.345281033214723865e-02,4.401713057000376100e-02,2.896748852120012777e-02,-9.466235642255811378e-01,3.180050538789266357e-01
5.249463919820528477e+06,-4.657107055144619080e+05,-5.400786918213996159e+02,2.087090823100938408e+00,2.448587339565695853e+00,6.644879474249111573e-02,4.306163194050906251e-02,2.860199931730642020e-02,-9.467487646064808304e-01,3.177961742684125568e-01
5.249463962020847015e+06,-4.657106569495670847e+05,-5.400772891702908964e+02,2.097862237195410984e+00,2.465468464803849180e+00,6.961325095756826231e-02,4.212809059909115167e-02,2.827313932599894233e-02,-9.468778360324191512e-01,3.175660998127703416e-01
5.249464004438258708e+06,-4.657106080705860513e+05,-5.400758261615834499e+02,2.107892974289458543e+00,2.481442366070230499e+00,7.261408325074231174e-02,4.121590014453038742e-02,2.790665949684707076e-02,-9.469964176900703690e-01,3.173645596406174940e-01
5.249464047071128152e+06,-4.657105588736145874e+05,-5.400742989753899792e+02,2.118431068050834032e+00,2.498828984681482623e+00,7.617242368922337581e-02,4.027758241838770570e-02,2.761265463384154559e-02,-9.471194906345985487e-01,3.171434051463251635e-01
5.249464089913466014e+06,-4.657105093579940731e+05,-5.400726991039142604e+02,2.127896757617700807e+00,2.514799097989768750e+00,8.003530895052686500e-02,3.934582969977123978e-02,2.728102133330177065e-02,-9.472172544813013406e-01,3.169970600050665555e-01
5.249464132963038050e+06,-4.657104595379436505e+05,-5.400710298255851285e+02,2.138204787638199544e+00,2.530801243096812758e+00,8.324973509669168770e-02,3.847156054237538259e-02,2.691596657286766947e-02,-9.473352266822365753e-01,3.167829700705850349e-01
5.249464176218631677e+06,-4.657104094211449847e+05,-5.400692934232483822e+02,2.147539208636242147e+00,2.546013696831295192e+00,8.690060620241173150e-02,3.757394353945202325e-02,2.653637696776923321e-02,-9.474518135680224384e-01,3.165739927485594074e-01
5.249464219665947370e+06,-4.657103590182965272e+05,-5.400674922218250913e+02,2.156407231494528176e+00,2.560971776499248342e+00,8.986789809590867151e-02,3.670820152213037646e-02,2.617973293210429028e-02,-9.475606636424177553e-01,3.163794100244146090e-01
5.249464263297772966e+06,-4.657103083409779938e+05,-5.400656316953154601e+02,2.165042511078703047e+00,2.574988538529770388e+00,9.297989877440332451e-02,3.585611271181515791e-02,2.572010188996336211e-02,-9.476695908044179273e-01,3.161885124768364919e-01
5.249464307102825493e+06,-4.657102573978236760e+05,-5.400637170794317399e+02,2.172734275612920651e+00,2.589170682670943080e+00,9.541071427187219900e-02,3.499692481476002204e-02,2.536350089594149870e-02,-9.477737827605807741e-01,3.160012316529080545e-01
5.249464351074197330e+06,-4.657102061869114405e+05,-5.400617587268767466e+02,2.180671368103523911e+00,2.603398460285769378e+00,9.748008888600928623e-02,3.416699681256083615e-02,2.497056712541174256e-02,-9.478763467484156990e-01,3.158156620667563197e-01
5.249464395212745294e+06,-4.657101547080313321e+05,-5.400597598460944937e+02,2.188423118040230708e+00,2.617648441679639504e+00,9.959249821189157525e-02,3.336503079850984543e-02,2.451678562178380774e-02,-9.479830373921102060e-01,3.156166618052043682e-01
5.249464439519383945e+06,-4.657101029695304460e+05,-5.400577174993195513e+02,2.196506654309232420e+00,2.630943921284473408e+00,1.019621696870013500e-01,3.255956187896544979e-02,2.408255240008164849e-02,-9.480730596459291393e-01,3.154637760540726088e-01
5.249464483990477398e+06,-4.657100509826586349e+05,-5.400556304830514591e+02,2.203864951076180301e+00,2.644121998035056986e+00,1.041925562957186635e-01,3.176958509570437794e-02,2.366990812493379240e-02,-9.481607425305254022e-01,3.153119890822521643e-01
5.249464528614327312e+06,-4.657099987598062726e+05,-5.400535059466185430e+02,2.210796943330314956e+00,2.656161563838573159e+00,1.058390875352940574e-01,3.097630284654658006e-02,2.326600640843831669e-02,-9.482591589517405106e-01,3.151249667631300100e-01
5.249464573391621001e+06,-4.657099463012400083e+05,-5.400513403439020976e+02,2.218164720341091911e+00,2.669406582309834075e+00,1.084407123147938384e-01,3.022667971645672663e-02,2.281152648047445400e-02,-9.483542203060397746e-01,3.149448696978963680e-01
5.249464618313867599e+06,-4.657098936050886987e+05,-5.400491279294265041e+02,2.224239854339893796e+00,2.681653505164276918e+00,1.106544484815831092e-01,2.949536698633901249e-02,2.239010695991472399e-02,-9.484500296366540351e-01,3.147558802761574182e-01
5.249464663370034657e+06,-4.657098406763871899e+05,-5.400468796125073823e+02,2.230470048781315384e+00,2.694461296144728291e+00,1.121457688784080892e-01,2.879689426678128453e-02,2.201497970768073395e-02,-9.485412258537629926e-01,3.145721527735874656e-01
5.249464708555043675e+06,-4.657097875237980043e+05,-5.400445918828625054e+02,2.236074772839541147e+00,2.705772352178079654e+00,1.147407680315331718e-01,2.805160145460304164e-02,2.167245042147917036e-02,-9.486330148569013243e-01,3.143864389216923794e-01
5.249464753859210759e+06,-4.657097341597620398e+05,-5.400422574400383837e+02,2.241289086792405794e+00,2.717428058218586351e+00,1.169442686442567353e-01,2.737671836643620210e-02,2.139825128114696690e-02,-9.487249541495774707e-01,3.141872200737561016e-01
5.249464799279839732e+06,-4.657096805857312283e+05,-5.400398770227762952e+02,2.246655887472273072e+00,2.728536221472529277e+00,1.194690871714118308e-01,2.671679888462012362e-02,2.117692502042806124e-02,-9.488032507584833741e-01,3.140225469901128941e-01
5.249464844813980162e+06,-4.657096268101820024e+05,-5.400374512283939339e+02,2.251558141115889811e+00,2.739377855468537515e+00,1.216059656136465744e-01,2.606244107246202119e-02,2.096818390503410456e-02,-9.488828709344960810e-01,3.138509204419386855e-01
5.249464890453040600e+06,-4.657095728380687651e+05,-5.400349799027723066e+02,2.256048046701613963e+00,2.750019677778000826e+00,1.241535236799403974e-01,2.543219763991284854e-02,2.076040090047603925e-02,-9.489613514064203503e-01,3.136791061411702275e-01
5.249464936205967329e+06,-4.657095186705109663e+05,-5.400324572698057182e+02,2.261887415883796049e+00,2.760678521588382672e+00,1.268645802890970287e-01,2.485887223990486047e-02,2.052897546439807694e-02,-9.490300863420793043e-01,3.135323145535234834e-01
5.249464982072137296e+06,-4.657094643152175704e+05,-5.400298859666761473e+02,2.266281018001042202e+00,2.770616539015151591e+00,1.291390138302169199e-01,2.429226032450699721e-02,2.036491119425904231e-02,-9.491066573642700233e-01,3.133555955452155262e-01
5.249465028042828664e+06,-4.657094097752101952e+05,-5.400272861998845428e+02,2.271233835009502044e+00,2.781005172579394280e+00,1.297968723750204667e-01,2.371502472719688726e-02,2.022053427489609728e-02,-9.491802081459108642e-01,3.131863348260504609e-01
5.249465074115615338e+06,-4.657093550598783768e+05,-5.400246667596270527e+02,2.275414447649103611e+00,2.789955337579750339e+00,1.312164483115538238e-01,2.310377059210267162e-02,2.005626548696215483e-02,-9.492630278480909123e-01,3.129915120627048131e-01
5.249465120278089307e+06,-4.657093001801126520e+05,-5.400220087078854476e+02,2.279072029293224499e+00,2.799337737707900065e+00,1.337916409347508773e-01,2.252695324880617939e-02,1.984324341911352166e-02,-9.493425526176015872e-01,3.128058838202649738e-01
5.249465166525598615e+06,-4.657092451347543392e+05,-5.400193116531195301e+02,2.282803209064524275e+00,2.808383229701271411e+00,1.352242942464441933e-01,2.198606271580905505e-02,1.959279164883108090e-02,-9.494183723903274474e-01,3.126299909498349572e-01
5.249465212858690880e+06,-4.657091899241266074e+05,-5.400165881472418050e+02,2.286493381135699554e+00,2.817763307477165302e+00,1.365408658057579994e-01,2.145720947447762178e-02,1.934878050161512042e-02,-9.494832623759459356e-01,3.124848304439101776e-01
5.249465259276136756e+06,-4.657091345443568425e+05,-5.400138440389284824e+02,2.290073696915047918e+00,2.827246689459489204e+00,1.373847834128461010e-01,2.089702449413300203e-02,1.909851531996279231e-02,-9.495521344828925514e-01,3.123288769154459188e-01
5.249465305773780681e+06,-4.657090789945254801e+05,-5.400110838710266989e+02,2.293314303485147310e+00,2.836777614919806290e+00,1.382485061688167316e-01,2.034166241598074631e-02,1.884729475161110376e-02,-9.496238255330803346e-01,3.121627925767644363e-01
5.249465352344285697e+06,-4.657090232799237710e+05,-5.400083093885409653e+02,2.296172948575438078e+00,2.845709635081967281e+00,1.389179372873448615e-01,1.977982657656639220e-02,1.856146766004174858e-02,-9.496933090025209134e-01,3.120046033282600773e-01
5.249465398987075314e+06,-4.657089674149709172e+05,-5.400055228306904382e+02,2.299408081428648831e+00,2.853718386111931959e+00,1.395566753116355141e-01,1.923193765068221400e-02,1.826347360001919981e-02,-9.497675207981581824e-01,3.118304959975427559e-01
5.249465445702213794e+06,-4.657089114013366052e+05,-5.400027263655847491e+02,2.302191260679951501e+00,2.862619103831620215e+00,1.400008664187208651e-01,1.873552116354745833e-02,1.792732832419596106e-02,-9.498384296845935326e-01,3.116641987646263656e-01
5.249465492485911585e+06,-4.657088552333083935e+05,-5.399999212033833373e+02,2.305066193882743697e+00,2.871163315412851080e+00,1.405222801078365169e-01,1.822958285439515297e-02,1.759747928205383435e-02,-9.499039741852377539e-01,3.115132026888038363e-01
5.249465539340591989e+06,-4.657087989158459823e+05,-5.399971144332840822e+02,2.308105837563144913e+00,2.879542094385424189e+00,1.402374437922807582e-01,1.773744500211256805e-02,1.729441679574146920e-02,-9.499612370654536564e-01,3.113839419060991376e-01
5.249465680504420772e+06,-4.657094373713198584e+05,-5.401138208432577130e+02,2.365876924704636508e+00,2.696144970751709558e+00,1.262556658723393566e-01,1.736855614939188802e-02,1.620302781839236608e-02,-9.538248155110053972e-01,3.013601858809338840e-01
5.249465728233939968e+06,-4.657093840240980498e+05,-5.401112944129508833e+02,2.368096910668665789e+00,2.704052479109857909e+00,1.262523846928538251e-01,1.686609713406281991e-02,1.591872728965850609e-02,-9.533308798652806448e-01,3.010355078517334415e-01
5.249465776014953852e+06,-4.657093305325605907e+05,-5.401087619215398945e+02,2.370264385094194903e+00,2.711864924277974431e+00,1.269349295367767916e-01,1.637791651823369485e-02,1.567152541397240709e-02,-9.533807259662137046e-01,3.009175524502717414e-01
5.249465823842043057e+06,-4.657092768991860212e+05,-5.401062173507060606e+02,2.371924176820709995e+00,2.719556856281892365e+00,1.275304115399569505e-01,1.589423852691957892e-02,1.548403436604074007e-02,-9.534312946996895688e-01,3.007929508882229430e-01
5.249465871709289029e+06,-4.657092231324483873e+05,-5.401036547884594938e+02,2.373509100086505619e+00,2.726511927956282388e+00,1.288095152786039310e-01,1.546092123800768894e-02,1.534374679692325841e-02,-9.534908075350679857e-01,3.006340378659827506e-01
5.249465919622475281e+06,-4.657091692351751262e+05,-5.401010688924625356e+02,2.375743017649509792e+00,2.733922762170266640e+00,1.299400365274200331e-01,1.500783616650324531e-02,1.518053207592868180e-02,-9.535412020476432549e-01,3.005054209121392761e-01
5.249465967578644864e+06,-4.657091152055303100e+05,-5.400984577590202207e+02,2.377004151823844502e+00,2.741111001024814531e+00,1.314150407399429232e-01,1.455851082026912192e-02,1.505838771431487234e-02,-9.535958069839745033e-01,3.003603629189361413e-01
5.249466015570147894e+06,-4.657090610552377766e+05,-5.400958196620317722e+02,2.378511131248373545e+00,2.747286853325688671e+00,1.327117964103659842e-01,1.413992184864406101e-02,1.494580116301108888e-02,-9.536515202314498341e-01,3.002090602246284545e-01
5.249466063598383218e+06,-4.657090067868767073e+05,-5.400931551741877001e+02,2.379884975601736397e+00,2.754249304181687563e+00,1.341320214839141489e-01,1.372465431528909624e-02,1.482718049390253923e-02,-9.536862895698499099e-01,3.001237514318542687e-01
5.249466111661246046e+06,-4.657089523993468028e+05,-5.400904650086328047e+02,2.381175708279029468e+00,2.760561525764803736e+00,1.353536237574891887e-01,1.332308520224318241e-02,1.470473156278965035e-02,-9.537465522743057145e-01,2.999563252783412626e-01
5.249466159756069072e+06,-4.657088979030890623e+05,-5.400877550483261302e+02,2.382291763177216914e+00,2.766462358727597604e+00,1.361773424376717390e-01,1.294602947124674254e-02,1.455304044753971855e-02,-9.538026950417417549e-01,2.998016766221960339e-01
5.249466207884903997e+06,-4.657088432946947287e+05,-5.400850328728819250e+02,2.383767599473657572e+00,2.773139928106249652e+00,1.366336864561958075e-01,1.258148194899535305e-02,1.438527347499851325e-02,-9.538437840995545036e-01,2.996945496003624587e-01
5.249466256045249291e+06,-4.657087885770096327e+05,-5.400822991016674450e+02,2.384651574391981388e+00,2.778729165156625491e+00,1.374009537456380714e-01,1.222587776965649436e-02,1.421907818892296366e-02,-9.538921064525314186e-01,2.995633698079318008e-01
5.249466304230101407e+06,-4.657087337569171796e+05,-5.400795631203113771e+02,2.385387492320683922e+00,2.784790383751843290e+00,1.369020288241199201e-01,1.184602323758706527e-02,1.398744727334888353e-02,-9.539482711880024057e-01,2.994106490815018895e-01
5.249466352442417294e+06,-4.657086788253631676e+05,-5.400768266080259536e+02,2.386558089945661099e+00,2.791293199979711037e+00,1.375201095241271876e-01,1.146893241910978099e-02,1.379205109669017632e-02,-9.539941573697694466e-01,2.992881700523298827e-01
5.249466400681403466e+06,-4.657086237945357570e+05,-5.400740759708769474e+02,2.387273322006829179e+00,2.796036371110372620e+00,1.383876341202052163e-01,1.109143972065089988e-02,1.355710174012255548e-02,-9.540432535218987820e-01,2.991566039831362045e-01
5.249466448938635178e+06,-4.657085686691598967e+05,-5.400713158972613428e+02,2.387518529677350454e+00,2.802204887042945902e+00,1.385236036045029706e-01,1.073017876023513173e-02,1.328675122276001472e-02,-9.540884333640283765e-01,2.990377993679871338e-01
5.249466497211319394e+06,-4.657085134494252270e+05,-5.400685560787153463e+02,2.388019492826931600e+00,2.806823442982851802e+00,1.384189840092194257e-01,1.036537893314557271e-02,1.300522020103629141e-02,-9.541406950264377240e-01,2.988962631403687675e-01
5.249466545503535308e+06,-4.657084581423717318e+05,-5.400657941572194432e+02,2.388621669926170199e+00,2.812374797489265887e+00,1.388004363659447460e-01,9.997554266601342207e-03,1.272837286175836080e-02,-9.541936987122870972e-01,2.987514717954175003e-01
5.249466593809189275e+06,-4.657084027454759926e+05,-5.400630331360607670e+02,2.388531191946312138e+00,2.817206931638799983e+00,1.383760018129964187e-01,9.670817627017736298e-03,1.245306209393357878e-02,-9.542360713119735216e-01,2.986384705789587035e-01
5.249466642122544348e+06,-4.657083472694650409e+05,-5.400602744266034279e+02,2.388564146440729452e+00,2.821684416485688462e+00,1.386340512292358329e-01,9.311512049042229566e-03,1.216768395039592547e-02,-9.542875760897417958e-01,2.984970434435696984e-01
5.249466690447483212e+06,-4.657082917113719159e+05,-5.400575049996465395e+02,2.388817311050399184e+00,2.826893893930392920e+00,1.395266150229023672e-01,8.935277469481150286e-03,1.189581649440636137e-02,-9.543452066612935214e-01,2.983352087509321682e-01
5.249466738783036359e+06,-4.657082360639721155e+05,-5.400547150572753026e+02,2.388749444800516653e+00,2.832090853376514783e+00,1.407736448949354624e-01,8.523526194254978441e-03,1.169013329623102941e-02,-9.543899277783089996e-01,2.982123005500018076e-01
5.249466787122323178e+06,-4.657081803329006652e+05,-5.400519039584397660e+02,2.388338422106633718e+00,2.836686799463702169e+00,1.417189281821551738e-01,8.152973984449727457e-03,1.151123733409071571e-02,-9.544230797834963864e-01,2.981235072950621512e-01
5.249466835455763154e+06,-4.657081245276198024e+05,-5.400490725980434945e+02,2.387290700455945824e+00,2.840982494253291524e+00,1.428826128464354417e-01,7.761070898407450985e-03,1.137441308947332794e-02,-9.544667968154154636e-01,2.979992331014770790e-01
5.249466883774562739e+06,-4.657080686477566487e+05,-5.400462194396482118e+02,2.385957828112488244e+00,2.845690238040103903e+00,1.439772686496193776e-01,7.385675987308329242e-03,1.127800435711978633e-02,-9.545140144509438596e-01,2.978611682526055571e-01
5.249466932080293074e+06,-4.657080126925950171e+05,-5.400433557145279337e+02,2.385088259622576867e+00,2.850023010806333801e+00,1.439926074603404549e-01,7.048023300842431310e-03,1.118682603281443214e-02,-9.545634826219875357e-01,2.977142239270993418e-01
5.249466980377062224e+06,-4.657079566659223638e+05,-5.400404889859455579e+02,2.384157204149666143e+00,2.854365692500816731e+00,1.443372722909812000e-01,6.718568209828755348e-03,1.107889132482346023e-02,-9.546118796158583608e-01,2.975706634807617212e-01
5.249467028674142435e+06,-4.657079005682737916e+05,-5.400376242092596613e+02,2.384259161109787861e+00,2.858557767794370097e+00,1.438345938657877021e-01,6.442593407867183534e-03,1.095105311066514944e-02,-9.546468904261565802e-01,2.974691643035775601e-01
5.249467076977084391e+06,-4.657078443989366642e+05,-5.400347578744542716e+02,2.383825932367259703e+00,2.863081094198722365e+00,1.445556679084844254e-01,6.157027164758292759e-03,1.082628305786346654e-02,-9.546967310908118787e-01,2.973197877963164593e-01
5.249467125281610526e+06,-4.657077881491500302e+05,-5.400318835773931596e+02,2.383479043224856042e+00,2.868170893221733131e+00,1.446782651186110658e-01,5.886570535577635883e-03,1.074736907853089153e-02,-9.547312854582413744e-01,2.972171548664833685e-01
5.249467173586043529e+06,-4.657077318245186470e+05,-5.400290057911086024e+02,2.382917707906874405e+00,2.872074183095597810e+00,1.449554942339377761e-01,5.635646879783331488e-03,1.060518633101704966e-02,-9.547766854143568960e-01,2.970812565227248236e-01
5.249467221885071136e+06,-4.657076754374856828e+05,-5.400261278962868801e+02,2.382027799837581838e+00,2.875936270910142589e+00,1.447316020848394280e-01,5.376219737298186703e-03,1.046787062186032430e-02,-9.548192085723306022e-01,2.969542416184180467e-01
5.249467270173983648e+06,-4.657076189870650996e+05,-5.400232473113774176e+02,2.380981740930994128e+00,2.879954148351697274e+00,1.452760158595320650e-01,5.174311916106079032e-03,1.029613663636801124e-02,-9.548552769204996515e-01,2.968478384280803239e-01
5.249467318461834453e+06,-4.657075624695152510e+05,-5.400203610874751803e+02,2.381012885801967460e+00,2.884162977297302533e+00,1.453412847067440949e-01,4.976200923553961673e-03,1.002882647861516076e-02,-9.548913802137032336e-01,2.967442253388598017e-01
5.249467366743640974e+06,-4.657075058909563231e+05,-5.400174803201899749e+02,2.379457419469628743e+00,2.887583499488339367e+00,1.447583889831760007e-01,4.803031108268875776e-03,9.811834797799004124e-03,-9.549263557172374961e-01,2.966417660951385371e-01
5.249467415004033595e+06,-4.657074492561590159e+05,-5.400146080991083863e+02,2.377915271361348282e+00,2.891382814656837219e+00,1.445261473882071823e-01,4.597136396528327465e-03,9.601217145460619676e-03,-9.549678658409872511e-01,2.965182656805326888e-01
5.249467463251080364e+06,-4.657073925661905669e+05,-5.400117470767582972e+02,2.377217450641664342e+00,2.894610476561019663e+00,1.436636265739202334e-01,4.406410792408968664e-03,9.386760742399117077e-03,-9.550103666435191263e-01,2.963911196349541810e-01
5.249467511494681239e+06,-4.657073358228484285e+05,-5.400089005986735629e+02,2.376622026726547432e+00,2.898310849243017184e+00,1.430996864851242500e-01,4.246553716417440262e-03,9.153902824230163507e-03,-9.550619476684066855e-01,2.962344901399805441e-01
5.249467559737697244e+06,-4.657072790186831262e+05,-5.400060569790771297e+02,2.376211922305475177e+00,2.902266953172663033e+00,1.434225009934012030e-01,4.099160816857390886e-03,8.904688905625984807e-03,-9.550988918995636512e-01,2.961250319070683479e-01
5.249467607977964915e+06,-4.657072221605937229e+05,-5.400032047342018586e+02,2.375446762211513629e+00,2.905193876454812418e+00,1.440063770040716229e-01,3.974230640409107292e-03,8.722400250020490367e-03,-9.551325530657439611e-01,2.960235732752556359e-01
5.249467656210392714e+06,-4.657071652563345851e+05,-5.400003496964268379e+02,2.374494747472614797e+00,2.908427509074248185e+00,1.437263741312676812e-01,3.863301903514756476e-03,8.553978558289742837e-03,-9.551663638748578711e-01,2.959208450378528199e-01
5.249467704428145662e+06,-4.657071083096952643e+05,-5.399974982124513190e+02,2.373073294468538208e+00,2.910926933943625450e+00,1.436831074479158754e-01,3.721433240181506313e-03,8.423368938092271052e-03,-9.551976403289801354e-01,2.958254396583924195e-01
5.249467752630043775e+06,-4.657070513287982903e+05,-5.399946356383170496e+02,2.372007040045786219e+00,2.913349033092752727e+00,1.448916310344677272e-01,3.564276758004132021e-03,8.377293390719355373e-03,-9.552341039032127279e-01,2.957109211200676935e-01
5.249467800817303360e+06,-4.657069943120518583e+05,-5.399917566294825519e+02,2.370681883880488616e+00,2.916041367671261764e+00,1.453633284631550004e-01,3.421062835819059685e-03,8.397554208435851694e-03,-9.552640670109663334e-01,2.956152315669980934e-01
5.249467848984968849e+06,-4.657069372621292132e+05,-5.399888693108247253e+02,2.369145720222298301e+00,2.918150653662500815e+00,1.457594717082566216e-01,3.261048467266199156e-03,8.437144660865224244e-03,-9.552927904609141985e-01,2.955230790774925342e-01
5.249467897137898952e+06,-4.657068801715883310e+05,-5.399859629512769743e+02,2.368224443420110514e+00,2.921730132796312329e+00,1.473295695039969766e-01,3.094959770316629485e-03,8.480568134757572249e-03,-9.553238799348889865e-01,2.954231058599754434e-01
5.249467945282232016e+06,-4.657068230277582770e+05,-5.399830345936086360e+02,2.367303153145126959e+00,2.925104437914619382e+00,1.480008229680439824e-01,2.939435841247606956e-03,8.546883537450518029e-03,-9.553576042758107345e-01,2.953137053200727835e-01
5.249467993416473269e+06,-4.657067658379583736e+05,-5.399800978600493409e+02,2.366261481202993178e+00,2.927899172165152386e+00,1.481996216105345987e-01,2.784491809395053634e-03,8.598695247891707111e-03,-9.553896668763913747e-01,2.952099588083477166e-01
5.249468041532787494e+06,-4.657067086079646833e+05,-5.399771569105647586e+02,2.364498523771129346e+00,2.930805050435230985e+00,1.484498242186146066e-01,2.672380150156600503e-03,8.660866175096440522e-03,-9.554352134239185723e-01,2.950617347134642521e-01
5.249468089633733965e+06,-4.657066513279064675e+05,-5.399742036823458875e+02,2.363694052177239158e+00,2.934608818832018517e+00,1.494727442232347270e-01,2.554540542285156559e-03,8.705496741208853043e-03,-9.554702383729680726e-01,2.949480277194336808e-01
5.249467319165193476e+06,-4.657081531541996519e+05,-5.400957884924499695e+02,2.258937249258735402e+00,2.562694749190339571e+00,1.304974210998423312e-01,1.890512527488108106e-03,7.664852568857944033e-03,-9.618496776155400774e-01,2.793243016244769117e-01
5.249467364745236002e+06,-4.657081026014843374e+05,-5.400931931270146151e+02,2.257628387306344298e+00,2.564904776630960725e+00,1.308480310783149136e-01,1.784460841340693594e-03,7.643373963455306168e-03,-9.603216846473515700e-01,2.787842717700200201e-01
5.249467410297710449e+06,-4.657080520085220342e+05,-5.400905942631076186e+02,2.255582753715194233e+00,2.567725898685818020e+00,1.308597296997523196e-01,1.745362743623219293e-03,7.582042535933528234e-03,-9.603470977155302846e-01,2.786986401666417534e-01
5.249467455819801427e+06,-4.657080013759441208e+05,-5.400879921914145143e+02,2.254021126066621417e+00,2.569825846801499392e+00,1.311836047480435530e-01,1.740051065871748648e-03,7.500359334690787083e-03,-9.603789066709412792e-01,2.785912531697745664e-01
5.249467501314015128e+06,-4.657079506986904889e+05,-5.400853909806983211e+02,2.252168301647683890e+00,2.573248061257732644e+00,1.307798426355329668e-01,1.709527231723364420e-03,7.391001434616463819e-03,-9.604038710296015635e-01,2.785082927953365095e-01
5.249467546775561757e+06,-4.657078999717532424e+05,-5.400828058953859454e+02,2.250137865248884150e+00,2.575842860990953387e+00,1.295648490545542320e-01,1.671749650564254095e-03,7.268413189481830877e-03,-9.604482343695902591e-01,2.783587230326649564e-01
5.249467592210468836e+06,-4.657078492036042153e+05,-5.400802339209761840e+02,2.248914180190795697e+00,2.578364539246376541e+00,1.294867626007300820e-01,1.608720159003781394e-03,7.066136246251976047e-03,-9.604793708869328039e-01,2.782568491958405388e-01
5.249467637626793236e+06,-4.657077983904316789e+05,-5.400776621130321473e+02,2.247663726081596813e+00,2.581386855669526081e+00,1.295727695253285627e-01,1.505766792849303967e-03,6.884796515647828574e-03,-9.605113948817550762e-01,2.781514101426494356e-01
5.249467683017254807e+06,-4.657077475267624250e+05,-5.400750984475120049e+02,2.245685091861188365e+00,2.584499738719563844e+00,1.286732132462507228e-01,1.467514792541995414e-03,6.712049180123386138e-03,-9.605454944471091272e-01,2.780380593683932089e-01
5.249467728384053335e+06,-4.657076966206275974e+05,-5.400725456826726258e+02,2.244718218769576445e+00,2.586604164525055705e+00,1.284961309824042830e-01,1.433978492270011678e-03,6.507379412461805797e-03,-9.605737670669537431e-01,2.779454090401182187e-01
5.249467773731693625e+06,-4.657076456808473449e+05,-5.400699914245873288e+02,2.243171908143136939e+00,2.588863177727381615e+00,1.288444003367969770e-01,1.383541210735982118e-03,6.380684502366623309e-03,-9.605967259197188968e-01,2.778692455134983974e-01
5.249467819052384235e+06,-4.657075947008013609e+05,-5.400674304631692166e+02,2.241397121142487237e+00,2.591675576258436919e+00,1.291896094126897820e-01,1.302945021037054492e-03,6.319876856650086250e-03,-9.606144417866641083e-01,2.778097741484427674e-01
5.249467864343499765e+06,-4.657075436720865546e+05,-5.400648663607792059e+02,2.239553990515952719e+00,2.594844113551307174e+00,1.291741421084654229e-01,1.223198890523308734e-03,6.304245268372647877e-03,-9.606469829469852506e-01,2.776979464625483063e-01
5.249467909612558782e+06,-4.657074925923483097e+05,-5.400623060888251530e+02,2.238549742914308638e+00,2.597858878160468787e+00,1.288175423591102764e-01,1.123996969728579707e-03,6.319783759633966665e-03,-9.606798368856347414e-01,2.775843351867263165e-01
5.249467954867159948e+06,-4.657074414669006364e+05,-5.400597451813699763e+02,2.237475662117394126e+00,2.600480775206657658e+00,1.292568192401535032e-01,1.080905256363341640e-03,6.322336614775576381e-03,-9.607150083736348822e-01,2.774626960406249565e-01
5.249468000109888613e+06,-4.657073903036265983e+05,-5.400571678009958987e+02,2.236754798126348032e+00,2.602665847089232098e+00,1.305023123501044269e-01,9.939380186553838613e-04,6.346517933218395226e-03,-9.607492959841684721e-01,2.773437208248577535e-01
5.249468045334110036e+06,-4.657073391009040060e+05,-5.400545716641800027e+02,2.234960660171174673e+00,2.605540891356592503e+00,1.311536944886441125e-01,9.727138284222205207e-04,6.331069294844578373e-03,-9.607796110661963596e-01,2.772391132324649177e-01
5.249468090542461723e+06,-4.657072878535233322e+05,-5.400519637792460799e+02,2.234539782223845972e+00,2.608184176732797344e+00,1.316997778513038508e-01,9.273857226511846323e-04,6.302908725781816886e-03,-9.608097060965955505e-01,2.771355943307918235e-01
5.249468135743641295e+06,-4.657072365635396563e+05,-5.400493473674906681e+02,2.233604776402395409e+00,2.610865904904246637e+00,1.320294303473325548e-01,8.271275278126846014e-04,6.335244079344421950e-03,-9.608319933219978681e-01,2.770578945755018396e-01
5.249468180926241912e+06,-4.657071852285709465e+05,-5.400467190097319872e+02,2.232014019239635605e+00,2.613796977401597665e+00,1.329255303040840774e-01,7.459515257860641155e-04,6.365465967756033135e-03,-9.608532427913845098e-01,2.769837290221568438e-01
5.249468226091337390e+06,-4.657071338531321962e+05,-5.400440744320628710e+02,2.231230365662269399e+00,2.615951013498289512e+00,1.336721187084292661e-01,7.291891105191030797e-04,6.418939295671987136e-03,-9.608791261127017647e-01,2.768927347091443836e-01
5.249468271240868606e+06,-4.657070824394949013e+05,-5.400414183583898193e+02,2.229782862855305137e+00,2.618743397511538618e+00,1.340910554926103282e-01,7.381160357521278532e-04,6.353854536160311386e-03,-9.609075640759633385e-01,2.767955078850085626e-01
5.249468316370467655e+06,-4.657070309804658173e+05,-5.400387540348317543e+02,2.228562636482400272e+00,2.621614382557179823e+00,1.345177473864824780e-01,7.105137523671625679e-04,6.278019679232512383e-03,-9.609328558584602220e-01,2.767094947210246292e-01
5.249468361483043991e+06,-4.657069794793328620e+05,-5.400360928045785158e+02,2.227423344201063582e+00,2.624045600688477364e+00,1.337826872576496351e-01,6.768211490625928662e-04,6.186689478221005754e-03,-9.609586293544531976e-01,2.766221174656482429e-01
5.249468406583045609e+06,-4.657069279402664979e+05,-5.400334445635206748e+02,2.226647275748357302e+00,2.626500906863070028e+00,1.332170529258446534e-01,6.985243098576251900e-04,6.080202060296485515e-03,-9.609873739154359829e-01,2.765245502960336776e-01
5.249468451663183980e+06,-4.657068763678859104e+05,-5.400308112574986126e+02,2.224768840427675531e+00,2.628491115939871392e+00,1.322827612497829708e-01,7.082298492923232072e-04,5.947919729758213356e-03,-9.610206764943829416e-01,2.764116435066150679e-01
5.249468496717037633e+06,-4.657068247620754992e+05,-5.400281894211207145e+02,2.223346007979282390e+00,2.630949993722774494e+00,1.320674403862705792e-01,7.958941919067497213e-04,5.823582697908184259e-03,-9.610388124406032961e-01,2.763509909297616751e-01
5.249468541751286015e+06,-4.657067731226027827e+05,-5.400255698126143216e+02,2.222157613137978327e+00,2.632930829584237298e+00,1.320661095101267057e-01,8.403601964007587858e-04,5.701433370190658184e-03,-9.610616442327598596e-01,2.762739949889347901e-01
5.249468586775667965e+06,-4.657067214519460103e+05,-5.400229494271954991e+02,2.221711915749210231e+00,2.635132419513264157e+00,1.321494499417685820e-01,9.179332990126403942e-04,5.567944962719497889e-03,-9.610825627973739183e-01,2.762036926709618423e-01
5.249468631798219867e+06,-4.657066697395945084e+05,-5.400203245057650747e+02,2.221274070013773194e+00,2.638259131073080521e+00,1.325312970455696515e-01,9.768947471570418178e-04,5.449828879362951690e-03,-9.611061758763475016e-01,2.761236694660026414e-01
5.249468676812867634e+06,-4.657066179881199496e+05,-5.400176881570521346e+02,2.220273885608733178e+00,2.640106868521032268e+00,1.333088575718279767e-01,1.031617580111846878e-03,5.407551202523924738e-03,-9.611243392545552044e-01,2.760610726728706110e-01
5.249468721814177930e+06,-4.657065662051117397e+05,-5.400150399077372185e+02,2.219252464232863264e+00,2.642545538197560884e+00,1.337283244663509396e-01,1.100169130466820090e-03,5.413016139443261286e-03,-9.611466884332224847e-01,2.759828790218971095e-01
5.249468766805955209e+06,-4.657065143858907977e+05,-5.400123791312984167e+02,2.218641262270961700e+00,2.644854996449360396e+00,1.345842171967563949e-01,1.098769582105069750e-03,5.441540181173347944e-03,-9.611749326727875298e-01,2.758839404165662201e-01
5.249468811791133136e+06,-4.657064625247208751e+05,-5.400096971873834946e+02,2.217875400158435983e+00,2.647921379815318943e+00,1.358744584771032493e-01,1.115309782594262489e-03,5.451648399837556204e-03,-9.611923973681388844e-01,2.758228207000814058e-01
5.249468856769167818e+06,-4.657064106229243334e+05,-5.400069950764971054e+02,2.217256650220949421e+00,2.650020788308507402e+00,1.366232749081843223e-01,1.096728932208722047e-03,5.495342499924966290e-03,-9.612137140148071524e-01,2.757477326337323675e-01
5.249468901740343310e+06,-4.657063586883575772e+05,-5.400042809283296492e+02,2.216497957376473593e+00,2.652337258650676599e+00,1.370923370783893036e-01,1.096477336574606292e-03,5.565134158355817401e-03,-9.612363267280494838e-01,2.756674971363898274e-01
5.249468946709687822e+06,-4.657063067277050577e+05,-5.400015638845098920e+02,2.216447004631059148e+00,2.653656543150143765e+00,1.369139851119485496e-01,1.095376493588779776e-03,5.661328172246562693e-03,-9.612609827346942915e-01,2.755795537446766308e-01
5.249468991674381308e+06,-4.657062547371554538e+05,-5.399988465310896117e+02,2.215282165698128303e+00,2.656575682624914947e+00,1.371355108706045489e-01,1.075006354903827776e-03,5.725655402748543350e-03,-9.612923364048695518e-01,2.754689151359425714e-01
5.249469036621021107e+06,-4.657062027079379186e+05,-5.399961217471407053e+02,2.213936503172183379e+00,2.658684448420339574e+00,1.376771377443225808e-01,1.052991822325515274e-03,5.740181257535706752e-03,-9.613144072635879667e-01,2.753916665989700197e-01
5.249469081551122479e+06,-4.657061506428563735e+05,-5.399933864907884526e+02,2.212884867700259051e+00,2.661395109540356962e+00,1.382010279961983223e-01,1.047396100435273730e-03,5.747861360876655758e-03,-9.613439764321838332e-01,2.752882894086005616e-01
5.249469126469979994e+06,-4.657060985292600235e+05,-5.399906388757201512e+02,2.212043653257793618e+00,2.664794221520922157e+00,1.389298725473729623e-01,1.087297593659219096e-03,5.752491020353151657e-03,-9.613591553246232380e-01,2.752350259411285305e-01
5.249469171386766247e+06,-4.657060463658469380e+05,-5.399878861016346718e+02,2.211938600845020364e+00,2.667596705035620186e+00,1.387105086646950869e-01,1.163274990893545550e-03,5.781659939538367869e-03,-9.613902780959371341e-01,2.751253730935723230e-01
5.249469216304345988e+06,-4.657059941596946446e+05,-5.399851378377096580e+02,2.211379485694124458e+00,2.670290548056903024e+00,1.384749116823622839e-01,1.223157076489352285e-03,5.781763444949457147e-03,-9.614165334049871170e-01,2.750333490021272254e-01
5.249469261214845814e+06,-4.657059419133671909e+05,-5.399823917953286809e+02,2.210486853436904653e+00,2.672831425968561714e+00,1.384864893394045227e-01,1.318103417587152080e-03,5.732085169540431652e-03,-9.614388475495458941e-01,2.749559365064865868e-01
5.249469306117900647e+06,-4.657058896269223187e+05,-5.399796462070781899e+02,2.209888583659226136e+00,2.675519628030610608e+00,1.384267552923861277e-01,1.413281942597608863e-03,5.666210089397954834e-03,-9.614583356801469360e-01,2.748886763167575631e-01
5.249469351018383168e+06,-4.657058373076950666e+05,-5.399769011100717080e+02,2.209531620280999586e+00,2.677257048697470942e+00,1.384414052887882607e-01,1.481175854376335244e-03,5.544192214497607914e-03,-9.614885137755421196e-01,2.747852342279947235e-01
5.249469395921220072e+06,-4.657057849560381728e+05,-5.399741668365545593e+02,2.209374135525571603e+00,2.679986136843754974e+00,1.373219922472465326e-01,1.582205722187531938e-03,5.425885869487358931e-03,-9.615114546355548741e-01,2.747067493521334614e-01
5.249469440828680061e+06,-4.657057325598840252e+05,-5.399714418621841787e+02,2.209232305175008015e+00,2.682946089427201475e+00,1.375137320676621255e-01,1.697286247607506654e-03,5.284826903763213853e-03,-9.615295013948762515e-01,2.746456390463106745e-01
5.249469485741934739e+06,-4.657056801250525750e+05,-5.399687244097854091e+02,2.209230466059149300e+00,2.685041848611626758e+00,1.365579892666017592e-01,1.755493932245935510e-03,5.102319963549166795e-03,-9.615605375205803496e-01,2.745400456118568533e-01
5.249469530656132847e+06,-4.657056276618599659e+05,-5.399660239805584752e+02,2.208597377572285136e+00,2.686974124326486635e+00,1.358004335030565390e-01,1.826582434419324937e-03,4.954102144389291480e-03,-9.615865209310967554e-01,2.744512756926469899e-01
5.249469575568990782e+06,-4.657055751673614141e+05,-5.399633273474704538e+02,2.208351070706945585e+00,2.689386211629855694e+00,1.361878800719449334e-01,1.889631983942415081e-03,4.895863079435906068e-03,-9.616063191686706757e-01,2.743825183241956345e-01
5.249468290528472513e+06,-4.657074485772223561e+05,-5.400897627499389273e+02,2.003035989656392957e+00,2.269705420392979622e+00,1.157306098792034721e-01,1.086187795506922014e-03,3.821647346273530747e-03,-9.677850361185450501e-01,2.588871109831615280e-01
5.249468330950273201e+06,-4.657074038233917090e+05,-5.400874655072103678e+02,2.002317606346248446e+00,2.271893147942251279e+00,1.155956210665283063e-01,1.104777335243228289e-03,3.861288606781902982e-03,-9.660343087646162674e-01,2.583826490742374138e-01
5.249468371357516386e+06,-4.657073590311399312e+05,-5.400851633697650414e+02,2.001135130073453450e+00,2.274302754790984871e+00,1.162316483827133401e-01,1.137137455814874430e-03,3.903195430945790700e-03,-9.660506834876447790e-01,2.583206498030731768e-01
5.249468411757699214e+06,-4.657073142072128248e+05,-5.400828442773548659e+02,2.001218557795713338e+00,2.275721487382983632e+00,1.173095660735520296e-01,1.166835830851638972e-03,3.972251339735834511e-03,-9.660664258423034001e-01,2.582605850861104391e-01
5.249468452156932093e+06,-4.657072693479783484e+05,-5.400805136434490805e+02,2.000577923043949991e+00,2.278620023430136143e+00,1.173896733048173519e-01,1.177311191052726269e-03,4.052358254746860587e-03,-9.660860602408672948e-01,2.581858358751141780e-01
5.249468492547873408e+06,-4.657072244433833985e+05,-5.400781797216603763e+02,1.999944668896997069e+00,2.281010792070124804e+00,1.176473708238423010e-01,1.167817445487173440e-03,4.111606359190436363e-03,-9.661028082345284318e-01,2.581222659604004432e-01
5.249468532933801413e+06,-4.657071794995186501e+05,-5.400758421470590065e+02,1.999637778335279004e+00,2.283288521315271602e+00,1.177612310966323766e-01,1.147345837558492098e-03,4.231988233957656963e-03,-9.661194643767385681e-01,2.580580629434854334e-01
5.249468573311962187e+06,-4.657071345138270990e+05,-5.400734909855254955e+02,1.998700035887055471e+00,2.285988660849632481e+00,1.190258785370040123e-01,1.197527853680848547e-03,4.300796894260943033e-03,-9.661380773157401958e-01,2.579870037970326546e-01
5.249468613684278913e+06,-4.657070894853171776e+05,-5.400711239070703868e+02,1.998603649892660483e+00,2.288336910057973128e+00,1.193585942219260870e-01,1.245808769245512065e-03,4.342451368885722959e-03,-9.661647158509201194e-01,2.578862975821031300e-01
5.249468654056146741e+06,-4.657070444242522353e+05,-5.400687464745234365e+02,1.998229008610641566e+00,2.289965573233375906e+00,1.200750176663703123e-01,1.283621036143487706e-03,4.348431197710026126e-03,-9.661863590374669686e-01,2.578049120570681252e-01
5.249468694428071380e+06,-4.657069993322031805e+05,-5.400663645160051374e+02,1.998161618900442082e+00,2.292194177062906846e+00,1.198101143452771911e-01,1.306746836576710806e-03,4.359005544774838953e-03,-9.662089678137014692e-01,2.577198705322455985e-01
5.249468734796955250e+06,-4.657069542053530458e+05,-5.400639872624932423e+02,1.997475582635879654e+00,2.294204004802329333e+00,1.196040834104534351e-01,1.332103835094151228e-03,4.368772494420529624e-03,-9.662272861972412974e-01,2.576508887171789497e-01
5.249468775159527548e+06,-4.657069090388203040e+05,-5.400616123195379714e+02,1.997056952226107240e+00,2.296956969994436104e+00,1.195792980060693539e-01,1.406604449641363523e-03,4.288234545024112790e-03,-9.662394944388629225e-01,2.576060590945217776e-01
5.249468815525513142e+06,-4.657068638324228814e+05,-5.400592376597895736e+02,1.997384794074574588e+00,2.298908446836179564e+00,1.195753502399346940e-01,1.497995232361636455e-03,4.187088964744519783e-03,-9.662498691023266861e-01,2.575682911142835319e-01
5.249468855896360241e+06,-4.657068185927617596e+05,-5.400568628797847168e+02,1.997090640859281230e+00,2.301041222795771279e+00,1.195962740411874586e-01,1.539105835490678842e-03,4.070597051609820168e-03,-9.662630156605369613e-01,2.575205930473844496e-01
5.249468896261598915e+06,-4.657067733123732614e+05,-5.400545016105594414e+02,1.996327950640889304e+00,2.303823033877549165e+00,1.182051139797285072e-01,1.583336027128086961e-03,3.959533365386155683e-03,-9.662869366970148199e-01,2.574322844373327368e-01
5.249468936623033136e+06,-4.657067279853308573e+05,-5.400521590562185565e+02,1.996232225184288334e+00,2.306504064161513323e+00,1.177135487370589567e-01,1.704968220751033620e-03,3.841767226409421431e-03,-9.662987391345083665e-01,2.573889870930658463e-01
5.249468976984390989e+06,-4.657066826167175313e+05,-5.400498207959218462e+02,1.995849242546835267e+00,2.308769589147913415e+00,1.177736218639145044e-01,1.826531046172357982e-03,3.725647939630094985e-03,-9.663149300795856877e-01,2.573290681549201819e-01
5.249469017348487861e+06,-4.657066372125250055e+05,-5.400474759512824221e+02,1.996049894389344770e+00,2.310827657001042201e+00,1.183802936999333172e-01,1.916987391116219911e-03,3.682909118842464351e-03,-9.663330074762584987e-01,2.572611321902996129e-01
5.249469057719016448e+06,-4.657065917782781180e+05,-5.400451242811692509e+02,1.996045281872847577e+00,2.312522526828117986e+00,1.184561087778288474e-01,1.984163659215889067e-03,3.701109899742704122e-03,-9.663499695429252911e-01,2.571966396070197725e-01
5.249469098096325062e+06,-4.657065463165870169e+05,-5.400427647475773938e+02,1.996280664269963312e+00,2.314316242768184928e+00,1.191747431861725770e-01,2.071722331510765687e-03,3.752991196106212658e-03,-9.663630385109597265e-01,2.571460889247461079e-01
5.249469138482145034e+06,-4.657065008216669667e+05,-5.400403989967531970e+02,1.996422652305537948e+00,2.316635783388175440e+00,1.190739224614461161e-01,2.132928126643931534e-03,3.824262399637227972e-03,-9.663763883730980275e-01,2.570943638278306853e-01
5.249469178876430728e+06,-4.657064552856524824e+05,-5.400380261627316258e+02,1.996642372589303660e+00,2.319233392636325330e+00,1.198941614881278844e-01,2.200624807680337525e-03,3.901103989137890901e-03,-9.663867541226097702e-01,2.570536722887820646e-01
5.249469219278247096e+06,-4.657064097034681472e+05,-5.400356363985748658e+02,1.996664512217452447e+00,2.322117366616762713e+00,1.207774563543546620e-01,2.266011872172874354e-03,4.054781958644785439e-03,-9.664089395631489943e-01,2.569673050896343347e-01
5.249469259685193188e+06,-4.657063640751651837e+05,-5.400332287622507010e+02,1.996651082257173471e+00,2.324702560083584224e+00,1.216973718997027554e-01,2.288811989815771417e-03,4.182959277835476830e-03,-9.664356578281454446e-01,2.568645439967728872e-01
5.249469300105664879e+06,-4.657063184051871649e+05,-5.400308027741997421e+02,1.997536647659212461e+00,2.327092729914004288e+00,1.226249377682581826e-01,2.331553576311411018e-03,4.390366315169281879e-03,-9.664564410945307715e-01,2.567824888182179688e-01
5.249469340542863123e+06,-4.657062727002828615e+05,-5.400283576641967329e+02,1.997861098507766275e+00,2.328961242639703055e+00,1.236241989007846181e-01,2.379911492599178641e-03,4.532000757724484290e-03,-9.664659471224352760e-01,2.567438035150498843e-01
5.249469380988758057e+06,-4.657062269545059535e+05,-5.400258996333619734e+02,1.997875449489155297e+00,2.332071512926826351e+00,1.239193651788849798e-01,2.441861726192953459e-03,4.623079041780640136e-03,-9.664829655895496030e-01,2.566775260034957484e-01
5.249469421438635327e+06,-4.657061811567133991e+05,-5.400234379288385753e+02,1.997727870258735550e+00,2.335056401308278407e+00,1.239939738426562299e-01,2.454620183237265010e-03,4.747273128601139057e-03,-9.665004436962766343e-01,2.566093165262262055e-01
5.249469461895323358e+06,-4.657061353143362794e+05,-5.400209738602466132e+02,1.998061934704221221e+00,2.337357349530186035e+00,1.241604555136146121e-01,2.474906186619533870e-03,4.819902735448425291e-03,-9.665172504496764017e-01,2.565444576981087410e-01
5.249469502363805659e+06,-4.657060894282375812e+05,-5.400184994362322186e+02,1.998381167824314630e+00,2.340311008612422583e+00,1.250477556289525116e-01,2.494838549542454167e-03,4.863196927801512019e-03,-9.665331076122898324e-01,2.564836990425974350e-01
5.249469542843487114e+06,-4.657060434872526675e+05,-5.400160096490405977e+02,1.998622465349968902e+00,2.343791457264738476e+00,1.257105110634635925e-01,2.526549476627212420e-03,4.886201440523775183e-03,-9.665550855278961517e-01,2.564001154499119806e-01
5.249469583328014240e+06,-4.657059974924604758e+05,-5.400135135687944512e+02,1.998322407260862077e+00,2.346608319185949032e+00,1.256780179381385698e-01,2.567821242887313640e-03,4.888081500216833082e-03,-9.665777118180839400e-01,2.563143597773905324e-01
5.249469623813300394e+06,-4.657059514571710606e+05,-5.400110263976113174e+02,1.998191392670034316e+00,2.348686512875011623e+00,1.248034075738145010e-01,2.635777077870614209e-03,4.866663201787444631e-03,-9.665956084734715903e-01,2.562465786404990453e-01
5.249469664304885082e+06,-4.657059053783277050e+05,-5.400085492482370455e+02,1.998403268970611268e+00,2.351875682538198120e+00,1.246761883012004468e-01,2.682780226430794314e-03,4.800837477186526911e-03,-9.666055213312249039e-01,2.562099373046136108e-01
5.249469704807691276e+06,-4.657058592462973902e+05,-5.400060773167281241e+02,1.998768375729290225e+00,2.354912564995894630e+00,1.242781199431428063e-01,2.711302093241067714e-03,4.767095204652544750e-03,-9.666188200327092694e-01,2.561600899221164185e-01
5.249469745314389467e+06,-4.657058130631712847e+05,-5.400036102311429431e+02,1.998224115809843049e+00,2.357938036436574070e+00,1.241902767409234637e-01,2.784093939481091951e-03,4.688659785296898225e-03,-9.666368865814494171e-01,2.560925733763076417e-01
5.249469785818604752e+06,-4.657057668291106820e+05,-5.400011361438251924e+02,1.997962321108718964e+00,2.360928004895997745e+00,1.249889482218685954e-01,2.897562150983453398e-03,4.606268401183886627e-03,-9.666440873124908517e-01,2.560656289092865245e-01
5.249469826330479234e+06,-4.657057205441558617e+05,-5.399986473454520137e+02,1.998432278202957324e+00,2.363961101255598329e+00,1.256730400697511629e-01,2.977108116916168164e-03,4.546225634243121656e-03,-9.666634559024955831e-01,2.559926623599625417e-01
5.249469866849885322e+06,-4.657056742137689725e+05,-5.399961479370417692e+02,1.998173540589987862e+00,2.366373895665265792e+00,1.260580489300603679e-01,3.030893895810529270e-03,4.511359795926305274e-03,-9.666790076366083007e-01,2.559339154461624521e-01
5.249469907377169468e+06,-4.657056278392176609e+05,-5.399936312599429584e+02,1.998663704256862683e+00,2.369307418244489760e+00,1.274283612656575138e-01,3.057062500739452220e-03,4.502016117455528120e-03,-9.666957725343431340e-01,2.558704383591280385e-01
5.249469947921238840e+06,-4.657055814173318795e+05,-5.399910875632768921e+02,1.999314297538338669e+00,2.371994218020775591e+00,1.287892702905327202e-01,3.068466108319984221e-03,4.517264158210694547e-03,-9.667031939889553227e-01,2.558419927934769134e-01
5.249469988478631712e+06,-4.657055349522039760e+05,-5.399885208156204044e+02,1.999435634652126259e+00,2.374580416051684573e+00,1.297578741912038536e-01,3.047030010111620359e-03,4.579167068965181962e-03,-9.667308058689988437e-01,2.557367936084262716e-01
5.249470029054034501e+06,-4.657054884437500732e+05,-5.399859376549695753e+02,2.000570559681790428e+00,2.377241787420944608e+00,1.304503950188962980e-01,3.028826986025200813e-03,4.618531613188474327e-03,-9.667542263352961740e-01,2.556477519820098965e-01
5.249470069649517536e+06,-4.657054418913205154e+05,-5.399833443012025782e+02,2.000886530979775202e+00,2.379903167253358376e+00,1.307905608767370442e-01,2.999975678849237017e-03,4.691747217144167682e-03,-9.667674980263671891e-01,2.555965655883153942e-01
5.249470110255959444e+06,-4.657053952965989592e+05,-5.399807408911547100e+02,2.001108961292437982e+00,2.382401314729481800e+00,1.314735381186626639e-01,2.987168234882594826e-03,4.788762571694077722e-03,-9.667852846920726995e-01,2.555276303620462874e-01
5.249470150874261744e+06,-4.657053486611528206e+05,-5.399781327273611851e+02,2.001513323863351790e+00,2.384909737236618366e+00,1.312686387639385444e-01,2.961743424164850133e-03,4.872981983158668380e-03,-9.668051122355038052e-01,2.554513048418605714e-01
5.249470191503896378e+06,-4.657053019894942991e+05,-5.399755239052083198e+02,2.001709680268485059e+00,2.386901320187352127e+00,1.315527387065762999e-01,2.928008212989015487e-03,4.932866433525674721e-03,-9.668162441415911745e-01,2.554084097694982458e-01
5.249470232133697718e+06,-4.657052552822718862e+05,-5.399729012370970622e+02,2.000946074431345867e+00,2.389440404364284731e+00,1.326854796990616647e-01,2.870527990784242731e-03,4.979058789097429508e-03,-9.668301043435769682e-01,2.553556942189637580e-01
5.249470272763316520e+06,-4.657052085271173273e+05,-5.399702588396660303e+02,2.001081583979849920e+00,2.392709067215432750e+00,1.335452618522779411e-01,2.890236454260391909e-03,5.008960141109448580e-03,-9.668443869737428642e-01,2.553008039694356635e-01
5.249470313402573578e+06,-4.657051617199574248e+05,-5.399676069319867793e+02,2.001318237814411205e+00,2.395620035272437054e+00,1.336421810268249855e-01,2.895497430216568881e-03,5.076934305454906989e-03,-9.668567216323084024e-01,2.552526846510378422e-01
5.249468787706974894e+06,-4.657071152449580841e+05,-5.400928952840628199e+02,1.744910615801445797e+00,1.990209711963818906e+00,1.130506930172643365e-01,2.069593809143340218e-03,4.137776994048792192e-03,-9.716192561544384487e-01,2.424335176380778833e-01
5.249468822911657393e+06,-4.657070759728912381e+05,-5.400906486334559986e+02,1.744849650388619278e+00,1.993857202224943670e+00,1.130096163546048110e-01,2.068897134460867884e-03,4.147568475624076496e-03,-9.702396309899945503e-01,2.421024189373294222e-01
5.249468858117493801e+06,-4.657070366423060186e+05,-5.400883986887184847e+02,1.744678836644834252e+00,1.996670997159005534e+00,1.133902661852929095e-01,2.082244040339032050e-03,4.102573633097717463e-03,-9.702595779409590726e-01,2.420231188584230642e-01
5.249468893328090198e+06,-4.657069972641712520e+05,-5.400861410051384155e+02,1.744997566023867464e+00,1.999169798996000003e+00,1.137907941047354016e-01,2.140827570562653208e-03,4.051353128779250877e-03,-9.702603828363518534e-01,2.420202438230237563e-01
5.249468928549481556e+06,-4.657069578431593836e+05,-5.400838864920923470e+02,1.745430048036422210e+00,2.001523942334213491e+00,1.130649703402289846e-01,2.176692803513353112e-03,3.996163481958585513e-03,-9.702724001973203061e-01,2.419726589068067479e-01
5.249468963782827370e+06,-4.657069183799106977e+05,-5.400816506616158676e+02,1.745858199150854384e+00,2.003973018443724996e+00,1.119093446187783697e-01,2.202469697642553403e-03,3.885631871648856459e-03,-9.702885163131172996e-01,2.419095940503065423e-01
5.249468999021987431e+06,-4.657068788735087146e+05,-5.400794264239993936e+02,1.745670475321822623e+00,2.006426117248791829e+00,1.119099352928831920e-01,2.224310510447016428e-03,3.807446685026057934e-03,-9.702968457409200109e-01,2.418772262113519089e-01
5.249469034260075539e+06,-4.657068393271177774e+05,-5.400772002238722962e+02,1.745414147966466878e+00,2.008556340887213576e+00,1.121093185735802661e-01,2.283796440697252392e-03,3.774307743480099283e-03,-9.703130276216203054e-01,2.418122680009116565e-01
5.249469069496413693e+06,-4.657067997391531244e+05,-5.400749686302949613e+02,1.745140766309702052e+00,2.011198755735033483e+00,1.124567018109201566e-01,2.331576765716099602e-03,3.712839899231203718e-03,-9.703268098798500940e-01,2.417574534275874765e-01
5.249469104733736254e+06,-4.657067601130960975e+05,-5.400727237118347830e+02,1.745192462798431654e+00,2.012915423438923046e+00,1.134629581262771580e-01,2.317070191153136356e-03,3.729017673184048705e-03,-9.703360890108638781e-01,2.417200978167490244e-01
5.249469139972778037e+06,-4.657067204505522968e+05,-5.400704663164013937e+02,1.744957390951356269e+00,2.015464828073292747e+00,1.137138773616753890e-01,2.290171852896606772e-03,3.785213126919816182e-03,-9.703504578300369277e-01,2.416617926192347887e-01
5.249469175214243121e+06,-4.657066807458315743e+05,-5.400681923375501583e+02,1.745094431975977578e+00,2.017718692101507116e+00,1.151490801282702148e-01,2.251635739390895827e-03,3.916574020007535482e-03,-9.703583150172373495e-01,2.416285099880046694e-01
5.249469210461539216e+06,-4.657066410072034341e+05,-5.400658866769558699e+02,1.745218256515637334e+00,2.019405413929561188e+00,1.169144526270520790e-01,2.214455693854163517e-03,4.085305392338840248e-03,-9.703629590467501842e-01,2.416074087739002729e-01
5.249469245712434873e+06,-4.657066012333172257e+05,-5.400635572427520401e+02,1.745095777727424524e+00,2.021867059409703682e+00,1.175377160012911204e-01,2.219230946870998263e-03,4.245939780495319206e-03,-9.703785084898562951e-01,2.415421352575088942e-01
5.249469280967650004e+06,-4.657065614201240824e+05,-5.400612144921392428e+02,1.745307389319824320e+00,2.023927728668247550e+00,1.182567280714271890e-01,2.264011334757283760e-03,4.364844625237326858e-03,-9.703931224546915590e-01,2.414808815226157090e-01
5.249469316235111095e+06,-4.657065215615461348e+05,-5.400588548429515185e+02,1.745943699139008043e+00,2.027063336899239676e+00,1.192502636666900873e-01,2.225069097847327121e-03,4.428238907195541051e-03,-9.704114682756654897e-01,2.414063543394093236e-01
5.249469351513470523e+06,-4.657064816554234130e+05,-5.400564846269970758e+02,1.746040631832991075e+00,2.029301071106869969e+00,1.193148686205542097e-01,2.263421042022187649e-03,4.508774846301502083e-03,-9.704303674947102332e-01,2.413285222711938349e-01
5.249469386805450544e+06,-4.657064417042369605e+05,-5.400541132613059290e+02,1.746933163096354491e+00,2.032217622279742564e+00,1.193682876173366575e-01,2.277109575800220255e-03,4.600914037757582870e-03,-9.704501626426171867e-01,2.412470397209916240e-01
5.249469422107020393e+06,-4.657064017001977772e+05,-5.400517315672686891e+02,1.746614695871760770e+00,2.035242176480088538e+00,1.203711493452425119e-01,2.228180650099448410e-03,4.675868608463690582e-03,-9.704489059751097990e-01,2.412511106238700576e-01
5.249469457409471273e+06,-4.657063616419681348e+05,-5.400493339756052364e+02,1.746632071187047996e+00,2.038304770797310095e+00,1.209703144108595085e-01,2.224874049352512477e-03,4.813407759926651569e-03,-9.704563378748376490e-01,2.412185386371124840e-01
5.249469492719943635e+06,-4.657063215403684299e+05,-5.400469257140384798e+02,1.747071070418403593e+00,2.040172873919975594e+00,1.214478334024930301e-01,2.263918616197003325e-03,4.821659138366238447e-03,-9.704706211315897724e-01,2.411605396532599810e-01
5.249469528040864505e+06,-4.657062814022755483e+05,-5.400445151184517272e+02,1.747310833035224054e+00,2.042574026214646121e+00,1.212018045096151103e-01,2.308304050708408130e-03,4.790986946214191751e-03,-9.704747840632612643e-01,2.411439773114172347e-01
5.249469563366252929e+06,-4.657062412196140504e+05,-5.400421027235581732e+02,1.747128788630491592e+00,2.045300672476992432e+00,1.216360214262627720e-01,2.364077279699465864e-03,4.763002979030838725e-03,-9.704882513327689475e-01,2.410897864393197476e-01
5.249469598692670465e+06,-4.657062009906698368e+05,-5.400396862147007369e+02,1.747032553387461551e+00,2.047853262322890444e+00,1.216172788995425330e-01,2.383447564038824237e-03,4.717035069583597195e-03,-9.704956720769845058e-01,2.410606260484945140e-01
5.249469634024374187e+06,-4.657061607147610048e+05,-5.400372743548283552e+02,1.747263121065283586e+00,2.050676797644252591e+00,1.211632000745877513e-01,2.458526922756434571e-03,4.689580925818316592e-03,-9.705122353524637813e-01,2.409937151504888131e-01
5.249469669362690300e+06,-4.657061203940514242e+05,-5.400348671680795860e+02,1.747318221644860836e+00,2.052973770562389166e+00,1.211525793517444355e-01,2.508870412223627912e-03,4.599317807619037954e-03,-9.705216080101486398e-01,2.409571880992298076e-01
5.249469704704913311e+06,-4.657060800348834600e+05,-5.400324638620172664e+02,1.747280178486475988e+00,2.055153186824518752e+00,1.207681511602012037e-01,2.589767312637767001e-03,4.549895140804534679e-03,-9.705261774467276448e-01,2.409388651600617992e-01
5.249469740060296841e+06,-4.657060396344634937e+05,-5.400300600418423755e+02,1.748258885684777386e+00,2.057729883617501088e+00,1.212129597291166372e-01,2.650018384922151523e-03,4.484284837987531636e-03,-9.705283418351656755e-01,2.409307216030568410e-01
5.249469775430771522e+06,-4.657059991902826587e+05,-5.400276434844242885e+02,1.748401622559354385e+00,2.060194753421155323e+00,1.220611425539118583e-01,2.651277915612123507e-03,4.482837651211184736e-03,-9.705401794715127206e-01,2.408830448250630363e-01
5.249469810806195252e+06,-4.657059586989123491e+05,-5.400252024760997074e+02,1.748342131523723753e+00,2.063153906114734593e+00,1.236843776392798910e-01,2.701523092307845340e-03,4.580481955606787239e-03,-9.705490584655956932e-01,2.408448722144128362e-01
5.249469846186753362e+06,-4.657059181511283386e+05,-5.400227284654735058e+02,1.748489682169860115e+00,2.066557959006058098e+00,1.253910083193843505e-01,2.728369493178996793e-03,4.685330099442180755e-03,-9.705502506301613153e-01,2.408377485565910137e-01
5.249469881576546468e+06,-4.657058775503531215e+05,-5.400202265611295616e+02,1.748870367757362043e+00,2.069126432120131920e+00,1.264947662912282167e-01,2.731241099361570324e-03,4.822800909543362852e-03,-9.705584580897796965e-01,2.408019244642069512e-01
5.249469916977416724e+06,-4.657058369053762872e+05,-5.400177084317153913e+02,1.749197674313289541e+00,2.071663861197256207e+00,1.270255555092016653e-01,2.727918829014321783e-03,4.953710941545577673e-03,-9.705721613185207541e-01,2.407440661778739721e-01
5.249469952391032130e+06,-4.657057962125253398e+05,-5.400151753735358398e+02,1.749731409979073282e+00,2.074617764669010267e+00,1.280056263224160218e-01,2.743978056593637544e-03,5.091700444546014802e-03,-9.705800406135799419e-01,2.407092364116209804e-01
5.249469987818486057e+06,-4.657057554672468104e+05,-5.400126197120682718e+02,1.750160552586595086e+00,2.077630242463335719e+00,1.293134907404420719e-01,2.718769417488187037e-03,5.209912447231740060e-03,-9.705927683157584696e-01,2.406556664669874390e-01
5.249470023258812726e+06,-4.657057146715484560e+05,-5.400100467673906905e+02,1.750603644954071392e+00,2.080373805301614976e+00,1.297442664846605032e-01,2.716806090956687056e-03,5.347906420382992666e-03,-9.706088746945685797e-01,2.405876926864260745e-01
5.249470058710846119e+06,-4.657056738259243430e+05,-5.400074635809942265e+02,1.750906066334981137e+00,2.083347557345776924e+00,1.303531404754978140e-01,2.694903406997002301e-03,5.465294900966978855e-03,-9.706172196954342413e-01,2.405516318097218886e-01
5.249470094175183214e+06,-4.657056329285092070e+05,-5.400048732122147612e+02,1.751407871107723224e+00,2.086283414461609809e+00,1.304696171347153877e-01,2.688505595337653629e-03,5.518768472242245593e-03,-9.706314117379207795e-01,2.404932107399518071e-01
5.249470129654468037e+06,-4.657055919831776991e+05,-5.400022769585981450e+02,1.751987793773105651e+00,2.088844572162699809e+00,1.309506290769547610e-01,2.729217019530765388e-03,5.595622456697236201e-03,-9.706455348711094944e-01,2.404339676284221183e-01
5.249470165151814930e+06,-4.657055509886230575e+05,-5.399996710904064230e+02,1.752775458072753478e+00,2.091966710907411819e+00,1.314434544525340531e-01,2.735681798895276545e-03,5.665809345853635610e-03,-9.706682157132980882e-01,2.403406675432847028e-01
5.249470200666667894e+06,-4.657055099367916700e+05,-5.399970530700364861e+02,1.753284592424193322e+00,2.095350698796504929e+00,1.321792622664442474e-01,2.786144052326904041e-03,5.706793939873906936e-03,-9.706830857445291061e-01,2.402790540739384029e-01
5.249470236184028909e+06,-4.657054688278266694e+05,-5.399944316879333428e+02,1.752564989833040654e+00,2.098466552522018969e+00,1.317748980583687557e-01,2.822420041815681090e-03,5.708570625732884395e-03,-9.706925655575133760e-01,2.402402885807695399e-01
5.249470271700387821e+06,-4.657054276610852685e+05,-5.399918179349613183e+02,1.752722011375043687e+00,2.101909744615964915e+00,1.314154992889660645e-01,2.834424858663333463e-03,5.665517833311134628e-03,-9.706970913164755244e-01,2.402228794683310686e-01
5.249470307225298136e+06,-4.657053864422577317e+05,-5.399892184644378403e+02,1.752992628461369939e+00,2.104400973073652370e+00,1.303312796505162185e-01,2.867481085814426595e-03,5.620738879487619140e-03,-9.707100121549622207e-01,2.401713225045816746e-01
5.249470342755182646e+06,-4.657053451811922132e+05,-5.399866385623813585e+02,1.752781178442112564e+00,2.106880883148907646e+00,1.294423775510459562e-01,2.941868579735245747e-03,5.602345948355023746e-03,-9.707251080396638310e-01,2.401098306926107984e-01
5.249470378293449990e+06,-4.657053038710319670e+05,-5.399840743344025213e+02,1.753378312198072830e+00,2.110065818946877947e+00,1.287545741036280611e-01,2.988809390160084185e-03,5.530875957828436558e-03,-9.707262414089116165e-01,2.401063259396488403e-01
5.249470413851759396e+06,-4.657052625103291357e+05,-5.399815130423860410e+02,1.754363190751880852e+00,2.112637929131455206e+00,1.291598632460160545e-01,3.032867556376802123e-03,5.435481516883913962e-03,-9.707283193863256443e-01,2.400995508452363203e-01
5.249470449436066672e+06,-4.657052210959348013e+05,-5.399789448836093015e+02,1.755510966989145105e+00,2.116218130640886930e+00,1.294510040678299723e-01,3.053498551364478356e-03,5.402392114754741084e-03,-9.707313290827338514e-01,2.400878676883760054e-01
5.249470485041380860e+06,-4.657051796241529519e+05,-5.399763669286495542e+02,1.756013631020538091e+00,2.119130658005643042e+00,1.301561575554016637e-01,3.074929863954945896e-03,5.390579071065869712e-03,-9.707341350940561497e-01,2.400765141247388490e-01
5.249470520663127303e+06,-4.657051381000361289e+05,-5.399737697328082504e+02,1.756696258240820097e+00,2.122224023251281455e+00,1.314066777877959113e-01,3.037090642571119679e-03,5.396322642980504181e-03,-9.707394032962139985e-01,2.400555642374154752e-01
5.249470556298692711e+06,-4.657050965202543302e+05,-5.399711459312921988e+02,1.756917509917983677e+00,2.125507784181449367e+00,1.328497798331673141e-01,3.018299399099073996e-03,5.422344675817454898e-03,-9.707469929116019358e-01,2.400245218707748596e-01
5.249468966344289482e+06,-4.657070021342947730e+05,-5.400963984536159614e+02,1.484124477350026172e+00,1.753982995051120986e+00,1.138819191102773687e-01,2.322031456096846063e-03,4.688768862759659130e-03,-9.741376034559594554e-01,2.300630763959377600e-01
5.249468996279618703e+06,-4.657069675062992028e+05,-5.400941235714124105e+02,1.483918203534150271e+00,1.757364727403230242e+00,1.149607089377764763e-01,2.278779030459055725e-03,4.709090059405261937e-03,-9.732204759335210120e-01,2.298141422727743577e-01
5.249469026207017712e+06,-4.657069328282302013e+05,-5.400918335393032521e+02,1.483071865741267814e+00,1.759449994188181599e+00,1.154071348476566755e-01,2.271945859351465462e-03,4.780125852114964179e-03,-9.732255279365775724e-01,2.297913479079687349e-01
5.249469056133162230e+06,-4.657068981082647224e+05,-5.400895381817066436e+02,1.483528208892508804e+00,1.762027833149839795e+00,1.154986540237453035e-01,2.273707963052749772e-03,4.801619406185052633e-03,-9.732401848269092159e-01,2.297287977215647647e-01
5.249469086067533121e+06,-4.657068633522472810e+05,-5.400872337863019084e+02,1.483658426256291518e+00,1.763469928967728029e+00,1.163279325693471200e-01,2.254681312213533372e-03,4.866276172006136005e-03,-9.732461047279892252e-01,2.297025436746801541e-01
5.249469116001858376e+06,-4.657068285623083357e+05,-5.400849096541340941e+02,1.483251873884972039e+00,1.765912962104569495e+00,1.174962940445226228e-01,2.206592073417347130e-03,4.921563347834008451e-03,-9.732641839338251888e-01,2.296252177514324089e-01
5.249469145933150314e+06,-4.657067937340192148e+05,-5.400825626541590054e+02,1.483102491512276799e+00,1.767755967135593353e+00,1.186399800717053005e-01,2.153560249066779897e-03,4.897301249482859456e-03,-9.732750014170412634e-01,2.295803855707361230e-01
5.249469175869350322e+06,-4.657067588660950423e+05,-5.400802023781660637e+02,1.483470731997896586e+00,1.770360396152893090e+00,1.188318540261002337e-01,2.143741678209023019e-03,4.910991031984083752e-03,-9.732861506357350923e-01,2.295329142886146923e-01
5.249469205815462396e+06,-4.657067239523446769e+05,-5.400778361522742443e+02,1.483823776022213936e+00,1.772819078511482793e+00,1.192460243541959286e-01,2.144881772353300197e-03,4.898532314564967537e-03,-9.732981928874422373e-01,2.294821013195509074e-01
5.249469235772768967e+06,-4.657066889900669339e+05,-5.400754611783187329e+02,1.484308402238173619e+00,1.775714849671466533e+00,1.197217782505988620e-01,2.096940699899621594e-03,4.883077939762578076e-03,-9.733081034297736966e-01,2.294408364897700114e-01
5.249469265737394802e+06,-4.657066539751661476e+05,-5.400730831490274113e+02,1.484266815274206230e+00,1.778597394704499290e+00,1.195572701322155651e-01,2.043170755616669464e-03,4.874673977772839631e-03,-9.733194175372387180e-01,2.293934997661021824e-01
5.249469295703754760e+06,-4.657066189091203269e+05,-5.400707054679589874e+02,1.484193405166310820e+00,1.781348033435003142e+00,1.196959861924158097e-01,2.013951706223810704e-03,4.852694179110155805e-03,-9.733355666967040687e-01,2.293256925548439740e-01
5.249469325664746575e+06,-4.657065838077718508e+05,-5.400683211471961158e+02,1.483480109006605430e+00,1.782567245850625426e+00,1.202353087845788870e-01,2.013813182778434463e-03,4.781787412335938847e-03,-9.733421146627921905e-01,2.292993898858592672e-01
5.249469355625216849e+06,-4.657065486691077822e+05,-5.400659329348193296e+02,1.483846501078123881e+00,1.785601445715994773e+00,1.200893197167450938e-01,2.017300764058680557e-03,4.662621210565620102e-03,-9.733508295951049938e-01,2.292648170178572808e-01
5.249469385589880869e+06,-4.657065134781096131e+05,-5.400635526178996315e+02,1.483605812730049101e+00,1.788318534913691638e+00,1.194408774499055165e-01,2.037926296198017736e-03,4.556625899060388549e-03,-9.733579926103068658e-01,2.292363531216344286e-01
5.249469415558756329e+06,-4.657064782398249372e+05,-5.400611792488257379e+02,1.483984197804844252e+00,1.790831013672181449e+00,1.193991482690116290e-01,2.049996589005745329e-03,4.481791213724613254e-03,-9.733678005918541265e-01,2.291960715303219542e-01
5.249469445529290475e+06,-4.657064429531204514e+05,-5.400588021824589759e+02,1.483466952386340187e+00,1.793700951473075955e+00,1.198215286033195853e-01,2.073453372909843471e-03,4.405098272109141296e-03,-9.733760631896113402e-01,2.291622545349107642e-01
5.249469475498899817e+06,-4.657064076233706437e+05,-5.400564129382368037e+02,1.483622836539965517e+00,1.795603710451199708e+00,1.206360053540876942e-01,2.069827426376432637e-03,4.321566117540865705e-03,-9.733782691915926488e-01,2.291545075968987877e-01
5.249469505470657721e+06,-4.657063722601103364e+05,-5.400540075442235093e+02,1.483406082263182713e+00,1.797533553947517904e+00,1.214540406831219471e-01,2.080260064674671009e-03,4.287007529502868432e-03,-9.733815998170565198e-01,2.291409143746873933e-01
5.249469535443188623e+06,-4.657063368614211213e+05,-5.400515880164107330e+02,1.483419297304496398e+00,1.799638689643649814e+00,1.220638660088473187e-01,2.092129526308650605e-03,4.242070805916732350e-03,-9.733871420427475663e-01,2.291180982988748338e-01
5.249469565408876166e+06,-4.657063014243457001e+05,-5.400491546568645163e+02,1.482421444295326074e+00,1.801915021105608306e+00,1.228560298801007755e-01,2.066567399934205167e-03,4.257774306126758251e-03,-9.734057456520673890e-01,2.290389889104475496e-01
5.249469595367053524e+06,-4.657062659409286571e+05,-5.400467035047951185e+02,1.482359659623077919e+00,1.804815287298649373e+00,1.238665222442906916e-01,2.018146353262164055e-03,4.304012386446261565e-03,-9.734083933798518551e-01,2.290273034664211671e-01
5.249469625325454399e+06,-4.657062304120386834e+05,-5.400442375585457739e+02,1.482151643661479667e+00,1.806983972274316175e+00,1.243498545128582516e-01,1.987315106926513999e-03,4.335283426452639366e-03,-9.734231838943766535e-01,2.289641116934268139e-01
5.249469655288936570e+06,-4.657061948406769079e+05,-5.400417595401463586e+02,1.482569415771994858e+00,1.809584177321480247e+00,1.250932046344448434e-01,1.939870189087204450e-03,4.381996007549109756e-03,-9.734262616469454565e-01,2.289505441335440428e-01
5.249469685256646015e+06,-4.657061592236624565e+05,-5.400392762857530897e+02,1.482268310679230483e+00,1.812085083992135859e+00,1.248757721151656647e-01,1.919185625020570574e-03,4.436419138778353866e-03,-9.734308872229312515e-01,2.289300029228996669e-01
5.249469715218335390e+06,-4.657061235657280195e+05,-5.400367888983801095e+02,1.481667388088825588e+00,1.814213352121368583e+00,1.255252799594086810e-01,1.870562825326773596e-03,4.443140790701360227e-03,-9.734459002285967832e-01,2.288664290943918656e-01
5.249469745173018426e+06,-4.657060878710257239e+05,-5.400342938913372564e+02,1.481271345049856691e+00,1.816282497689443165e+00,1.256475736514134078e-01,1.828884453330625231e-03,4.459176949118020747e-03,-9.734522580743281139e-01,2.288394103536794955e-01
5.249469775127439760e+06,-4.657060521345766610e+05,-5.400317956097144361e+02,1.481327984250479179e+00,1.818937402824215122e+00,1.258613233204091408e-01,1.833909614804733919e-03,4.454417188749080179e-03,-9.734589912403689427e-01,2.288108190063927183e-01
5.249469805088614114e+06,-4.657060163567567361e+05,-5.400292985184895542e+02,1.481657314012182480e+00,1.820921121816220678e+00,1.255305654786690595e-01,1.813984472041831010e-03,4.423173000208007952e-03,-9.734626873575249473e-01,2.287958586052460108e-01
5.249469835052904673e+06,-4.657059805411242414e+05,-5.400268098008232300e+02,1.481327255122665054e+00,1.823271055380959016e+00,1.250220779506822366e-01,1.810286589476565794e-03,4.382353514692101729e-03,-9.734748695640630389e-01,2.287448355203859363e-01
5.249469865013148636e+06,-4.657059446923378273e+05,-5.400243264349015817e+02,1.480968578428530025e+00,1.824730367838006240e+00,1.249982711811976760e-01,1.856830002565523817e-03,4.322700440717118682e-03,-9.734813434073813498e-01,2.287180449830249207e-01
5.249469894970467314e+06,-4.657059088083768147e+05,-5.400218434973792228e+02,1.480710630527175553e+00,1.827360692503445794e+00,1.249848075833449174e-01,1.861394242671751123e-03,4.280064427972451839e-03,-9.734919022777146491e-01,2.286738640512404885e-01
5.249469924927236512e+06,-4.657058728818889940e+05,-5.400193669130087528e+02,1.480605188197651634e+00,1.829522385838429965e+00,1.243584227452784879e-01,1.884537199044157823e-03,4.168525285739185099e-03,-9.735002739779639036e-01,2.286400930235605589e-01
5.249469954880001955e+06,-4.657058369174269610e+05,-5.400169084676745115e+02,1.479991124948895509e+00,1.831725323361468094e+00,1.231571502656372830e-01,1.901939426012901448e-03,4.062649966620210731e-03,-9.735165749465806151e-01,2.285724381481721579e-01
5.249469984824960120e+06,-4.657058009155487525e+05,-5.400144632648058405e+02,1.479510993946253850e+00,1.833811159318244233e+00,1.230366564454367095e-01,1.931242720641095740e-03,3.993545785951429193e-03,-9.735231694628238008e-01,2.285453217700171291e-01
5.249470014773624949e+06,-4.657057648801092873e+05,-5.400120276618700927e+02,1.480068761903833074e+00,1.835587442829133220e+00,1.221894968845642360e-01,1.949188931243535546e-03,3.871392969801720676e-03,-9.735294623341353981e-01,2.285204643986469553e-01
5.249470044720560312e+06,-4.657057288172755507e+05,-5.400096070164380535e+02,1.479034649479435526e+00,1.837084228992390322e+00,1.215359542824752531e-01,1.975907867272481098e-03,3.723405827597141369e-03,-9.735404213683341856e-01,2.284760024885944263e-01
5.249470074659286998e+06,-4.657056927268973668e+05,-5.400071948469671952e+02,1.478944603201365560e+00,1.838871662784897776e+00,1.213467466566794106e-01,1.956449537587315237e-03,3.649499960434862775e-03,-9.735483851084505424e-01,2.284434263336850013e-01
5.249470104601122439e+06,-4.657056566054531722e+05,-5.400047854357270580e+02,1.479039273737115856e+00,1.840728947233188917e+00,1.212664635109062111e-01,1.931282046972292686e-03,3.624163934025431341e-03,-9.735598076356947184e-01,2.283953595927091240e-01
5.249470134542683139e+06,-4.657056204539196915e+05,-5.400023693229834407e+02,1.478611997904884623e+00,1.842408911725160747e+00,1.220370659398175434e-01,1.908552333799479151e-03,3.605741704142107016e-03,-9.735618541998733999e-01,2.283871184068691218e-01
5.249470164486883208e+06,-4.657055842756078928e+05,-5.399999410855514270e+02,1.479011734904766007e+00,1.843906733798869046e+00,1.224921127779956959e-01,1.912866497040945990e-03,3.592403483868474457e-03,-9.735641054939571104e-01,2.283776955714864887e-01
5.249470194440328516e+06,-4.657055480667846277e+05,-5.399974995198695069e+02,1.479216427892815933e+00,1.846028699507062054e+00,1.233912873365926033e-01,1.903889874561679341e-03,3.595422102431966149e-03,-9.735801677191386894e-01,2.283092397327075862e-01
5.249470224405677989e+06,-4.657055118131245254e+05,-5.399950400409931035e+02,1.479856069122889695e+00,1.848997814831356390e+00,1.243055751843098328e-01,1.877346939354849120e-03,3.649527183564238095e-03,-9.735891815732302668e-01,2.282701597823463546e-01
5.249470254385649227e+06,-4.657054755221478408e+05,-5.399925636303537431e+02,1.480392149722320250e+00,1.850252245178613197e+00,1.251032096758311063e-01,1.879656002894408619e-03,3.678983193580027695e-03,-9.735933522252163685e-01,2.282518790512171603e-01
5.249470284367975779e+06,-4.657054392031013849e+05,-5.399900694291578702e+02,1.479759358466102181e+00,1.852380215538486308e+00,1.261077388328808724e-01,1.861869649204400028e-03,3.730706197264495403e-03,-9.735940589216853791e-01,2.282481709261858227e-01
5.249470314343511127e+06,-4.657054028482810827e+05,-5.399875564964165733e+02,1.479385227042878448e+00,1.854399527275559123e+00,1.269985323521004017e-01,1.845312838552758041e-03,3.730433506345743992e-03,-9.735982150816685499e-01,2.282305810286285319e-01
5.249470344319099560e+06,-4.657053664641295327e+05,-5.399850275936599928e+02,1.479462530900483852e+00,1.855827187567073322e+00,1.277214964840142908e-01,1.861398686126902692e-03,3.755199565066936248e-03,-9.735970758037599815e-01,2.282349042237804271e-01
5.249470374299568124e+06,-4.657053300523126381e+05,-5.399824857782002709e+02,1.479550538499137424e+00,1.857727943791778191e+00,1.283055616420652190e-01,1.857658686023449515e-03,3.789005671935585101e-03,-9.736048297958421749e-01,2.282012966688952149e-01
5.249470404276818037e+06,-4.657052935988606187e+05,-5.399799371506371699e+02,1.478767925663357241e+00,1.860648034640954629e+00,1.284141947329886235e-01,1.814680274863241698e-03,3.748990873355878290e-03,-9.736139113083336349e-01,2.281635544869465571e-01
5.249470434250283055e+06,-4.657052570966370404e+05,-5.399773876517856479e+02,1.478820620125320229e+00,1.863213491080105477e+00,1.284000031172007894e-01,1.801157201383891829e-03,3.716766944277248227e-03,-9.736179207874902097e-01,2.281470791024087785e-01
5.249470464225112461e+06,-4.657052205567799392e+05,-5.399748373695421151e+02,1.478576779263435670e+00,1.864984446167011534e+00,1.285028759463110182e-01,1.781803490468185586e-03,3.655645339814155449e-03,-9.736277799607291339e-01,2.281061407356750337e-01
5.249468909574974328e+06,-4.657070178522312199e+05,-5.400951670012775594e+02,1.207763846839982502e+00,1.529768102168628019e+00,1.100869657643852306e-01,1.169798560763302651e-03,2.985196577992664003e-03,-9.758897153473323760e-01,2.207971156149720615e-01
5.249468933922283351e+06,-4.657069876521725673e+05,-5.400929850018941352e+02,1.206000165999630003e+00,1.531273343506619922e+00,1.094337010565129137e-01,1.179772844164127862e-03,2.882783953640793810e-03,-9.753439655659187357e-01,2.206681855862518415e-01
5.249468958255233243e+06,-4.657069574164120713e+05,-5.400908110010477685e+02,1.206119693228633993e+00,1.533711039701502798e+00,1.092913227075785337e-01,1.173819474612418151e-03,2.742429905804585639e-03,-9.753398732332966281e-01,2.206880932836322307e-01
5.249468982576955110e+06,-4.657069271400611033e+05,-5.400886403501079940e+02,1.204665376414064903e+00,1.535717494988658283e+00,1.091005278271611062e-01,1.196521751715432609e-03,2.613095153950593767e-03,-9.753403129886761835e-01,2.206875971677362824e-01
5.249469006882369518e+06,-4.657068968359522987e+05,-5.400864821538282285e+02,1.204304974253642468e+00,1.536816508212304200e+00,1.080355949932383375e-01,1.224080318915217154e-03,2.454887371546914110e-03,-9.753431886922306893e-01,2.206765530000589781e-01
5.249469031172881834e+06,-4.657068665115044569e+05,-5.400843352527750767e+02,1.202978115352360211e+00,1.538114950952225390e+00,1.079745471843265997e-01,1.242765815740862721e-03,2.361404692986200215e-03,-9.753532563556306378e-01,2.206329672506365802e-01
5.249469055449867621e+06,-4.657068361713987542e+05,-5.400821894498686788e+02,1.202779880334490015e+00,1.538697621930281922e+00,1.079295330008300524e-01,1.251068147271695418e-03,2.340430860614382391e-03,-9.753650497925495655e-01,2.205810020745926081e-01
5.249469079715897329e+06,-4.657068058087771060e+05,-5.400800471739229351e+02,1.201666717837155396e+00,1.540761165549827449e+00,1.076233671695966537e-01,1.212258071645539240e-03,2.363068957041070811e-03,-9.753693445184538069e-01,2.205619861541526505e-01
5.249469103960966691e+06,-4.657067754149442189e+05,-5.400779020319433812e+02,1.200482556571766946e+00,1.542184318413958755e+00,1.082304779189570687e-01,1.159329056574432380e-03,2.481895212889278276e-03,-9.753701568932765520e-01,2.205573730900048379e-01
5.249469128186008893e+06,-4.657067450005553546e+05,-5.400757462010817562e+02,1.199472911077918535e+00,1.543163893715927992e+00,1.087029685392343764e-01,1.136928819090332827e-03,2.630745822863280424e-03,-9.753747805814381167e-01,2.205353160077586083e-01
5.249469152393936180e+06,-4.657067145668108715e+05,-5.400735798568186965e+02,1.198572637716908362e+00,1.544484519807199696e+00,1.092993471402091410e-01,1.016234908852814162e-03,2.770998396269836600e-03,-9.753805659692152963e-01,2.205085984690850209e-01
5.249469176583249122e+06,-4.657066841060406296e+05,-5.400714050663270882e+02,1.197397649430164579e+00,1.546257921888133824e+00,1.095572935849924573e-01,9.447697892787926396e-04,2.951202375361656246e-03,-9.753847170945582068e-01,2.204882153595902061e-01
5.249469200756945647e+06,-4.657066536221809802e+05,-5.400692226888194227e+02,1.196823396543865714e+00,1.547129705055454885e+00,1.100707340171456078e-01,8.951417660651298566e-04,3.121382273911935470e-03,-9.753848575163158729e-01,2.204854577108529279e-01
5.249469224909299053e+06,-4.657066231222762726e+05,-5.400670257631197728e+02,1.195060173826728356e+00,1.548234035497159322e+00,1.110339742038971844e-01,7.998601728021770838e-04,3.251209722536801353e-03,-9.753866815358217535e-01,2.204758784612717848e-01
5.249469249041782692e+06,-4.657065925974393031e+05,-5.400648062849908229e+02,1.194624229006963523e+00,1.550015697244925494e+00,1.123500453527268156e-01,7.727684643132356037e-04,3.374165142308839342e-03,-9.753982008898560707e-01,2.204231593705774928e-01
5.249469273155610077e+06,-4.657065620415132726e+05,-5.400625767692151840e+02,1.192972608717760785e+00,1.551746650474134848e+00,1.120393739453176135e-01,7.075783911865758018e-04,3.514013808664838510e-03,-9.753995861961324287e-01,2.204150628696920911e-01
5.249469297252997756e+06,-4.657065314529542811e+05,-5.400603453148200970e+02,1.192764395264453325e+00,1.553660175167844049e+00,1.125560707878204281e-01,6.780644575369775212e-04,3.666830921492926065e-03,-9.753917696739847765e-01,2.204472542077790531e-01
5.249469321342223324e+06,-4.657065008329863194e+05,-5.400581100581714509e+02,1.191940652691154012e+00,1.555281997069211108e+00,1.124225311105281483e-01,6.455930815481690120e-04,3.797339311583534851e-03,-9.753995153157374309e-01,2.204108677131394189e-01
5.249469345422314480e+06,-4.657064701824492658e+05,-5.400558718816140527e+02,1.191633002471453429e+00,1.557117224094890950e+00,1.128607623935410503e-01,6.056159551409019117e-04,3.861920697067634106e-03,-9.754091639371068601e-01,2.203671558370687844e-01
5.249469369499165565e+06,-4.657064394991940353e+05,-5.400536335172891995e+02,1.191398439159365052e+00,1.558944132566050467e+00,1.124415308806248764e-01,5.712191203099024287e-04,3.873350704332073798e-03,-9.754087533937789711e-01,2.203688642635088235e-01
5.249469393559621647e+06,-4.657064087821586872e+05,-5.400514014552375102e+02,1.189758076098057948e+00,1.560923628896329962e+00,1.122339966958052077e-01,5.373434724418346990e-04,3.852592177087214419e-03,-9.754110782760009313e-01,2.203590226155492104e-01
5.249469417592164129e+06,-4.657063780328402063e+05,-5.400491793208979061e+02,1.188380717644120566e+00,1.562591951833903758e+00,1.114457471922678383e-01,4.717108248913630289e-04,3.786779846529441697e-03,-9.754230027589138041e-01,2.203075240592586304e-01
5.249469441603390500e+06,-4.657063472559080110e+05,-5.400469713269956173e+02,1.187406925691817827e+00,1.564079719957651493e+00,1.108179245051877093e-01,4.405281404052695314e-04,3.693311605249058240e-03,-9.754243768737562714e-01,2.203030913738922847e-01
5.249469465601786971e+06,-4.657063164558340795e+05,-5.400447780761555805e+02,1.186887924492848523e+00,1.565283267720428251e+00,1.099642520568674953e-01,4.486864516461334224e-04,3.582525659177734564e-03,-9.754292930105743498e-01,2.202831364716036078e-01
5.249469489594414830e+06,-4.657062856268580654e+05,-5.400426028093986588e+02,1.186595408813536867e+00,1.567393393550585712e+00,1.090088480841562291e-01,4.837136307759037674e-04,3.509590713373056739e-03,-9.754355501975160436e-01,2.202565274811899287e-01
5.249469513572888449e+06,-4.657062547641202109e+05,-5.400404368127911994e+02,1.185239824396636443e+00,1.569084904812250603e+00,1.090428157650709662e-01,4.840361296369154859e-04,3.473100586489480043e-03,-9.754426749042224287e-01,2.202255501858456088e-01
5.249469537528353743e+06,-4.657062238687950885e+05,-5.400382684803309985e+02,1.184054083126629298e+00,1.571085610246877984e+00,1.092521385437259795e-01,4.502509433106415340e-04,3.465661737394148002e-03,-9.754421854350909804e-01,2.202279070397120397e-01
5.249469561461453326e+06,-4.657061929443460540e+05,-5.400360906446569516e+02,1.182779298623948705e+00,1.572409038344446452e+00,1.100113265978180793e-01,4.180142583056419849e-04,3.461130947443957252e-03,-9.754510150496938925e-01,2.201889297422970904e-01
5.249469585373855196e+06,-4.657061619932973408e+05,-5.400338922493300515e+02,1.181748744214517144e+00,1.574183863137662565e+00,1.113356336843932121e-01,3.746487177027906933e-04,3.466339195888991365e-03,-9.754641358507243343e-01,2.201307918297147892e-01
5.249469609269177541e+06,-4.657061310125502641e+05,-5.400316695039955448e+02,1.180841068990818865e+00,1.575793093027731073e+00,1.124721941875061054e-01,2.969429209394498261e-04,3.530510345292752015e-03,-9.754622991096680851e-01,2.201380295457266156e-01
5.249469633142082952e+06,-4.657060999979365151e+05,-5.400294262641176601e+02,1.179251767704591947e+00,1.578026208482167903e+00,1.134079092791416277e-01,2.140570863789513284e-04,3.604541352695291110e-03,-9.754533287560395172e-01,2.201766713343539517e-01
5.249469656993976794e+06,-4.657060689482385642e+05,-5.400271688113275559e+02,1.178504409668221120e+00,1.579732274903299372e+00,1.139095894380784957e-01,1.468064354106747224e-04,3.641854257851086327e-03,-9.754609271716361274e-01,2.201424462289300055e-01
5.249469680828734301e+06,-4.657060378730301745e+05,-5.400249011468492881e+02,1.177310507908349901e+00,1.580989334830762649e+00,1.144456464789032346e-01,7.570300406687425511e-05,3.702668658978255315e-03,-9.754634721692456711e-01,2.201301903517930425e-01
5.249469704641803168e+06,-4.657060067662654328e+05,-5.400226178793078589e+02,1.176073384220028384e+00,1.583371212593608357e+00,1.154941286016260837e-01,6.842390035346277527e-06,3.787186461032013458e-03,-9.754716254679497434e-01,2.200926323470535906e-01
5.249469728432954289e+06,-4.657059756289730431e+05,-5.400203176585655456e+02,1.174892999093945178e+00,1.584456886035371825e+00,1.161589969434789621e-01,-3.672659625414652080e-05,3.794882435370039789e-03,-9.754814157788062046e-01,2.200491007151578471e-01
5.249469752205479890e+06,-4.657059444653998944e+05,-5.400180041163328042e+02,1.173958476805484485e+00,1.586463721654185921e+00,1.168430231088882360e-01,-4.605870642842232218e-05,3.789061433316169222e-03,-9.754923247328159963e-01,2.200008341412024726e-01
5.249469775958624668e+06,-4.657059132622408215e+05,-5.400156754179989775e+02,1.172685355482639302e+00,1.588916395512961044e+00,1.176964430439894904e-01,-1.027484918408308256e-04,3.795435281573506479e-03,-9.755048263789003471e-01,2.199452649572459506e-01
5.249469799693134613e+06,-4.657058820176835288e+05,-5.400133350936561101e+02,1.171836008563262643e+00,1.591073289945653668e+00,1.180182791534401809e-01,-1.365594377142100566e-04,3.776056371027038377e-03,-9.755093080015824203e-01,2.199257022503740833e-01
5.249469823412603699e+06,-4.657058507285431842e+05,-5.400109852204144545e+02,1.170900681729844850e+00,1.593886540169706656e+00,1.186712585496103173e-01,-2.025018231473916163e-04,3.737639659463446156e-03,-9.755139461734204653e-01,2.199057335118621281e-01
5.249469847118681297e+06,-4.657058194039059454e+05,-5.400086180245160676e+02,1.170267925778115004e+00,1.595032792534009980e+00,1.197763221225918856e-01,-2.376292379427961065e-04,3.699959122299647900e-03,-9.755146212634006053e-01,2.199033408232684006e-01
5.249469870815466158e+06,-4.657057880560728954e+05,-5.400062360479441850e+02,1.169727278011258642e+00,1.596649485040380290e+00,1.201644429513735596e-01,-2.718380852408554932e-04,3.602072020506534404e-03,-9.755215325631352297e-01,2.198742651161060824e-01
5.249469894495980814e+06,-4.657057566766482196e+05,-5.400038550591106059e+02,1.168373800142431529e+00,1.598678569324421650e+00,1.196768667226640603e-01,-2.787028837070389445e-04,3.506747607624921461e-03,-9.755294079780777450e-01,2.198408537903118187e-01
5.249469918155438267e+06,-4.657057252593978192e+05,-5.400014855049258813e+02,1.167349513872417477e+00,1.600916689747692745e+00,1.190170901369650286e-01,-2.785760847465543351e-04,3.413572740440462116e-03,-9.755283333865834017e-01,2.198470888181486282e-01
5.249469941799717955e+06,-4.657056938060795073e+05,-5.399991270990909698e+02,1.166598094384311057e+00,1.602746747459330656e+00,1.185633857352832304e-01,-3.046766635831821453e-04,3.290598163007992134e-03,-9.755300169946279354e-01,2.198414584835597096e-01
5.249469965426264331e+06,-4.657056623219270259e+05,-5.399967788006409819e+02,1.165316348579383599e+00,1.604465381273165736e+00,1.180095845461725523e-01,-4.105899671043265753e-04,3.229231133433343743e-03,-9.755285665915158777e-01,2.198486321070076410e-01
5.249469989027753472e+06,-4.657056308075649431e+05,-5.399944409879821023e+02,1.163825624102974077e+00,1.606244789650652871e+00,1.175149684798783567e-01,-4.482304751093771703e-04,3.183236873391765906e-03,-9.755284102195973528e-01,2.198499232292518979e-01
5.249470012603030540e+06,-4.657055992651496199e+05,-5.399921173358749229e+02,1.162437044412080400e+00,1.607731836762240851e+00,1.165871648398470184e-01,-4.930433821272047455e-04,3.125812517950307592e-03,-9.755291901350791051e-01,2.198471905628224810e-01
5.249470036155696027e+06,-4.657055676956423558e+05,-5.399898050680535562e+02,1.161301112936680813e+00,1.609436005039292628e+00,1.163834907216768910e-01,-5.786729917406328860e-04,3.141918479082585723e-03,-9.755384523998967827e-01,2.198056486522336761e-01
5.249470059683989733e+06,-4.657055360947091249e+05,-5.399875000812236294e+02,1.159721887774091131e+00,1.611381461879037413e+00,1.158587470186202006e-01,-6.353078347795236037e-04,3.176125486205129671e-03,-9.755465982118415313e-01,2.197688447846651849e-01
5.249470083187545650e+06,-4.657055044666630565e+05,-5.399852069327515665e+02,1.158576148181220900e+00,1.612597998868354310e+00,1.151986454487032296e-01,-7.296633908614698957e-04,3.264067494897142201e-03,-9.755493989237600250e-01,2.197548304948971909e-01
5.249470106667802669e+06,-4.657054728158307262e+05,-5.399829215808564413e+02,1.157126427395793966e+00,1.614142920393181191e+00,1.150882011288540951e-01,-8.423893465201967882e-04,3.347001245545323713e-03,-9.755546566863273483e-01,2.197298377450840057e-01
5.249468669913852587e+06,-4.657071436637246516e+05,-5.400964970283631601e+02,9.038479327484709724e-01,1.314220689930155395e+00,9.866883760110178869e-02,-1.415316045427184814e-03,2.980529993907289361e-03,-9.770624288145808300e-01,2.143957246539053563e-01
5.249468688150856644e+06,-4.657071177122874651e+05,-5.400945301913246794e+02,9.024806063334243067e-01,1.315821825356641162e+00,9.925714381940953235e-02,-1.424570085501642444e-03,3.004619995470451770e-03,-9.767634254336438060e-01,2.142945502929251844e-01
5.249468706362575293e+06,-4.657070917314612307e+05,-5.400925652246650088e+02,9.011538795463722717e-01,1.317477156878174682e+00,9.847663088878857995e-02,-1.465106568370191280e-03,3.029944264665044348e-03,-9.767737880236164738e-01,2.142466817082274433e-01
5.249468724543776363e+06,-4.657070657216532272e+05,-5.400906064763114500e+02,8.992601874084173996e-01,1.319035360975337134e+00,9.864168865258880758e-02,-1.476397947842493464e-03,3.063502185772861569e-03,-9.767706333168167943e-01,2.142605091610469137e-01
5.249468742692615837e+06,-4.657070396865472430e+05,-5.400886555430874978e+02,8.977560445701139313e-01,1.320309548297270430e+00,9.768691847677445084e-02,-1.505677947182134128e-03,3.106243273604116645e-03,-9.767720588521117131e-01,2.142531911663148325e-01
5.249468760813550092e+06,-4.657070136265964829e+05,-5.400867233599329893e+02,8.963023245312736753e-01,1.321841197153013958e+00,9.675908635808483371e-02,-1.543078739106425613e-03,3.151303931845074457e-03,-9.767838209156646245e-01,2.141986369757941933e-01
5.249468778901196085e+06,-4.657069875387938228e+05,-5.400848128632788985e+02,8.942536555284239519e-01,1.323424676058217342e+00,9.550692005467660561e-02,-1.607908585647635329e-03,3.205548246221498390e-03,-9.767889593993270836e-01,2.141739213344271142e-01
5.249468796949429438e+06,-4.657069614268515725e+05,-5.400829244607161854e+02,8.921952303845946952e-01,1.324566586474606122e+00,9.454055454639009870e-02,-1.614659200498035118e-03,3.198881380962189953e-03,-9.767909217267852773e-01,2.141650203904423011e-01
5.249468814954617061e+06,-4.657069352865924593e+05,-5.400810517711503280e+02,8.897603324363418942e-01,1.326620304193191879e+00,9.393029492180156315e-02,-1.593181967844421731e-03,3.180048547743441305e-03,-9.768023075554409518e-01,2.141135252883700213e-01
5.249468832919086330e+06,-4.657069091169640305e+05,-5.400791969534283226e+02,8.879559562151549956e-01,1.327821086993133282e+00,9.274185900809707450e-02,-1.614440312912911917e-03,3.145889278176626069e-03,-9.768092634792897577e-01,2.140821347953292819e-01
5.249468850844274275e+06,-4.657068829263597145e+05,-5.400773592343318796e+02,8.856596824344357133e-01,1.329044272561186846e+00,9.221601692777109394e-02,-1.571949711706234747e-03,3.058990553359728845e-03,-9.768138638994963152e-01,2.140627187029273126e-01
5.249468868727902882e+06,-4.657068567118265200e+05,-5.400755403818924378e+02,8.836215352702282422e-01,1.330543933947982316e+00,9.084071678162225494e-02,-1.569233998623868883e-03,2.925777439427376930e-03,-9.768098036119641225e-01,2.140831277615473094e-01
5.249468886576250196e+06,-4.657068304760408355e+05,-5.400737450948307696e+02,8.819670953684776160e-01,1.331475834611038023e+00,8.984845283759923529e-02,-1.514114268525206409e-03,2.795079860783663758e-03,-9.768124195119430864e-01,2.140733350196045437e-01
5.249468904392188415e+06,-4.657068042222410440e+05,-5.400719730255962077e+02,8.802085985796722634e-01,1.332662675978684153e+00,8.850373417032264545e-02,-1.494454797556679865e-03,2.712132612264741855e-03,-9.768100877348921962e-01,2.140851796197659751e-01
5.249468922166350298e+06,-4.657067779495374998e+05,-5.400702191343265213e+02,8.776149220499313008e-01,1.333697422185070369e+00,8.802752094740663724e-02,-1.486185353051967112e-03,2.675015681571843006e-03,-9.768148706990599228e-01,2.140638797561157103e-01
5.249468939900951460e+06,-4.657067516567736748e+05,-5.400684711628236983e+02,8.760778648529217172e-01,1.334993212823883502e+00,8.791253471965361499e-02,-1.440688206530365374e-03,2.637277708178312804e-03,-9.768145267492868156e-01,2.140662285507100304e-01
5.249468957605587319e+06,-4.657067253443841473e+05,-5.400667304457243745e+02,8.744486042425649863e-01,1.335972886428937079e+00,8.729539702686427149e-02,-1.403164355779379629e-03,2.672898541510620139e-03,-9.768128693109525695e-01,2.140735989822863117e-01
5.249468975273015909e+06,-4.657066990135369124e+05,-5.400649917260093389e+02,8.721780001441687968e-01,1.337180062512175915e+00,8.772203610935357110e-02,-1.391218330511126552e-03,2.680139964953920373e-03,-9.768187779572832241e-01,2.140466236135873945e-01
5.249468992902054451e+06,-4.657066726618050016e+05,-5.400632501928030251e+02,8.704322248752081048e-01,1.338389156157114623e+00,8.757774916069074878e-02,-1.383069837003194844e-03,2.728137921882033221e-03,-9.768152493050168417e-01,2.140621727320531353e-01
5.249469010501706973e+06,-4.657066462812491809e+05,-5.400615106136738177e+02,8.690440630080897844e-01,1.340431637758922268e+00,8.752746642996156456e-02,-1.344128010876270360e-03,2.825168548400447312e-03,-9.768221234997639391e-01,2.140297910895028188e-01
5.249469028070380911e+06,-4.657066198736311053e+05,-5.400597669367953131e+02,8.671588715210839515e-01,1.341421759315754025e+00,8.799648996515485599e-02,-1.326946437576176753e-03,2.936974759584672686e-03,-9.768208729794907175e-01,2.140341005370850758e-01
5.249469045606357977e+06,-4.657065934413971845e+05,-5.400580144527149287e+02,8.655802890718554687e-01,1.343257918846542109e+00,8.841673789053193511e-02,-1.311403213574051070e-03,3.030560107430830576e-03,-9.768234729126996641e-01,2.140210255638196890e-01
5.249469063107841648e+06,-4.657065669826146914e+05,-5.400562579549680322e+02,8.635264853148301167e-01,1.344423629193449488e+00,8.839935390093818512e-02,-1.285633814893019601e-03,3.161243886851961438e-03,-9.768302449334427262e-01,2.139883804207215467e-01
5.249469080575315282e+06,-4.657065405000473256e+05,-5.400544916535944822e+02,8.619898525589408944e-01,1.345992430965488262e+00,8.941516302579925746e-02,-1.277337063789261550e-03,3.201335720789665832e-03,-9.768321709924243645e-01,2.139790416446618049e-01
5.249469098008505069e+06,-4.657065139902398223e+05,-5.400527098608714596e+02,8.599043387676612582e-01,1.347512579195581095e+00,8.995958305450552084e-02,-1.274350355962740019e-03,3.273193923117850151e-03,-9.768340814393831062e-01,2.139692507357005280e-01
5.249469115409807302e+06,-4.657064874584610807e+05,-5.400509184145736299e+02,8.586237221887098592e-01,1.348514897355181708e+00,9.038945943256125604e-02,-1.245116079453792391e-03,3.313208369284057105e-03,-9.768306359287429741e-01,2.139845362065513346e-01
5.249469132782300934e+06,-4.657064609168629395e+05,-5.400491234971012773e+02,8.568595560642406905e-01,1.348804023490224324e+00,9.030936941519848715e-02,-1.239555216790725820e-03,3.319715382120452460e-03,-9.768376150053885709e-01,2.139526059417453663e-01
5.249469150121344253e+06,-4.657064343552592909e+05,-5.400473388203776040e+02,8.550685123349373029e-01,1.350911983231909197e+00,8.935459974596797472e-02,-1.215422313316645488e-03,3.288619509513715511e-03,-9.768439882497660376e-01,2.139241244879709625e-01
5.249469167420086451e+06,-4.657064077550124493e+05,-5.400455654605468681e+02,8.526122863216419878e-01,1.353084500959414349e+00,8.917896852495868498e-02,-1.212519368991860514e-03,3.266170751859664469e-03,-9.768530597761451162e-01,2.138830573465598517e-01
5.249469184679210186e+06,-4.657063811275258195e+05,-5.400438012908430210e+02,8.509245139276827574e-01,1.353976423984770694e+00,8.842860085760413658e-02,-1.200297745726097969e-03,3.199567431573634418e-03,-9.768573591142313273e-01,2.138644960840958564e-01
5.249469201910588890e+06,-4.657063544817654765e+05,-5.400420599727902982e+02,8.496471964307731328e-01,1.355263389181303069e+00,8.687585110495137097e-02,-1.218620064619125708e-03,3.155135502889486881e-03,-9.768583632799731076e-01,2.138604658698459449e-01
5.249469219109121710e+06,-4.657063278133302229e+05,-5.400403447889628978e+02,8.474403492663487025e-01,1.356625096362181537e+00,8.580385217751709814e-02,-1.233447351505374649e-03,3.125216897917508247e-03,-9.768690420439524180e-01,2.138120366345636902e-01
5.249469236260697246e+06,-4.657063011281618965e+05,-5.400386492639287326e+02,8.447640937215394885e-01,1.357288471168240251e+00,8.490013148893553463e-02,-1.222280318450940382e-03,3.076957167525118299e-03,-9.768722371480252908e-01,2.137982023763052297e-01
5.249469253373212181e+06,-4.657062744191831443e+05,-5.400369681757628086e+02,8.433182838549023730e-01,1.359410131232147823e+00,8.435593073650213269e-02,-1.220394776027949662e-03,3.062784638246087311e-03,-9.768754134459887162e-01,2.137839032232414782e-01
5.249469270461741835e+06,-4.657062476788182976e+05,-5.400353003363940161e+02,8.421690453027492751e-01,1.360793565504076597e+00,8.356654441919672549e-02,-1.198595294200842506e-03,3.058282427773479674e-03,-9.768806307757613716e-01,2.137602492956017231e-01
5.249469287521645427e+06,-4.657062209156691679e+05,-5.400336427001419679e+02,8.402556235787006500e-01,1.362064144728609261e+00,8.333717582402486168e-02,-1.231628249951737929e-03,3.070898763669984745e-03,-9.768839265531246152e-01,2.137448184166940712e-01
5.249469304535428062e+06,-4.657061941323377541e+05,-5.400319862947491174e+02,8.373511933965979148e-01,1.363200937712001570e+00,8.344761038280788801e-02,-1.214632946184355036e-03,3.125763526013908798e-03,-9.768874829555483918e-01,2.137278657492819034e-01
5.249469321506221779e+06,-4.657061673289645696e+05,-5.400303304124560100e+02,8.357568248854789772e-01,1.364443900705144541e+00,8.328437248800864279e-02,-1.187733855801189524e-03,3.229226199816559971e-03,-9.768938317749386036e-01,2.136974578929512480e-01
5.249469338442071341e+06,-4.657061405097552342e+05,-5.400286738278273333e+02,8.336665134250246245e-01,1.365138327739895407e+00,8.352586316560597912e-02,-1.220007664086687500e-03,3.322910822765528117e-03,-9.768931752385275891e-01,2.136988411262422394e-01
5.249469355343818665e+06,-4.657061136739652720e+05,-5.400270076033962141e+02,8.321426338792041744e-01,1.366481267875884642e+00,8.426288630344690167e-02,-1.232026248022253558e-03,3.465691736764182126e-03,-9.768932622920394326e-01,2.136961063319734733e-01
5.249469372210559435e+06,-4.657060868194011273e+05,-5.400253253866778778e+02,8.299674237071917871e-01,1.367393862996411746e+00,8.514060304070424079e-02,-1.211833703650692018e-03,3.597902382502694060e-03,-9.769014024498784421e-01,2.136568209269605056e-01
5.249469389039522037e+06,-4.657060599590163911e+05,-5.400236386029923779e+02,8.281908270017708240e-01,1.367374688010267736e+00,8.471557595135376095e-02,-1.200620898092065892e-03,3.719634640282847883e-03,-9.768937748095737339e-01,2.136896727546914176e-01
5.249469405836984515e+06,-4.657060330870234175e+05,-5.400219544384456185e+02,8.266032620385540541e-01,1.368959200989970482e+00,8.488506221566713417e-02,-1.210817741237557761e-03,3.804817479524406562e-03,-9.769005661327903045e-01,2.136570659961771756e-01
5.249469422606701963e+06,-4.657060061859657289e+05,-5.400202668918293512e+02,8.251984917681883802e-01,1.370688888784632686e+00,8.506239383117071562e-02,-1.268873069127228904e-03,3.873780177800419632e-03,-9.769031153352200070e-01,2.136438337825716238e-01
5.249469439349466003e+06,-4.657059792621148517e+05,-5.400185741997289597e+02,8.237097238705454183e-01,1.371610497625711522e+00,8.540856180924402685e-02,-1.267204347597790468e-03,3.941135152090632747e-03,-9.769085638121304260e-01,2.136176965352041546e-01
5.249469456062425859e+06,-4.657059523138154182e+05,-5.400168761382026332e+02,8.219883779655904332e-01,1.373563811817851921e+00,8.560709276438513426e-02,-1.294392302107881358e-03,4.003541031579798889e-03,-9.769109883323494614e-01,2.136052849522501740e-01
5.249469472739942372e+06,-4.657059253291236819e+05,-5.400151772026048320e+02,8.199263104359826304e-01,1.375697721744440827e+00,8.549925457330169454e-02,-1.328752957299982225e-03,4.053787092576575414e-03,-9.769126885396910431e-01,2.135963503267081232e-01
5.249469489375712350e+06,-4.657058983068866655e+05,-5.400134811914949751e+02,8.175728725000296349e-01,1.377776339996572563e+00,8.531748458980728533e-02,-1.376559580367886417e-03,4.082171759795488568e-03,-9.769196355293203737e-01,2.135637313596462084e-01
5.249469505966215394e+06,-4.657058712580616120e+05,-5.400117949065083849e+02,8.151860269211335108e-01,1.378756532556312031e+00,8.451741927690113731e-02,-1.358727196124089303e-03,4.073675903927229634e-03,-9.769240033795594247e-01,2.135440266591981384e-01
5.249469522520824336e+06,-4.657058441862948821e+05,-5.400101241274596759e+02,8.137552182228922071e-01,1.380493910417530889e+00,8.375908722101785275e-02,-1.358796616350501458e-03,4.075088221795222961e-03,-9.769267635060275845e-01,2.135313718159780605e-01
5.249469539046096615e+06,-4.657058170868080924e+05,-5.400084638548312341e+02,8.120288711028513795e-01,1.381942838903937432e+00,8.346809717504879989e-02,-1.398079810300485552e-03,4.053952410904033445e-03,-9.769270279072589380e-01,2.135303108757024004e-01
5.249468281364049762e+06,-4.657073400952356751e+05,-5.401098606838744445e+02,5.888783876508538739e-01,1.116605068615411422e+00,7.070280978669182814e-02,-1.867855701306404522e-03,3.649545963348353479e-03,-9.778632172723503713e-01,2.099203455373964411e-01
5.249468293269928545e+06,-4.657073180544244242e+05,-5.401084622686950070e+02,5.869250315202722001e-01,1.117833892346658864e+00,6.996073786210556256e-02,-1.848010877334852961e-03,3.581651094301339239e-03,-9.777199840953925136e-01,2.098746996423339894e-01
5.249468305125853047e+06,-4.657072959944184986e+05,-5.401070746028306075e+02,5.837419500438117970e-01,1.118801288287737838e+00,6.962640493888305748e-02,-1.834792310461750512e-03,3.479051991716716058e-03,-9.777211199288614596e-01,2.098712500463901509e-01
5.249468316922909580e+06,-4.657072739086757065e+05,-5.401056975006213179e+02,5.808800212752582848e-01,1.120715616985747065e+00,6.889804505362084885e-02,-1.847728088578434172e-03,3.437546625042240279e-03,-9.777192147188734639e-01,2.098806960139804612e-01
5.249468328665162437e+06,-4.657072518009687192e+05,-5.401043463938473224e+02,5.781279476684683116e-01,1.121254750507650888e+00,6.700497583068858176e-02,-1.854892577060341698e-03,3.428455769116716886e-03,-9.777174942921716960e-01,2.098887958739419080e-01
5.249468340359397233e+06,-4.657072296804317157e+05,-5.401030206921457193e+02,5.759393280461662101e-01,1.122271456721148475e+00,6.635201582000753440e-02,-1.863044492559477044e-03,3.414620515927960665e-03,-9.777226972370066660e-01,2.098647110690703976e-01
5.249468352015241981e+06,-4.657072075414060964e+05,-5.401017086089257191e+02,5.741498041979450351e-01,1.123376754416172130e+00,6.563691542177793603e-02,-1.879343850878187035e-03,3.422290394393088641e-03,-9.777291101361496040e-01,2.098345619745442536e-01
5.249468363636754453e+06,-4.657071853824295104e+05,-5.401004034152691702e+02,5.723654635785440092e-01,1.124545268487267213e+00,6.566633889122260037e-02,-1.889292745389449697e-03,3.464946219887281124e-03,-9.777376349759688834e-01,2.097940468240093448e-01
5.249468375220919959e+06,-4.657071632052477216e+05,-5.400991086278676221e+02,5.702746311030546522e-01,1.125467859676827276e+00,6.458430029607072076e-02,-1.882885505423918153e-03,3.505310693027494963e-03,-9.777373494294020473e-01,2.097947646608707695e-01
5.249468386761978269e+06,-4.657071410167739377e+05,-5.400978265255811266e+02,5.679211409145412670e-01,1.125933647589925757e+00,6.439746704400382826e-02,-1.859575854078588265e-03,3.509711387589630090e-03,-9.777378802020902926e-01,2.097924253375267334e-01
5.249468398257274181e+06,-4.657071188191384426e+05,-5.400965548273173908e+02,5.655573590795770489e-01,1.126649684007235086e+00,6.353497590026059572e-02,-1.859988872304860208e-03,3.524238850879408882e-03,-9.777288539221415942e-01,2.098342407610507832e-01
5.249468409700909629e+06,-4.657070966068754788e+05,-5.400952975848409778e+02,5.626051738385110523e-01,1.127691259625249964e+00,6.294635519961552794e-02,-1.854537406925935508e-03,3.535546312331774681e-03,-9.777322569921484963e-01,2.098182414484781877e-01
5.249468421089591458e+06,-4.657070743722723564e+05,-5.400940523330496035e+02,5.599034687541757371e-01,1.129197431101780946e+00,6.232856831743543297e-02,-1.797328322886256090e-03,3.561803765538379754e-03,-9.777401684012438920e-01,2.097814254472641082e-01
5.249468432434235699e+06,-4.657070521117336466e+05,-5.400928216674259374e+02,5.580501300913678353e-01,1.130585560751342200e+00,6.147968609142730190e-02,-1.829375465069043227e-03,3.595237413335455098e-03,-9.777511694266491915e-01,2.097292982405504214e-01
5.249468443734192289e+06,-4.657070298321223236e+05,-5.400916123425090518e+02,5.552868311452467953e-01,1.131393652795002591e+00,6.017865825266520419e-02,-1.803442733296698689e-03,3.613049300462481839e-03,-9.777549798614106891e-01,2.097114518234850788e-01
5.249468454987472855e+06,-4.657070075365455123e+05,-5.400904325402573249e+02,5.532337693173537962e-01,1.132478605612811995e+00,5.850749798106667093e-02,-1.803926441712580542e-03,3.592182997757585507e-03,-9.777686632628701524e-01,2.096479988250879167e-01
5.249468466194015928e+06,-4.657069852253116551e+05,-5.400892855315640873e+02,5.504629835436054552e-01,1.133247508165154516e+00,5.687973778788931595e-02,-1.808977558586705777e-03,3.577606288985940314e-03,-9.777664265099756946e-01,2.096586361710178481e-01
5.249468477351000533e+06,-4.657069628957089735e+05,-5.400881653492211854e+02,5.481182007397970013e-01,1.134627313512509339e+00,5.581279121722548808e-02,-1.805392662732742664e-03,3.549344018087111519e-03,-9.777701363219044595e-01,2.096418456034819522e-01
5.249468488464122638e+06,-4.657069405444370350e+05,-5.400870679992190162e+02,5.459215772008236822e-01,1.135710609725701703e+00,5.458141848711647870e-02,-1.766419849582739638e-03,3.481819975458739971e-03,-9.777675251935757927e-01,2.096554877952781781e-01
5.249468499526552856e+06,-4.657069181740902131e+05,-5.400857551400254124e+02,5.428911009947463562e-01,1.136818293406758107e+00,7.768859416549445118e-02,-1.818434186254812420e-03,3.063999173453016249e-03,-9.776894298240442760e-01,2.100254370535590831e-01
5.249468510536546819e+06,-4.657068957881066599e+05,-5.400837782450802251e+02,5.405011825980977624e-01,1.137348713453326665e+00,1.216139217386779103e-01,-2.140264618779847468e-03,1.332027176812096382e-03,-9.772517750253223445e-01,2.120674736213651879e-01
5.249468521500341594e+06,-4.657068733888937859e+05,-5.400808643256182222e+02,5.380518493292122395e-01,1.138009736359061108e+00,1.721293513475269099e-01,-2.792348386850092810e-03,-1.401691217468289301e-03,-9.763820957876095941e-01,2.160283343817413493e-01
5.249468532417168841e+06,-4.657068509795947466e+05,-5.400769635099271682e+02,5.355549684264776511e-01,1.137902108999796269e+00,2.210357857717112351e-01,-3.781280197936524087e-03,-4.576200171549475032e-03,-9.749076639908189623e-01,2.225304634615130617e-01
5.249468543278767727e+06,-4.657068285777657293e+05,-5.400721218710644962e+02,5.322821393835459602e-01,1.136511190442939245e+00,2.669085287288174291e-01,-4.835219749589094763e-03,-7.631153619611276244e-03,-9.728730528901953223e-01,2.311631658633974684e-01
5.249468554081507027e+06,-4.657068062071425957e+05,-5.400664137157654068e+02,5.294681518539772203e-01,1.133740819522807142e+00,3.083280026263684470e-01,-5.941188328951255149e-03,-1.031480170712459517e-02,-9.703068752953698528e-01,2.415840951529059921e-01
5.249468564829190262e+06,-4.657067838876922615e+05,-5.400599281002620273e+02,5.266311602422314442e-01,1.130028425490879673e+00,3.452369123014361607e-01,-7.083804940713522673e-03,-1.254763181228751336e-02,-9.670333404477191586e-01,2.542418046199065862e-01
5.249468575511971489e+06,-4.657067616390183684e+05,-5.400527299779964778e+02,5.229284818114037225e-01,1.124958549584304857e+00,3.801315336642908660e-01,-8.058268837450272698e-03,-1.427628465252238875e-02,-9.629462583162362588e-01,2.691946427512685314e-01
5.249468586126253940e+06,-4.657067394708785578e+05,-5.400448091964549349e+02,5.198731868449150140e-01,1.119981542941418384e+00,4.181002059103520740e-01,-8.923539881682544112e-03,-1.545734002407695047e-02,-9.579813415712603586e-01,2.862746764045122627e-01
5.249468596680701710e+06,-4.657067173821160104e+05,-5.400360919957606711e+02,5.172361202489724752e-01,1.114763037413738056e+00,4.604282144488865969e-01,-9.492847411299102853e-03,-1.609177719063257725e-02,-9.521058241210215156e-01,3.051973792283176889e-01
5.249468607172860764e+06,-4.657066953711886890e+05,-5.400264986864028742e+02,5.141549217349252743e-01,1.109724557725682237e+00,5.064077961970905317e-01,-9.665924459882582753e-03,-1.601327454031459610e-02,-9.452359801171089648e-01,3.258513263428584605e-01
5.249468617599524558e+06,-4.657066734341691481e+05,-5.400159677899143844e+02,5.114755524738716641e-01,1.104715587096720464e+00,5.549091386037199314e-01,-9.397677452737738038e-03,-1.540285482981247969e-02,-9.373725634961376230e-01,3.478607666284623257e-01
5.249468627959053963e+06,-4.657066515715043060e+05,-5.400044597150154004e+02,5.085450192442202422e-01,1.099456389006893131e+00,6.048514871037861118e-01,-8.564325868720400539e-03,-1.415676000922950345e-02,-9.283647703818750374e-01,3.713018874256306945e-01
5.249468638256244361e+06,-4.657066297822045744e+05,-5.399919668354873465e+02,5.066994744843505982e-01,1.094476265282370520e+00,6.540982794527911981e-01,-7.411606924592084589e-03,-1.259494885280333654e-02,-9.183674636541466763e-01,3.954587678427353703e-01
5.249468648490245454e+06,-4.657066080588835175e+05,-5.399784970833197804e+02,5.040134800175470886e-01,1.089965386859304219e+00,7.032372067162768747e-01,-5.946064403621577170e-03,-1.072972441417690583e-02,-9.072728997788321870e-01,4.203634173775044891e-01
5.249468658662677743e+06,-4.657065863941136631e+05,-5.399640748232574197e+02,5.027482905684007575e-01,1.085731159474700558e+00,7.500074121633909519e-01,-4.189802501214826003e-03,-8.672972381097149644e-03,-8.950575643428911876e-01,4.458465897857893379e-01
5.249468668780588545e+06,-4.657065647807826172e+05,-5.399487539295724901e+02,5.011311335014718704e-01,1.082061703631542082e+00,7.937135229451650620e-01,-2.335082210364716141e-03,-6.458889779084671552e-03,-8.817329977840584476e-01,4.716987924042344016e-01
5.249468678845993243e+06,-4.657065432137112948e+05,-5.399325987924358969e+02,5.004943782126530794e-01,1.078500813819283310e+00,8.339984362200314472e-01,-3.718728403651431753e-04,-4.323137724899354419e-03,-8.672793835342464952e-01,4.978028154684898121e-01
5.249468688863996416e+06,-4.657065216784325894e+05,-5.399156795922276615e+02,4.997123781111010299e-01,1.076555781189884264e+00,8.706382390298853524e-01,1.573409800521239797e-03,-2.152097510247078915e-03,-8.517366743815705243e-01,5.239632910533938981e-01
5.249468698834862560e+06,-4.657065001585265272e+05,-5.398980798011797333e+02,4.994811720532364441e-01,1.074954257587035888e+00,9.025216774692372823e-01,3.357848155240081723e-03,-2.098017474841170217e-04,-8.350682330584481283e-01,5.501360985934881098e-01
5.249468708762360737e+06,-4.657064786383954925e+05,-5.398798875206207413e+02,4.993533015225686267e-01,1.074959003471853247e+00,9.303000562253106454e-01,5.063065000179555429e-03,1.698982021744258010e-03,-8.173368579248129207e-01,5.761353482568137840e-01
5.249468718647404574e+06,-4.657064571060062735e+05,-5.398611740118751641e+02,4.994765923677584873e-01,1.075012695353395831e+00,9.550321766912551746e-01,6.497246523277914847e-03,3.370083803033719662e-03,-7.986121082121581116e-01,6.018015694073787225e-01
5.249468728495869786e+06,-4.657064355536688236e+05,-5.398420072464147097e+02,5.001484688379155275e-01,1.076274973376167177e+00,9.759739164052271265e-01,7.716535832465730958e-03,4.882867881213465849e-03,-7.788493160701509543e-01,6.271446049643191190e-01
5.249468738308960572e+06,-4.657064139762006234e+05,-5.398224597474232951e+02,5.005059308203047008e-01,1.077395771564403359e+00,9.934225122560108590e-01,8.626963219002832875e-03,6.167453436814735249e-03,-7.580759300612969209e-01,6.520800735260453562e-01
5.249468748078947887e+06,-4.657063923664395115e+05,-5.398025991000175736e+02,5.004127273430153400e-01,1.079956138723537240e+00,1.007577223083996110e+00,9.199471133529741815e-03,7.189977589977207886e-03,-7.363402364000180000e-01,6.765107022193995734e-01
5.249468757806649432e+06,-4.657063707151219714e+05,-5.397824727580062927e+02,5.008292717876970945e-01,1.082572892336484349e+00,1.020274243492615751e+00,9.577912443546044569e-03,7.999545477920045819e-03,-7.137365462273995709e-01,7.003030868504155348e-01
5.249468767489385791e+06,-4.657063490260293474e+05,-5.397621127136089854e+02,5.002870057783720403e-01,1.085339478720093620e+00,1.031217049783314632e+00,9.732352274321008287e-03,8.622401802988267916e-03,-6.902193808039449596e-01,7.234833390464758818e-01
5.249468777123608626e+06,-4.657063272998993634e+05,-5.397415598907285812e+02,5.001449171278278261e-01,1.088450497983819654e+00,1.039800424814189217e+00,9.611238328381344065e-03,9.033944661279609545e-03,-6.659215429012436127e-01,7.459051619688172874e-01
5.249468786710850894e+06,-4.657063055345721659e+05,-5.397208641553206689e+02,4.994094006557538434e-01,1.091964435856348503e+00,1.045725900194517610e+00,9.233071853741250251e-03,9.281763097477113353e-03,-6.409290353450006750e-01,7.674884825980182734e-01
5.249468796239616349e+06,-4.657062837335887016e+05,-5.397000821959220502e+02,4.976430681744946072e-01,1.095166854595163164e+00,1.048597449688005723e+00,8.583721981483877564e-03,9.490924400585932022e-03,-6.155031379155213589e-01,7.880305383032873978e-01
5.249468805713474751e+06,-4.657062619085987681e+05,-5.396792616403953389e+02,4.968258563510817294e-01,1.097899606901207248e+00,1.049737485576057061e+00,7.617014878085470730e-03,9.624038391133295581e-03,-5.898795855799027210e-01,8.073979399881527907e-01
5.249468815137634054e+06,-4.657062400672170916e+05,-5.396584392675468962e+02,4.949862063524654854e-01,1.100580995126906769e+00,1.048898843868141251e+00,6.243067152214998132e-03,9.768546277048565860e-03,-5.644352173924771510e-01,8.253959564928550208e-01
5.249467785563873127e+06,-4.657076031585771125e+05,-5.397252833442875044e+02,3.155741459467057419e-01,8.669871585666074632e-01,1.036563072169957023e+00,4.125986815006917746e-03,9.987323933414959248e-03,-5.410117288836722160e-01,8.409499927194278301e-01
5.249467791596954688e+06,-4.657075859203255386e+05,-5.397047057345629355e+02,3.137418744494623879e-01,8.679472094680679151e-01,1.034347347543422169e+00,2.379377836286334681e-03,1.013664462092031017e-02,-5.162064614196072432e-01,8.564008852103892622e-01
5.249467797582467087e+06,-4.657075686896013212e+05,-5.396841771293346710e+02,3.113627795414224964e-01,8.682816022769159758e-01,1.031705596035422223e+00,6.181536874671479621e-04,1.019737254230757353e-02,-4.922806206419494957e-01,8.703765978144571980e-01
5.249467803511211649e+06,-4.657075514805311104e+05,-5.396637187349900842e+02,3.083456071249850994e-01,8.677876536449636857e-01,1.027342005634217958e+00,-1.141115679235907591e-03,1.025219516479506168e-02,-4.689125972822820732e-01,8.831843332297987237e-01
5.249467809384169988e+06,-4.657075343095491407e+05,-5.396433409337403191e+02,3.058556411885496318e-01,8.664013355103663550e-01,1.023665442751350740e+00,-2.735349854143331351e-03,1.025738608947272638e-02,-4.464491880563352666e-01,8.947460122172551378e-01
5.249467815201107413e+06,-4.657075171834401553e+05,-5.396230345753564279e+02,3.026218151822572811e-01,8.651148229230825049e-01,1.020214725819470925e+00,-4.158676617409453463e-03,1.019118461337988057e-02,-4.250056633424333374e-01,9.051237657329824771e-01
5.249467820957066491e+06,-4.657075001132559846e+05,-5.396027897858446067e+02,2.994674553550997764e-01,8.624856852890124825e-01,1.017530596110198582e+00,-5.335455851565141551e-03,1.009469321116043816e-02,-4.046313790967946411e-01,9.144085941922426297e-01
5.249467826649744995e+06,-4.657074831070794025e+05,-5.395826050459512544e+02,2.958921589414768571e-01,8.602607288587384993e-01,1.014219884521087023e+00,-6.246594558756758155e-03,9.955099795633172433e-03,-3.853544784655402733e-01,9.226937747559452729e-01
5.249467832282056101e+06,-4.657074661729763029e+05,-5.395624874284462749e+02,2.929273683157416763e-01,8.566817311866412599e-01,1.010824400362812625e+00,-6.830543094694779480e-03,9.759723422731356526e-03,-3.672009478508850844e-01,9.300653500584025180e-01
5.249467837862599641e+06,-4.657074493225264596e+05,-5.395424270128361286e+02,2.901568475793653845e-01,8.531731944887638308e-01,1.008517584298371794e+00,-7.112392446765927571e-03,9.488680830312888961e-03,-3.501873556550780808e-01,9.366046096144132749e-01
5.249467843392752111e+06,-4.657074325470922631e+05,-5.395224172487502301e+02,2.873034407748857322e-01,8.503446696848969699e-01,1.005770087262913171e+00,-7.171438320199365751e-03,9.140872228648585715e-03,-3.343421833309297986e-01,9.423801352822067656e-01
5.249467848867360502e+06,-4.657074158444225905e+05,-5.395024625599901356e+02,2.839805511586550035e-01,8.469140715499818839e-01,1.003018772399887348e+00,-6.915085439890451824e-03,8.768622518858909184e-03,-3.196575813083317730e-01,9.474673205794983399e-01
5.249467854281863198e+06,-4.657073992168814293e+05,-5.394825477134102130e+02,2.806854484543748196e-01,8.437309825344181391e-01,1.001813552281891839e+00,-6.325461505904874521e-03,8.349716738040706757e-03,-3.062638117968247697e-01,9.518890420380740069e-01
5.249467859643020667e+06,-4.657073826610841206e+05,-5.394626542485759728e+02,2.780411045778639068e-01,8.405689668531037828e-01,1.000912269899073781e+00,-5.597961326710382962e-03,7.862170431207462021e-03,-2.937104083849596536e-01,9.558457224430327859e-01
5.249467864964051172e+06,-4.657073661777487141e+05,-5.394427804855738486e+02,2.760923178984043824e-01,8.372265656656335819e-01,9.998727603996253599e-01,-4.701211448476743868e-03,7.406356459602228895e-03,-2.821949061637131217e-01,9.593169858973826791e-01
5.249467870248038322e+06,-4.657073497607102618e+05,-5.394229239279528656e+02,2.737884008540742986e-01,8.346113315368943741e-01,9.992261224326818292e-01,-3.693316563416752362e-03,6.913290391599600723e-03,-2.716553098652627063e-01,9.623626958957307576e-01
5.249467875491616316e+06,-4.657073334006724181e+05,-5.394030768562975027e+02,2.715307233143580690e-01,8.321306001512162043e-01,9.989637487914930780e-01,-2.576658250152604260e-03,6.356551755242704528e-03,-2.620547332697986675e-01,9.650286378412875621e-01
5.249467880703688599e+06,-4.657073170911933994e+05,-5.393832315691730628e+02,2.701790398233463453e-01,8.301149247729119329e-01,9.990927413852206396e-01,-1.381775256477654453e-03,5.833258169212851216e-03,-2.534853622743092338e-01,9.673206474120771281e-01
5.249467885894480161e+06,-4.657073008259194321e+05,-5.393633868021353237e+02,2.689686080692474390e-01,8.282274121790335064e-01,9.989533438107842667e-01,-1.847011900844011060e-04,5.321532897423234161e-03,-2.455574041457452283e-01,9.693674269558498757e-01
5.249467891067301854e+06,-4.657072846002436709e+05,-5.393435468436366591e+02,2.679824544293901711e-01,8.266377195339433825e-01,9.986517949174187336e-01,1.015502908106694167e-03,4.753414115265430090e-03,-2.383810804537203898e-01,9.711595308137850324e-01
5.249467896233863197e+06,-4.657072684026081115e+05,-5.393237077117240688e+02,2.679977258909531090e-01,8.259092400814630475e-01,9.989190862792776127e-01,2.128636315902192582e-03,4.145025079251214196e-03,-2.319425609229005814e-01,9.727183231067632052e-01
5.249467901402408257e+06,-4.657072522245677537e+05,-5.393038642989484970e+02,2.678641328018991907e-01,8.251198911707507966e-01,9.991274559011213974e-01,3.205129482518517901e-03,3.560714066105465266e-03,-2.261413634907621650e-01,9.740827132124889598e-01
5.249467906586444005e+06,-4.657072360628393944e+05,-5.392840157789443083e+02,2.692876204437397725e-01,8.247222325802385789e-01,9.994801234865831052e-01,4.162872339836271723e-03,3.033273094495915825e-03,-2.210295106187364633e-01,9.752535184167906435e-01
5.249467911795113236e+06,-4.657072199110318325e+05,-5.392641543792784660e+02,2.700993191476958599e-01,8.245367001095963433e-01,1.000474261895122119e+00,5.115126989411000399e-03,2.534741156861126162e-03,-2.164650999542333532e-01,9.762736660718551729e-01
5.249467917022279464e+06,-4.657072037665048847e+05,-5.392442794393749637e+02,2.709293386185426811e-01,8.243822388794567191e-01,1.000885467032485598e+00,5.958116825898615403e-03,2.004494291548171350e-03,-2.123618993597000681e-01,9.771708686546334288e-01
5.249467922269158065e+06,-4.657071876200250117e+05,-5.392243977614984942e+02,2.719094992695879065e-01,8.251307111438493935e-01,1.001198501465144552e+00,6.687569656390062942e-03,1.523402892164131940e-03,-2.087175453733860764e-01,9.779519118593612559e-01
5.249467927541817538e+06,-4.657071714594396763e+05,-5.392045079869955089e+02,2.733813029024323438e-01,8.261917477100856333e-01,1.001749197447283635e+00,7.244291596357064350e-03,1.111888022135144091e-03,-2.054713771581313797e-01,9.786356815042843715e-01
5.249467932845346630e+06,-4.657071552808729466e+05,-5.391846105874240038e+02,2.749023926375340765e-01,8.273091584314486990e-01,1.002011463267520774e+00,7.750229596801889130e-03,7.139911190792025278e-04,-2.027066380065365991e-01,9.792085799594787421e-01
5.249467938178311102e+06,-4.657071390842981637e+05,-5.391647146739892378e+02,2.762466017860165102e-01,8.283538394613207956e-01,1.001642501938388330e+00,8.188091237614139942e-03,3.354705908148582845e-04,-2.002372367466032643e-01,9.797131680454848057e-01
5.249467943555546924e+06,-4.657071228642874630e+05,-5.391448206772307685e+02,2.792980376799233944e-01,8.300547731154753750e-01,1.001870789713928955e+00,8.511015903891930301e-03,3.260137934353790005e-05,-1.980733357961509122e-01,9.801502513351005863e-01
5.249467948991565034e+06,-4.657071066221466172e+05,-5.391249293624109669e+02,2.820940752569474075e-01,8.309217457357714887e-01,1.001415743687090742e+00,8.735209419162663635e-03,-2.444699126067053545e-04,-1.961839628285907411e-01,9.805281684275840570e-01
5.249467954474464059e+06,-4.657070903676057933e+05,-5.391050373696654106e+02,2.839698547407059070e-01,8.316142934850587753e-01,1.001994022121235117e+00,8.907281975528513404e-03,-4.602470251396283346e-04,-1.945541108482757575e-01,9.808512356380650887e-01
5.249467959998502396e+06,-4.657070740964487777e+05,-5.390851447494463855e+02,2.862239541604745807e-01,8.329226941585643473e-01,1.001519935485702062e+00,9.014321993624981391e-03,-6.275315898383949974e-04,-1.931470123097469571e-01,9.811282178385750674e-01
5.249467965565770864e+06,-4.657070577957762871e+05,-5.390652651269468834e+02,2.883443937064656959e-01,8.349176065868366692e-01,1.000731700150220504e+00,9.101194174502058587e-03,-7.315483890870295731e-04,-1.919816498320837117e-01,9.813560410113503218e-01
5.249467971183939837e+06,-4.657070414681640104e+05,-5.390454003112772625e+02,2.913631387199828171e-01,8.359425890343542553e-01,1.000078624275289929e+00,9.144809621152863791e-03,-7.973150886191058065e-04,-1.909381137376401916e-01,9.815591543397198526e-01
5.249467976853601635e+06,-4.657070251219958882e+05,-5.390255481495607910e+02,2.935574811056740341e-01,8.370808248014628417e-01,9.995067538326508627e-01,9.161159222350072698e-03,-8.348005864289976099e-04,-1.900837363905318600e-01,9.817247829354408539e-01
5.249467982569801621e+06,-4.657070087429744890e+05,-5.390057099652830175e+02,2.961256703379475108e-01,8.395888030403635405e-01,9.987190674563205528e-01,9.138816741756284126e-03,-8.002697667487189241e-04,-1.893644961721591691e-01,9.818640074809016349e-01
5.249467988330462947e+06,-4.657069923238977208e+05,-5.389858926572773044e+02,2.981110495252096149e-01,8.414033383941887934e-01,9.974502666446188881e-01,9.074160410754608663e-03,-7.257555617272647662e-04,-1.887961280333183833e-01,9.819741111309678860e-01
5.249467994132143445e+06,-4.657069758759300457e+05,-5.389660967158089306e+02,3.003341814433159174e-01,8.427802279098051130e-01,9.966197493110315886e-01,8.987302304525600014e-03,-6.776581696877875122e-04,-1.883355129432279507e-01,9.820633908975625603e-01
5.249467999976361170e+06,-4.657069594048670260e+05,-5.389463160639091939e+02,3.024744605281560195e-01,8.440058885344303707e-01,9.959610866384557282e-01,8.865528354823357451e-03,-6.133139341882284977e-04,-1.879374096336825506e-01,9.821408026924134393e-01
5.249468005867983215e+06,-4.657069429145213799e+05,-5.389265535066979282e+02,3.051915901826713906e-01,8.449994903589337358e-01,9.948437838508314979e-01,8.777797735033511864e-03,-5.408259636936099245e-04,-1.876285408303945967e-01,9.822006864384482672e-01
5.249468011810370721e+06,-4.657069264048102777e+05,-5.389068076874117423e+02,3.076821469625600769e-01,8.462355870564864935e-01,9.943295083875148821e-01,8.695829425369427587e-03,-4.659875553987397035e-04,-1.874292972857861950e-01,9.822394941791217082e-01
5.249468017799926922e+06,-4.657069098741303897e+05,-5.388870817860080251e+02,3.100396331284065443e-01,8.473829795732581438e-01,9.928808851510130262e-01,8.564359774332756456e-03,-3.709008808822353894e-04,-1.872470302177312307e-01,9.822754521257904825e-01
5.249468023827848956e+06,-4.657068933285882813e+05,-5.388673840072003713e+02,3.116384519449458823e-01,8.479709658617839985e-01,9.915473443798071829e-01,8.471069049282681576e-03,-3.057576809625602997e-04,-1.871240465248482920e-01,9.822997193899936086e-01
5.249468029887109995e+06,-4.657068767714904970e+05,-5.388477087727815160e+02,3.133026666954014106e-01,8.487977877583799957e-01,9.906631438076711760e-01,8.398480522468108542e-03,-2.428148996143351978e-04,-1.870412012380990308e-01,9.823161383207222874e-01
5.249468035983713344e+06,-4.657068601995631470e+05,-5.388280603154414621e+02,3.155127631391288490e-01,8.497253034385890968e-01,9.888938995109470831e-01,8.282255548802745088e-03,-1.697503375031546888e-04,-1.870217956288418026e-01,9.823208352609136274e-01
5.249468042117338628e+06,-4.657068436079915264e+05,-5.388084431484118113e+02,3.171486271724158201e-01,8.510405680510383375e-01,9.875646586050806919e-01,8.198652286682527393e-03,-1.316802091005274877e-04,-1.870111165707335210e-01,9.823235755289903004e-01
5.249468048288862221e+06,-4.657068269984811195e+05,-5.387888472003428433e+02,3.194338225295431655e-01,8.517898854394678754e-01,9.868108857699848802e-01,8.087194381641873292e-03,-1.395483737440652097e-04,-1.869972502485804378e-01,9.823271380822393706e-01
5.249468054504508153e+06,-4.657068103694535675e+05,-5.387692709687105435e+02,3.217050271384293558e-01,8.532961546462637381e-01,9.856259919899160726e-01,7.967295641018105889e-03,-2.027978885146890188e-04,-1.870123133885156774e-01,9.823252392738112126e-01
5.249468060761975124e+06,-4.657067937260548933e+05,-5.387497195921827142e+02,3.237428584306624724e-01,8.534667114697168655e-01,9.843565258707751564e-01,7.852523451049982228e-03,-1.751615991462080282e-04,-1.870479484067524567e-01,9.823193840043989988e-01
5.249468067055378109e+06,-4.657067770784271415e+05,-5.387301974649345766e+02,3.254228631317009901e-01,8.539697489050099843e-01,9.827269130941203024e-01,7.709374393044078795e-03,-1.931522747738799559e-04,-1.870525845700920786e-01,9.823196317107839581e-01
5.249467277334674262e+06,-4.657079419352800469e+05,-5.387735566109369074e+02,2.045944980888744769e-01,6.619638912744328918e-01,9.727895224668801077e-01,7.160914603695793003e-03,1.018712773280355777e-05,-1.884581704991415696e-01,9.820562240338891469e-01
5.249467281335628591e+06,-4.657079289227125118e+05,-5.387542407047914139e+02,2.062895994467397187e-01,6.621593798920235585e-01,9.707425046758354492e-01,6.974550703017272368e-03,-6.954619749833997789e-06,-1.885055302372278252e-01,9.820473617215018658e-01
5.249467285377910361e+06,-4.657079158978653722e+05,-5.387349705727122000e+02,2.088199355376962885e-01,6.633799057658301690e-01,9.682229921280915974e-01,6.813332446875188832e-03,-3.040562529994284791e-05,-1.885691385812370557e-01,9.820362811786786938e-01
5.249467289460197091e+06,-4.657079028535601683e+05,-5.387157324121101283e+02,2.103770584430772750e-01,6.642704461572593866e-01,9.675785654236791489e-01,6.645222751471861408e-03,-2.828294751481397247e-05,-1.886484952566813700e-01,9.820221919346312500e-01
5.249467293574399315e+06,-4.657078897949832608e+05,-5.386965179130302204e+02,2.120952704071327466e-01,6.649695597804932135e-01,9.658772146572328632e-01,6.444551468897732893e-03,-3.224788292860322037e-05,-1.887193326192536380e-01,9.820099185915736051e-01
5.249467297724595293e+06,-4.657078767309059040e+05,-5.386773279659857963e+02,2.140557041154352858e-01,6.649637341382259592e-01,9.651554893394113099e-01,6.228023529487169453e-03,2.347913924255002599e-05,-1.887969071490040451e-01,9.819964047911075022e-01
5.249467301913958974e+06,-4.657078636670029373e+05,-5.386581521311004508e+02,2.160913088173383456e-01,6.651026018607928414e-01,9.644990185370827529e-01,6.007628658127673119e-03,6.835062182187553331e-05,-1.888340946941914900e-01,9.819906254171502091e-01
5.249467306137721054e+06,-4.657078506018263870e+05,-5.386389984776628808e+02,2.175732560325986664e-01,6.652333506938178376e-01,9.629594155324318061e-01,5.756415253258216451e-03,1.207009465035240286e-04,-1.888887528813115169e-01,9.819816129387032300e-01
5.249467310400684364e+06,-4.657078375348925474e+05,-5.386198739276646847e+02,2.200967885316965356e-01,6.654370649236408530e-01,9.616133605657011252e-01,5.543753570585749010e-03,1.968470346192119239e-04,-1.889278209100922201e-01,9.819753085153400951e-01
5.249467314715859480e+06,-4.657078244751963648e+05,-5.386007795355291137e+02,2.228642968442614281e-01,6.646417494733457554e-01,9.599643428054955852e-01,5.274234280353279694e-03,2.561840640084320849e-04,-1.889723278061786194e-01,9.819682154459148382e-01
5.249467319073259830e+06,-4.657078114228105987e+05,-5.385817111803963826e+02,2.243973779935914681e-01,6.648538423306246115e-01,9.590393343019441019e-01,5.011142849114458980e-03,2.835791056026912543e-04,-1.890179843209606469e-01,9.819607984199354433e-01
5.249467323466343805e+06,-4.657077983686188818e+05,-5.385626708451104605e+02,2.265135926759776486e-01,6.649748264555170874e-01,9.571805270608099159e-01,4.770254192779493571e-03,3.331713871373947317e-04,-1.890595293644920794e-01,9.819539846796693228e-01
5.249467327892728150e+06,-4.657077853236983065e+05,-5.385436660166168394e+02,2.277904502123963282e-01,6.640334756902285251e-01,9.555085460190396729e-01,4.551888900944203384e-03,4.130869851540813135e-04,-1.890932894407894305e-01,9.819484902758797151e-01
5.249467332349266857e+06,-4.657077722958356608e+05,-5.385246938404045522e+02,2.295978065088233600e-01,6.633934761328293961e-01,9.539366502872692610e-01,4.344994278933569411e-03,4.552844489249121369e-04,-1.891453128932251704e-01,9.819393893470991230e-01
5.249467336844424717e+06,-4.657077592771100462e+05,-5.385057499177564750e+02,2.317359256845507032e-01,6.632631794011603077e-01,9.527090857349308495e-01,4.128237975280600082e-03,5.322331408093997421e-04,-1.892429110169518425e-01,9.819214810813434724e-01
5.249467341376499273e+06,-4.657077462692986010e+05,-5.384868327741211260e+02,2.333520175788250661e-01,6.624189571350621586e-01,9.512817447557354589e-01,3.938404019896985485e-03,5.597369465634470043e-04,-1.892597414038067749e-01,9.819190017267920290e-01
5.249467345944423229e+06,-4.657077332774528768e+05,-5.384679461911568978e+02,2.353897057324193520e-01,6.617963571742744300e-01,9.496738906724696561e-01,3.743605398967115097e-03,5.850443943529132305e-04,-1.892929052392974543e-01,9.819133562426944906e-01
5.249467350549591705e+06,-4.657077202952360967e+05,-5.384490865184668564e+02,2.371502945255266337e-01,6.615963031340182932e-01,9.486186220467806018e-01,3.560282913653256033e-03,6.093815585724183387e-04,-1.893074325026735949e-01,9.819112225853178222e-01
5.249467355189016089e+06,-4.657077073259489262e+05,-5.384302512058950470e+02,2.388776892594939028e-01,6.606174253306875688e-01,9.472616866662593171e-01,3.397242972275876099e-03,6.319765562968958318e-04,-1.893424770574857752e-01,9.819050288737790622e-01
5.249467359858933836e+06,-4.657076943736132234e+05,-5.384114450487110162e+02,2.402696459427031417e-01,6.600215442195284110e-01,9.457245820263161518e-01,3.219736020327501787e-03,7.213909935661908315e-04,-1.893461303541924268e-01,9.819048608775463594e-01
5.249467364556226879e+06,-4.657076814376570401e+05,-5.383926649652433980e+02,2.416770751048357424e-01,6.590908015371527151e-01,9.446820118095595742e-01,3.070201255944917003e-03,7.645974683070183792e-04,-1.893452384198414662e-01,9.819054791285997119e-01
5.249467369274140336e+06,-4.657076685231010197e+05,-5.383739034756664523e+02,2.423910314541460331e-01,6.579748648269537759e-01,9.438959383633402922e-01,2.917436348210726994e-03,8.456738359431013267e-04,-1.893658940691037851e-01,9.819018950813789282e-01
5.249467374008836225e+06,-4.657076556273683091e+05,-5.383551659378892964e+02,2.434187936449932754e-01,6.573236306002385732e-01,9.423075045485411749e-01,2.763425064338786812e-03,8.559989690406526923e-04,-1.893911575029147976e-01,9.818974591104040472e-01
5.249467378758884035e+06,-4.657076427547048079e+05,-5.383364535138466636e+02,2.439696317146464177e-01,6.557468113741319327e-01,9.414137203804330278e-01,2.627589812774283693e-03,8.276062081003381131e-04,-1.894102845208422148e-01,9.818941668823387703e-01
5.249467383522881195e+06,-4.657076299127959646e+05,-5.383177714128498792e+02,2.448604452006544197e-01,6.543372984948044868e-01,9.392885079310823171e-01,2.455394495153217106e-03,8.402794892293225090e-04,-1.893746254739930579e-01,9.819014798822399692e-01
5.249467388300818391e+06,-4.657076170905652689e+05,-5.382991169941541330e+02,2.454296380230767960e-01,6.538941466864686136e-01,9.386787011267920811e-01,2.323290008500661103e-03,8.747889623444825725e-04,-1.893769147809849229e-01,9.819013296741909702e-01
5.249467393098335713e+06,-4.657076042897675652e+05,-5.382804754274216066e+02,2.468646604578380865e-01,6.522850557129254989e-01,9.380359391110406619e-01,2.145142108963090342e-03,8.569164247458801705e-04,-1.893709292708845027e-01,9.819029051829739618e-01
5.249467397924630903e+06,-4.657075915104170563e+05,-5.382618489103700767e+02,2.483740361655686346e-01,6.518823196470808767e-01,9.372043766132461817e-01,1.957083724556433601e-03,8.351988905604162050e-04,-1.893718663657006085e-01,9.819031360044623291e-01
5.249467402768405154e+06,-4.657075787502743769e+05,-5.382432312020910103e+02,2.486528956455852368e-01,6.504450854547835226e-01,9.371957929219996153e-01,1.799743170630607649e-03,7.853464340487264573e-04,-1.893514666573287986e-01,9.819074122494145795e-01
5.249467407625164837e+06,-4.657075660201268038e+05,-5.382246256866070553e+02,2.497158812518857629e-01,6.489737122298940841e-01,9.360105884707741186e-01,1.596403703663397226e-03,7.641264032151021037e-04,-1.893040194391941433e-01,9.819169291902213326e-01
5.249467412507335655e+06,-4.657075533109218231e+05,-5.382060417621265742e+02,2.512524296842971183e-01,6.484846089604968666e-01,9.350658390806029230e-01,1.407643957153426701e-03,6.722647957732630396e-04,-1.892720019814504717e-01,9.819234572331044797e-01
5.249467417417229153e+06,-4.657075406198471901e+05,-5.381874796387993456e+02,2.525361563139815191e-01,6.472637869355012397e-01,9.338557552428780051e-01,1.210516819134709737e-03,6.282893478543922919e-04,-1.892395061795508482e-01,9.819300123749148401e-01
5.249467422358272597e+06,-4.657075279622676899e+05,-5.381689382332712057e+02,2.544015551577164524e-01,6.452199145022937676e-01,9.330241720872491928e-01,1.021024528801438985e-03,5.448028660302109156e-04,-1.892065807203480998e-01,9.819366224512817709e-01
5.249467427330343984e+06,-4.657075153369473410e+05,-5.381504151274137939e+02,2.556927553899525640e-01,6.441445021761430523e-01,9.320543120565014661e-01,8.502926801929852662e-04,5.050748801375004203e-04,-1.892195264371900054e-01,9.819343118135694937e-01
5.249467432321953587e+06,-4.657075027417131932e+05,-5.381319188487442489e+02,2.563911198175248818e-01,6.422812069741444807e-01,9.303597779681311852e-01,7.186903495187624757e-04,4.907042300627827451e-04,-1.891723764955144660e-01,9.819435088969065140e-01
5.249467437326534651e+06,-4.657074901811476448e+05,-5.381134503017322004e+02,2.570291552720700423e-01,6.407595217500229312e-01,9.293081400271725467e-01,5.956142005025897440e-04,4.836755395250221315e-04,-1.890763689017141702e-01,9.819620858387759776e-01
5.249467442354086787e+06,-4.657074776466497569e+05,-5.380950069946474059e+02,2.587486534267359750e-01,6.397898246755556739e-01,9.278579629195756739e-01,4.980243638913439382e-04,4.680464678011109019e-04,-1.890814378488286929e-01,9.819611717198752920e-01
5.249467447412978858e+06,-4.657074651335081435e+05,-5.380765919739692436e+02,2.602190460051509446e-01,6.387331265983710038e-01,9.265028015568216313e-01,4.303434950531431964e-04,4.468580192190247649e-04,-1.890570653365618303e-01,9.819659063169867697e-01
5.249467452495137230e+06,-4.657074526455208543e+05,-5.380581955933005247e+02,2.611222500178853601e-01,6.373641232869287077e-01,9.260288777225592627e-01,3.150047961578259404e-04,4.397064953152899172e-04,-1.890161091501371682e-01,9.819738376923080603e-01
5.249467457601778209e+06,-4.657074401891278103e+05,-5.380398138323294006e+02,2.627129315108058805e-01,6.356615247451082862e-01,9.250692332183472200e-01,2.156757613008140266e-04,4.164847390194103974e-04,-1.890088944066453391e-01,9.819752633645414397e-01
5.249467462730955333e+06,-4.657074277655029437e+05,-5.380214531377259846e+02,2.634169455163786200e-01,6.341698072142240017e-01,9.239482495821160768e-01,1.308822573581886590e-04,3.747893410161314497e-04,-1.889678007434975326e-01,9.819832038712360545e-01
5.249467467872199602e+06,-4.657074153772856807e+05,-5.380031085678413092e+02,2.639542549096422497e-01,6.321811740954360603e-01,9.234915914399111081e-01,4.867412245361043844e-05,3.401378901030765989e-04,-1.889714278330296982e-01,9.819825260156470614e-01
5.249467473024405539e+06,-4.657074030257408740e+05,-5.379847769338226726e+02,2.645542927826652901e-01,6.305776685425364958e-01,9.226849059126249752e-01,-4.910685028672622844e-05,3.253455860363241195e-04,-1.889433533622935923e-01,9.819879332045126086e-01
5.249467478193705902e+06,-4.657073907066583633e+05,-5.379664721844170572e+02,2.657071673810458279e-01,6.290203794015742922e-01,9.208189620513422824e-01,-2.045736726844988099e-04,3.046805990339707462e-04,-1.889190204202546852e-01,9.819926013179036683e-01
5.249467483384469524e+06,-4.657073784277539817e+05,-5.379481925557555542e+02,2.667346620998051199e-01,6.266092745539491027e-01,9.202055100518575781e-01,-3.609241054357554927e-04,3.452392348635620356e-04,-1.889224117371089418e-01,9.819918904387230363e-01
5.249467488600317389e+06,-4.657073661944704945e+05,-5.379299255140962259e+02,2.682529502715016445e-01,6.245298906205017930e-01,9.195932083192055462e-01,-5.614168899803300122e-04,3.486512058681355878e-04,-1.888943970075810941e-01,9.819971843304308168e-01
5.249467493849219754e+06,-4.657073540088479058e+05,-5.379116785002149754e+02,2.700711233908206776e-01,6.218974079109819142e-01,9.182250457519104403e-01,-7.930274255083888000e-04,3.637034447581212254e-04,-1.888994456316708814e-01,9.819960479898650618e-01
5.249467499125053175e+06,-4.657073418765573879e+05,-5.378934519215478076e+02,2.709715802947003649e-01,6.192344172373744904e-01,9.175817742676984912e-01,-1.037964246185786327e-03,3.829391906584017733e-04,-1.889097841095809249e-01,9.819938235324326969e-01
5.249467504421496764e+06,-4.657073298007095000e+05,-5.378752405995639947e+02,2.721548262257673656e-01,6.162834862358982368e-01,9.167285053859023369e-01,-1.216317962351647769e-03,4.166209472416056614e-04,-1.889026679595179059e-01,9.819949740379375624e-01
5.249467509740868583e+06,-4.657073177866726182e+05,-5.378570462256700466e+02,2.732801735118976505e-01,6.130728542884438248e-01,9.159165082491452781e-01,-1.359165269047152465e-03,4.399280981629437770e-04,-1.888784137313446465e-01,9.819994419345570158e-01
5.249467515088680200e+06,-4.657073058275601943e+05,-5.378388651571913215e+02,2.750427812472754363e-01,6.108555326789845141e-01,9.154328392226047661e-01,-1.486521851231333447e-03,4.941713092713347338e-04,-1.889025636200338532e-01,9.819945862914484236e-01
5.249466885154651478e+06,-4.657082797314184718e+05,-5.378575121764799860e+02,1.880990438671605314e-01,4.559401998268416412e-01,9.090289434666432022e-01,-1.952145478515896360e-03,7.066436091164481070e-04,-1.898824160931652238e-01,9.818052736876562436e-01
5.249466888856043108e+06,-4.657082707889135927e+05,-5.378394454805735450e+02,1.892329757188703498e-01,4.530958835276199248e-01,9.083858649765205184e-01,-2.046775951398804166e-03,7.415237259735152527e-04,-1.897962513480731528e-01,9.818210854453786052e-01
5.249466892581595108e+06,-4.657082619019731064e+05,-5.378213892646284648e+02,1.905235291522274221e-01,4.503973772385667096e-01,9.080111902500987986e-01,-2.126675372005420138e-03,7.483765260918706207e-04,-1.897439679309476102e-01,9.818310159179219898e-01
5.249466896338124759e+06,-4.657082530687801773e+05,-5.378033507148251147e+02,1.923453389268894309e-01,4.477395667168859728e-01,9.066379903886568892e-01,-2.203424452796839787e-03,8.214656032240396852e-04,-1.896879693194995498e-01,9.818416086164608592e-01
5.249466900126517750e+06,-4.657082442899264861e+05,-5.377853391799761766e+02,1.937190340445385239e-01,4.449741026529424603e-01,9.053290025543138109e-01,-2.268861876226113856e-03,8.506220888758511114e-04,-1.896480864329937177e-01,9.818491391350975261e-01
5.249466903937474824e+06,-4.657082355677758460e+05,-5.377673520103724059e+02,1.946056055261763673e-01,4.420702620211268141e-01,9.042229696527062099e-01,-2.332176641118029799e-03,8.658695456677245605e-04,-1.896072104524421931e-01,9.818568719353525376e-01
5.249466907768429257e+06,-4.657082269035243080e+05,-5.377493851877297857e+02,1.957225513582066534e-01,4.391886994502678387e-01,9.033181938946061029e-01,-2.363457075394274822e-03,8.504833460142868524e-04,-1.895646717699591977e-01,9.818650243112208020e-01
5.249466911624093540e+06,-4.657082182968488196e+05,-5.377314357470118011e+02,1.970826004419075628e-01,4.363193465555891271e-01,9.025098568507086139e-01,-2.407086207695972088e-03,8.512656181532002059e-04,-1.895345189436887789e-01,9.818707386473155552e-01
5.249466915502174757e+06,-4.657082097456617048e+05,-5.377135163912339522e+02,1.979708219395958091e-01,4.336450635151017363e-01,9.003183102721448172e-01,-2.412892373031555113e-03,8.577762207628051531e-04,-1.895006611272848640e-01,9.818772538372021463e-01
5.249466919396997429e+06,-4.657082012403038098e+05,-5.376956259787519912e+02,1.987740273862536045e-01,4.317630476470377676e-01,8.996423579257055714e-01,-2.472183724179650901e-03,8.684401310505095823e-04,-1.894723452126820251e-01,9.818825614701581772e-01
5.249466923302192241e+06,-4.657081927742965054e+05,-5.376777564153682079e+02,1.990206326983889329e-01,4.297245725963309559e-01,8.982515259795638141e-01,-2.521856356341814834e-03,8.841722666436551987e-04,-1.894534497521765115e-01,9.818860671468694346e-01
5.249466927220241167e+06,-4.657081843627428752e+05,-5.376599129180189038e+02,2.000594647992453290e-01,4.263006902508106322e-01,8.970558776221795316e-01,-2.578058005461797073e-03,9.294104996184756945e-04,-1.894807859836740993e-01,9.818806045320821463e-01
5.249466931147365831e+06,-4.657081760047432035e+05,-5.376420912759379007e+02,1.999395739877999068e-01,4.243824022578668309e-01,8.960890811089085028e-01,-2.665615676338503083e-03,9.231464491785823642e-04,-1.894835981718340778e-01,9.818798339500582895e-01
5.249466935081425123e+06,-4.657081676923351479e+05,-5.376242929572688354e+02,2.007604728950931616e-01,4.217439766530077794e-01,8.947419839029404631e-01,-2.759734971391209456e-03,9.624907990115488549e-04,-1.894728015595229798e-01,9.818816196180588651e-01
5.249466939028307796e+06,-4.657081594363210606e+05,-5.376065142877073413e+02,2.012234571164084884e-01,4.187293923396120388e-01,8.941515398106806289e-01,-2.874185249136039077e-03,1.022807276674709111e-03,-1.894674005614721823e-01,9.818822724996928430e-01
5.249466942994593643e+06,-4.657081512327310047e+05,-5.375887483862818499e+02,2.027154847249343639e-01,4.165250400502982786e-01,8.934921827529089811e-01,-3.017455087748522474e-03,1.047102994360765010e-03,-1.894296283570315320e-01,9.818891049608878818e-01
5.249466946993177757e+06,-4.657081430855537183e+05,-5.375709901594374287e+02,2.044506498697006014e-01,4.130785657602792371e-01,8.934178054834132077e-01,-3.146942367338769007e-03,1.060746169769817343e-03,-1.893865412865663733e-01,9.818969953875437140e-01
5.249466951019128785e+06,-4.657081349971224554e+05,-5.375532474448987159e+02,2.054590977895431048e-01,4.106614740767719485e-01,8.919579758556104299e-01,-3.270547947851144745e-03,1.034878338358118143e-03,-1.893772050916782967e-01,9.818984197639248901e-01
5.249466955059804022e+06,-4.657081269628496957e+05,-5.375355251449612979e+02,2.059205998071681198e-01,4.076481963893957561e-01,8.914041117045136131e-01,-3.418432826880638507e-03,1.042461034897838911e-03,-1.893912645271977058e-01,9.818951962979947101e-01
5.249466959114230238e+06,-4.657081189942947240e+05,-5.375178123319547012e+02,2.068268807642934803e-01,4.040626400200554302e-01,8.910392847633262781e-01,-3.552992789799971126e-03,1.073717274831848326e-03,-1.893947581292512172e-01,9.818940110658122000e-01
5.249466963189409114e+06,-4.657081110878607142e+05,-5.375001104245703800e+02,2.080030307245354926e-01,4.014403686029809348e-01,8.903398807292156603e-01,-3.728765649611667180e-03,1.118002067081799418e-03,-1.893687231109040803e-01,9.818983313387188439e-01
5.249466967283889651e+06,-4.657081032352065085e+05,-5.374824332455480089e+02,2.087566026461384616e-01,3.986799198948848821e-01,8.885794285967983930e-01,-3.854729098693593977e-03,1.099753798913893563e-03,-1.893559936766239515e-01,9.819003204318704769e-01
5.249466971393448301e+06,-4.657080954393911525e+05,-5.374647790010934614e+02,2.095090467460043182e-01,3.957459146110637316e-01,8.880748717394174596e-01,-3.936917284750972648e-03,1.096856893660155428e-03,-1.893307370442662563e-01,9.819048678959914067e-01
5.249466975519529544e+06,-4.657080877015959122e+05,-5.374471434606834919e+02,2.104081585964572010e-01,3.928699491065610894e-01,8.867270433230226567e-01,-3.953969994648409529e-03,1.089764290565922679e-03,-1.892897607520100944e-01,9.819127074286434498e-01
5.249466979664618149e+06,-4.657080800215326599e+05,-5.374295334511125475e+02,2.114099594645391378e-01,3.899643729232037392e-01,8.855417923081198017e-01,-4.009300448992893576e-03,1.083303904988055068e-03,-1.892899958571676311e-01,9.819124448907298186e-01
5.249466983828288503e+06,-4.657080724021908827e+05,-5.374119478087565085e+02,2.122615107003326118e-01,3.867781388074812421e-01,8.843095687994967369e-01,-4.058209532553898671e-03,1.093519546577822327e-03,-1.892675071134784781e-01,9.819165676888164107e-01
5.249466988008494489e+06,-4.657080648435191833e+05,-5.373943849238527264e+02,2.130618482156762250e-01,3.838856882429773076e-01,8.832879922295671093e-01,-4.033781339518306870e-03,1.082806032949605894e-03,-1.892367667074717763e-01,9.819226050283468288e-01
5.249466992205715738e+06,-4.657080573449184303e+05,-5.373768429855833801e+02,2.139620471273674940e-01,3.807507327720711654e-01,8.822364677501075558e-01,-3.985869070440919114e-03,1.128593531995344262e-03,-1.892144219897997914e-01,9.819270551501365629e-01
5.249466996415822767e+06,-4.657080499166848022e+05,-5.373593147919958710e+02,2.143315505404889687e-01,3.767971173664378948e-01,8.819441388665462123e-01,-3.941174031167131789e-03,1.148538930655390372e-03,-1.891744813125255664e-01,9.819349080392669737e-01
5.249467000644397922e+06,-4.657080425611323444e+05,-5.373418072434176338e+02,2.158035357773750440e-01,3.734636532683924259e-01,8.801844385170473073e-01,-3.906501403321889498e-03,1.129427450891243951e-03,-1.891670088974093389e-01,9.819365083270922279e-01
5.249467004898809828e+06,-4.657080352674294263e+05,-5.373243277780211429e+02,2.169122905151943392e-01,3.706040401378470905e-01,8.791575767278961839e-01,-3.890006435675150143e-03,1.077652689233807954e-03,-1.891437800529546520e-01,9.819411066771137619e-01
5.249467009176384658e+06,-4.657080280334210838e+05,-5.373068688026427253e+02,2.181179218275939302e-01,3.674760834105542107e-01,8.781575563195666012e-01,-3.891433343767685456e-03,1.108174995658836159e-03,-1.891190567282288737e-01,9.819458289932937456e-01
5.249467013472881168e+06,-4.657080208596094162e+05,-5.372894307489622179e+02,2.188027314371272236e-01,3.645657426544222091e-01,8.770865342315791180e-01,-3.861909650717859546e-03,1.113039518747038726e-03,-1.891328112395250782e-01,9.819432908828860107e-01
5.249467017784216441e+06,-4.657080137479928671e+05,-5.372720109254717045e+02,2.195932872584741014e-01,3.612254851816499857e-01,8.763598722548301412e-01,-3.858251382592967332e-03,1.116826639981974116e-03,-1.891463111101303884e-01,9.819407006476307265e-01
5.249467022117825225e+06,-4.657080067026154138e+05,-5.372546077537564315e+02,2.210291354459806845e-01,3.579177843080467714e-01,8.754445481223870340e-01,-3.867226350637654412e-03,1.186792847657449973e-03,-1.891463335780427801e-01,9.819405789443104160e-01
5.249467026472411118e+06,-4.657079997191670700e+05,-5.372372236435642208e+02,2.216915680019103663e-01,3.550102444489172115e-01,8.744761998314934948e-01,-3.865279216134088168e-03,1.251390627942889321e-03,-1.891525706006769170e-01,9.819393049846074639e-01
5.249467030837208033e+06,-4.657079927972862497e+05,-5.372198651317507938e+02,2.220421385584697427e-01,3.517216043126962788e-01,8.728990123244655397e-01,-3.851225104572707485e-03,1.306308653509647821e-03,-1.891646908667143079e-01,9.819369538583530010e-01
5.249467035216716118e+06,-4.657079859387506731e+05,-5.372025288179103200e+02,2.231619923848285614e-01,3.486534494664362827e-01,8.722834282738992639e-01,-3.836864440418010815e-03,1.368464283904331693e-03,-1.891431009611984904e-01,9.819410843507793141e-01
5.249467039619185962e+06,-4.657079791354394984e+05,-5.371852103028949159e+02,2.243481352442421306e-01,3.461964320231801229e-01,8.711395811323295879e-01,-3.807117175207307049e-03,1.429146011896692027e-03,-1.891352622244145409e-01,9.819426235703561101e-01
5.249467044039292261e+06,-4.657079723896615324e+05,-5.371679124056230421e+02,2.249164070411721617e-01,3.428605857856222294e-01,8.702447352707886052e-01,-3.801207877005859884e-03,1.482497382663740260e-03,-1.891240376399546674e-01,9.819447293037391056e-01
5.249467048473937437e+06,-4.657079656994046527e+05,-5.371506361974060155e+02,2.258120130791659574e-01,3.406448511201168872e-01,8.689896234248747353e-01,-3.791101159296006787e-03,1.538740086586770552e-03,-1.890834307407278647e-01,9.819525019321025949e-01
5.249467052929772995e+06,-4.657079590629738523e+05,-5.371333793698551062e+02,2.270330695071787197e-01,3.374502133879074273e-01,8.683331049801003010e-01,-3.766637490196959176e-03,1.603981044517596407e-03,-1.890726976435669893e-01,9.819545583646280829e-01
5.249467057403611019e+06,-4.657079524863096885e+05,-5.371161322016868098e+02,2.276066057923903097e-01,3.346465300688805655e-01,8.680549138991648928e-01,-3.796241214237761324e-03,1.589771704624009336e-03,-1.890703251464783685e-01,9.819549242852453341e-01
5.249467061889707111e+06,-4.657079459712572279e+05,-5.370989025598822764e+02,2.282454384718180518e-01,3.312462371479391043e-01,8.665959296876217799e-01,-3.734762741297736281e-03,1.602521084572743754e-03,-1.890549771185016936e-01,9.819580943709531606e-01
5.249467066390951164e+06,-4.657079395207262714e+05,-5.370817038327637647e+02,2.291134593819994236e-01,3.281648169829299855e-01,8.649768945709923607e-01,-3.685423132230763402e-03,1.606023568841273390e-03,-1.890348798230647998e-01,9.819621441559697184e-01
5.249467070903300308e+06,-4.657079331282727071e+05,-5.370645393241505872e+02,2.293492855733813285e-01,3.254102920058044579e-01,8.631851280471622978e-01,-3.641565528996147487e-03,1.605061469489040167e-03,-1.890280554561221960e-01,9.819636230681538791e-01
5.249467075420814566e+06,-4.657079267878769315e+05,-5.370474041620374237e+02,2.296276706747123197e-01,3.229408726574398703e-01,8.620622538903397469e-01,-3.571131208437246154e-03,1.587276850305808932e-03,-1.890307143044475113e-01,9.819633988210192399e-01
5.249467079942669719e+06,-4.657079204984273529e+05,-5.370302831936936627e+02,2.297793399378666168e-01,3.202885735709934401e-01,8.617971523307891291e-01,-3.490741426759252398e-03,1.591889043588193579e-03,-1.890455442104139461e-01,9.819608255059064650e-01
5.249467084476843476e+06,-4.657079142653342569e+05,-5.370131754036252687e+02,2.308528781510021111e-01,3.172791554304153494e-01,8.607655238040450296e-01,-3.411200281783129465e-03,1.559288468843372582e-03,-1.890783512523291077e-01,9.819548408253325755e-01
5.249467089027285576e+06,-4.657079080892097554e+05,-5.369960855973725984e+02,2.314006620885493137e-01,3.145675689176756218e-01,8.600237809212277762e-01,-3.316705053277915153e-03,1.539527201842618960e-03,-1.890719951109928743e-01,9.819564195975463150e-01
5.249467093598992564e+06,-4.657079019630014081e+05,-5.369790091479259218e+02,2.329870549894620391e-01,3.122927075011259213e-01,8.594577017823857856e-01,-3.260174105474674365e-03,1.522363027394404772e-03,-1.890443419633191513e-01,9.819619597763341590e-01
5.249466584568818100e+06,-4.657086784341516905e+05,-5.369660031845446611e+02,1.683154585848736229e-01,1.939561156571716349e-01,8.569100169182679583e-01,-3.463774394268696877e-03,1.649405477166617688e-03,-1.900867878266916944e-01,9.817604309621936753e-01
5.249466587908473797e+06,-4.657086746522866306e+05,-5.369489820865152296e+02,1.690736521786254110e-01,1.909222671523684300e-01,8.548885319383076054e-01,-3.426817650531974613e-03,1.676266137843415108e-03,-1.900645542851666092e-01,9.817641836292289037e-01
5.249466591264013201e+06,-4.657086709313567844e+05,-5.369319873190016779e+02,1.698890344285190757e-01,1.878247461804538332e-01,8.543000880937992036e-01,-3.404387121701998344e-03,1.702637717641760588e-03,-1.900227887865680032e-01,9.817723009512255850e-01
5.249466594629482366e+06,-4.657086672737722402e+05,-5.369150092866047999e+02,1.700489087102607932e-01,1.845363693461985199e-01,8.532326568504587927e-01,-3.374089717296854980e-03,1.780214034159083346e-03,-1.900122836101403034e-01,9.817743011680390985e-01
5.249466598010779358e+06,-4.657086636725083808e+05,-5.368980576937849492e+02,1.714699212926372729e-01,1.821773662852632925e-01,8.516686346722772694e-01,-3.377242269399570711e-03,1.836692193879630028e-03,-1.899842314902192852e-01,9.817796150774731334e-01
5.249466601413679309e+06,-4.657086601181139704e+05,-5.368811354234952660e+02,1.722034345182068826e-01,1.798272585704405457e-01,8.503150779465402653e-01,-3.395878339843414872e-03,1.880904732237923156e-03,-1.899678779195472234e-01,9.817826315262435655e-01
5.249466604832315817e+06,-4.657086566143133678e+05,-5.368642394671486500e+02,1.730349643835637774e-01,1.770857071902669500e-01,8.490528643920894902e-01,-3.390413797250372164e-03,1.957097160033006902e-03,-1.899518443039548421e-01,9.817856037397773017e-01
5.249466608264673501e+06,-4.657086531603382900e+05,-5.368473719163650912e+02,1.735717146943976941e-01,1.748202821683936259e-01,8.474868000915302124e-01,-3.399053721828330585e-03,2.060025909947174085e-03,-1.898973062464791028e-01,9.817959135215125199e-01
5.249466611707284115e+06,-4.657086497490702313e+05,-5.368305253814251046e+02,1.740588676484742525e-01,1.727966368833133703e-01,8.469756264843208982e-01,-3.364384865730263730e-03,2.132136287863866612e-03,-1.898752394828926437e-01,9.818001468429324863e-01
5.249466615161058493e+06,-4.657086463778547477e+05,-5.368136948160934026e+02,1.746860906618518672e-01,1.707989548561247573e-01,8.459077670671196758e-01,-3.333696172261646929e-03,2.173308843619168977e-03,-1.898690726533606432e-01,9.818013538636110038e-01
5.249466618625913747e+06,-4.657086430526903132e+05,-5.367968900114141206e+02,1.751556009733316321e-01,1.681565205696865239e-01,8.444122714043611477e-01,-3.287730393032176242e-03,2.220800313715930174e-03,-1.898387310616988510e-01,9.818072698161683931e-01
5.249466622107367031e+06,-4.657086397775554215e+05,-5.367801035247204027e+02,1.763412798675856596e-01,1.657752902814420282e-01,8.441025837698969969e-01,-3.270942188151769112e-03,2.271416131922515073e-03,-1.897909568223992149e-01,9.818164463455284485e-01
5.249466625606218353e+06,-4.657086365453957114e+05,-5.367633393590328978e+02,1.768916501740724623e-01,1.638430716781976715e-01,8.421881417847078000e-01,-3.265751983241573560e-03,2.287403351581726758e-03,-1.897796252934489114e-01,9.818186168908880074e-01
5.249466629122876562e+06,-4.657086333604507381e+05,-5.367465999156879661e+02,1.781124999761811711e-01,1.610208080532641861e-01,8.416542250536982461e-01,-3.230886809251336603e-03,2.347432465749134563e-03,-1.897696146731954470e-01,9.818205254924134984e-01
5.249466632661612704e+06,-4.657086302288325969e+05,-5.367298740485657618e+02,1.790884942534023416e-01,1.584832997553393408e-01,8.408511438983813369e-01,-3.209451164501722024e-03,2.340231115906936735e-03,-1.897392839353346239e-01,9.818264749299751015e-01
5.249466636212419719e+06,-4.657086271482206066e+05,-5.367131627559533626e+02,1.793041401059542739e-01,1.558826313463946012e-01,8.402192204887795057e-01,-3.133473393468034964e-03,2.330602703372157154e-03,-1.897307101997927625e-01,9.818284000999261130e-01
5.249466639768329449e+06,-4.657086241205973201e+05,-5.366964717253197250e+02,1.795800214825396535e-01,1.531437943714761551e-01,8.388384749111482686e-01,-3.019714337313143728e-03,2.284467831294764023e-03,-1.897355094454433733e-01,9.818279375673175657e-01
5.249466643327482045e+06,-4.657086211394725833e+05,-5.366798027442716830e+02,1.796187382961882961e-01,1.512106383507781093e-01,8.380347924347836264e-01,-2.874574046490796855e-03,2.229034651597151199e-03,-1.897213672492017444e-01,9.818312334804957242e-01
5.249466646892569028e+06,-4.657086182100134902e+05,-5.366631511352384223e+02,1.801486729751088367e-01,1.479238194163274567e-01,8.371200580734501351e-01,-2.726566537943197512e-03,2.180038033352654434e-03,-1.897458670477422948e-01,9.818270312063888117e-01
5.249466650464605540e+06,-4.657086153373728157e+05,-5.366465188631107139e+02,1.803000025890124369e-01,1.454922089878313285e-01,8.361192260044965074e-01,-2.642217445644604642e-03,2.191866031982095137e-03,-1.897237962380675380e-01,9.818315005903234249e-01
5.249466654044594616e+06,-4.657086125077655888e+05,-5.366299053965240091e+02,1.809414847316153929e-01,1.436029137990025573e-01,8.352596703397209277e-01,-2.586132665579356487e-03,2.228723352640250496e-03,-1.897241667920133712e-01,9.818314953418902924e-01
5.249466657643496990e+06,-4.657086097162385122e+05,-5.366132980363738625e+02,1.821898473883719061e-01,1.416731803611787910e-01,8.355423874717122779e-01,-2.592657116007604078e-03,2.243337865629816720e-03,-1.897034400069638471e-01,9.818354497643621004e-01
5.249466661266103387e+06,-4.657086069642891525e+05,-5.365966957814648595e+02,1.833107804873831403e-01,1.396273253056262154e-01,8.347704992140591029e-01,-2.615980194100413648e-03,2.323537911463066999e-03,-1.896741381386816971e-01,9.818408624317439548e-01
5.249466664909075014e+06,-4.657086042567475233e+05,-5.365801137609228135e+02,1.842151451922574290e-01,1.372028447811312335e-01,8.335343477318686300e-01,-2.673236243977162099e-03,2.350173556565930601e-03,-1.896405954236226876e-01,9.818471240777639775e-01
5.249466668565063737e+06,-4.657086015926136170e+05,-5.365635522914602689e+02,1.846061118160783332e-01,1.352639787572726682e-01,8.327361406771820462e-01,-2.778340515608841883e-03,2.397844927745366745e-03,-1.896357301969849030e-01,9.818476567148805012e-01
5.249466672231736593e+06,-4.657085989709231653e+05,-5.365470006751470464e+02,1.852720726728002143e-01,1.329284584898527410e-01,8.325773306746059310e-01,-2.905151055111795250e-03,2.431094363372275809e-03,-1.896171070923995672e-01,9.818508046417316892e-01
5.249466675908261910e+06,-4.657085963925673277e+05,-5.365304540925811807e+02,1.855843253295485218e-01,1.309033116748400116e-01,8.322593595712892700e-01,-2.985555714919464320e-03,2.502929504050507587e-03,-1.895900259736577609e-01,9.818556125278508073e-01
5.249466679603436030e+06,-4.657085938513741130e+05,-5.365139143008431120e+02,1.871400793035335464e-01,1.292087926004720777e-01,8.319250079839085599e-01,-3.108387549725769895e-03,2.547348470631191197e-03,-1.895906613017541986e-01,9.818549944314269862e-01
5.249466683319944888e+06,-4.657085913548129029e+05,-5.364973837357338198e+02,1.876967859231609692e-01,1.263946129971587895e-01,8.313598449792726219e-01,-3.216764129539465087e-03,2.559066380294695506e-03,-1.895633088102934849e-01,9.818598960955945421e-01
5.249466687052380294e+06,-4.657085889150070725e+05,-5.364808636126340389e+02,1.887148571265547803e-01,1.234891455192942550e-01,8.309054815268125394e-01,-3.304178549851852914e-03,2.599140715626342690e-03,-1.895509709191018077e-01,9.818618824943954326e-01
5.249466690799016505e+06,-4.657085865367693477e+05,-5.364643531539026071e+02,1.890856921109441979e-01,1.201760103236868826e-01,8.304171307547649761e-01,-3.434877919919344502e-03,2.581856698210241788e-03,-1.895595612619004888e-01,9.818598211374264251e-01
5.249466694557928480e+06,-4.657085842173250858e+05,-5.364478582652552632e+02,1.899257655973745351e-01,1.175714062479451816e-01,8.293658313610340338e-01,-3.465169997010504252e-03,2.585165167864864749e-03,-1.895571694048958644e-01,9.818601677659132276e-01
5.249466698333376087e+06,-4.657085819555623457e+05,-5.364313858002968800e+02,1.907149004508855716e-01,1.143500951738439103e-01,8.281903670606037826e-01,-3.470548870709856595e-03,2.615204449234841914e-03,-1.895772418584866503e-01,9.818561938317180715e-01
5.249466702125799842e+06,-4.657085797529893462e+05,-5.364149405923706126e+02,1.916022818569852182e-01,1.116103780353173980e-01,8.266512119373686795e-01,-3.489630249926540910e-03,2.582212228526680614e-03,-1.895727470067192777e-01,9.818570813785504336e-01
5.249466705933750607e+06,-4.657085776009937981e+05,-5.363985238597580292e+02,1.922515486019384101e-01,1.092576218402771387e-01,8.253570637268926591e-01,-3.449845146580489495e-03,2.556780416160885083e-03,-1.895586364113003019e-01,9.818600128350316592e-01
5.249466709746473469e+06,-4.657085754933105200e+05,-5.363821299451475397e+02,1.920616522811624260e-01,1.071413203351576776e-01,8.243875037028693953e-01,-3.371229881635151061e-03,2.516536930782818648e-03,-1.895717215255125487e-01,9.818578635673109734e-01
5.249466713565185666e+06,-4.657085734299791511e+05,-5.363657575671489894e+02,1.928348033850823262e-01,1.047881341001641181e-01,8.232191481457947768e-01,-3.261216998342713995e-03,2.482031939178775109e-03,-1.895556439984229513e-01,9.818614269893863877e-01
5.249466717390992679e+06,-4.657085714117679745e+05,-5.363494117077782448e+02,1.927547577282144320e-01,1.025878014520098663e-01,8.217475441225161603e-01,-3.116144953987213823e-03,2.480262416397715358e-03,-1.895626810395922013e-01,9.818605440164095421e-01
5.249466721226708032e+06,-4.657085694405712420e+05,-5.363330896364337832e+02,1.938085137621937681e-01,1.000495945698984396e-01,8.208594898991667943e-01,-3.012245259927325523e-03,2.445823955365632706e-03,-1.895573650462047954e-01,9.818619809731702341e-01
5.249466725077887066e+06,-4.657085675161401159e+05,-5.363167842298602181e+02,1.942859420403947879e-01,9.787736921638856558e-02,8.201018730833521397e-01,-2.945333838545972742e-03,2.423523119670090153e-03,-1.895402312469652295e-01,9.818655469478793085e-01
5.249466728938449174e+06,-4.657085656391224475e+05,-5.363004918488076100e+02,1.947269398744080615e-01,9.525973276747085050e-02,8.195806261502056600e-01,-2.870175649059580805e-03,2.435681009256105301e-03,-1.895611008825218158e-01,9.818617105183969906e-01
5.249466732808139175e+06,-4.657085638185031130e+05,-5.362842185164423654e+02,1.951695135225057220e-01,9.217510734283794471e-02,8.182096078866337718e-01,-2.797516286108598944e-03,2.421680651788279438e-03,-1.895778622888642795e-01,9.818587187042605580e-01
5.249466736689177342e+06,-4.657085620474407915e+05,-5.362679726164204794e+02,1.958509523149309095e-01,9.027970863510009769e-02,8.168506373291531952e-01,-2.804440289403214125e-03,2.397680098635249831e-03,-1.896193564892502403e-01,9.818507452202436259e-01
5.249466740583064966e+06,-4.657085603185025975e+05,-5.362517491983082891e+02,1.964360946006550590e-01,8.792280891895559725e-02,8.159806312308383047e-01,-2.791900542971371794e-03,2.385359332476021631e-03,-1.896167056564857512e-01,9.818513229039975698e-01
5.249466744491706602e+06,-4.657085586290085339e+05,-5.362355486420321995e+02,1.973198794596810191e-01,8.632118807719163511e-02,8.145772126779680100e-01,-2.763687881377751947e-03,2.352768074510238564e-03,-1.895950613992617440e-01,9.818556610850838196e-01
5.249466748415973037e+06,-4.657085569758081692e+05,-5.362193725799450021e+02,1.979853612637098303e-01,8.426202083535888621e-02,8.135485491752085796e-01,-2.764947831763068815e-03,2.357596934350148898e-03,-1.895731657055019226e-01,9.818598737318430247e-01
5.249466752354090102e+06,-4.657085553682487225e+05,-5.362032189768251556e+02,1.986857298324306298e-01,8.170959308098442453e-02,8.123463052227758441e-01,-2.768955281564502643e-03,2.404201409289887046e-03,-1.895324029510648267e-01,9.818676188437823749e-01
5.249466756313229911e+06,-4.657085538075726945e+05,-5.361870818930515270e+02,2.000780295974426692e-01,7.954739823649907560e-02,8.119218458821331197e-01,-2.790088798273012392e-03,2.420765353268604543e-03,-1.895425819358675379e-01,9.818655533894740106e-01
5.249466760292731225e+06,-4.657085522835314623e+05,-5.361709696844512791e+02,2.007171905741559903e-01,7.802913420237436726e-02,8.098630220544577041e-01,-2.802073083292846989e-03,2.432946068450941596e-03,-1.895693186158249610e-01,9.818603274394613889e-01
5.249466764284016564e+06,-4.657085507970330655e+05,-5.361548863777718452e+02,2.012387760747130494e-01,7.575130990788987717e-02,8.090515731511495057e-01,-2.816107151017801548e-03,2.457506126427067093e-03,-1.895489438919903680e-01,9.818641596848883824e-01
5.249466768279413693e+06,-4.657085493587959791e+05,-5.361388205757752985e+02,2.010976122913823994e-01,7.314340329650551031e-02,8.081304944110512256e-01,-2.795398992178081167e-03,2.431683728883366011e-03,-1.894946386225022650e-01,9.818747652283204008e-01
5.249466364928088151e+06,-4.657091320654437877e+05,-5.360921873206268629e+02,1.524128155646704563e-01,-1.265150730975793392e-02,8.085915097289658737e-01,-2.988830699595570756e-03,2.537123848581395759e-03,-1.907186753154893055e-01,9.816377797482015444e-01
5.249466367964877747e+06,-4.657091323558414588e+05,-5.360761162277202629e+02,1.520289426300296953e-01,-1.508452340303863097e-02,8.072863255172217922e-01,-2.949871860828796443e-03,2.515492566062691327e-03,-1.906912014474944628e-01,9.816424177080309565e-01
5.249466371008307673e+06,-4.657091327014737763e+05,-5.360600746313089076e+02,1.530481005935110383e-01,-1.823060850211289871e-02,8.056500124618011238e-01,-2.881466380126847596e-03,2.512136249053640875e-03,-1.906982668495004196e-01,9.816412569485682971e-01
5.249466374072236940e+06,-4.657091331073636538e+05,-5.360440627867718604e+02,1.540507561101926715e-01,-2.116110442548987947e-02,8.043225334964726470e-01,-2.842366396944241615e-03,2.476174700068551997e-03,-1.906646414169215209e-01,9.816479939497042562e-01
5.249466377163983881e+06,-4.657091335632994887e+05,-5.360280737902714918e+02,1.558144229963424887e-01,-2.325981228341620147e-02,8.033811558407150111e-01,-2.769032889371127789e-03,2.409593935802078861e-03,-1.906541146404662768e-01,9.816504137851638223e-01
5.249466380284770392e+06,-4.657091340689296485e+05,-5.360121044367808736e+02,1.569246853429858146e-01,-2.617969771291430922e-02,8.023728896003873290e-01,-2.649072141784935500e-03,2.306652558947799251e-03,-1.906440390072329238e-01,9.816529489395778851e-01
5.249466383425945416e+06,-4.657091346237114049e+05,-5.359961544410798524e+02,1.578343061938905223e-01,-2.820670519926521402e-02,8.014614872986223215e-01,-2.527340381498801615e-03,2.241246465430114278e-03,-1.906341076846918003e-01,9.816553500858329340e-01
5.249466386589309201e+06,-4.657091352303688764e+05,-5.359802231475756571e+02,1.591124178387118560e-01,-3.142377720787244838e-02,8.005180790259486256e-01,-2.435261557314096111e-03,2.199766123463747607e-03,-1.906244549020151280e-01,9.816575511467628967e-01
5.249466389778701589e+06,-4.657091358919031336e+05,-5.359643097670536918e+02,1.604179397600919987e-01,-3.373062899819848082e-02,7.996872445569283006e-01,-2.325020158807728377e-03,2.176762961623569890e-03,-1.905962244185859245e-01,9.816633512674548534e-01
5.249466392984271049e+06,-4.657091365975965164e+05,-5.359484167611857401e+02,1.607059620080950324e-01,-3.588173589207140080e-02,7.984933820830438789e-01,-2.252560024544789617e-03,2.132710106077850398e-03,-1.905696459921450425e-01,9.816687769035785660e-01
5.249466396209817380e+06,-4.657091373483908828e+05,-5.359325445124057978e+02,1.623937071218820860e-01,-3.827484750484794196e-02,7.976279587824659512e-01,-2.247530498369717210e-03,2.062739656473125058e-03,-1.905261696494467138e-01,9.816773769372904024e-01
5.249466399467138574e+06,-4.657091381498018745e+05,-5.359166852857285903e+02,1.638578312670504744e-01,-4.098789998233916265e-02,7.972125541866436071e-01,-2.264734585854295650e-03,2.032943580619950719e-03,-1.905104036519947031e-01,9.816804593237087317e-01
5.249466402745436877e+06,-4.657091390015178476e+05,-5.359008314406594309e+02,1.644652140028239062e-01,-4.334940073147085238e-02,7.971146644185055363e-01,-2.302545069388677122e-03,1.992970794093067936e-03,-1.905312403245645603e-01,9.816764094211496428e-01
5.249466406038517132e+06,-4.657091398930085124e+05,-5.358849885160637996e+02,1.653202718609923239e-01,-4.499161883870442941e-02,7.961359116205536379e-01,-2.308389654675374342e-03,1.966721275662185620e-03,-1.904944423554648658e-01,9.816835899495859330e-01
5.249466409357003868e+06,-4.657091408221088932e+05,-5.358691684906060573e+02,1.669862285565947846e-01,-4.714052664780746249e-02,7.948363428974281053e-01,-2.377719154288897990e-03,1.918780890380778793e-03,-1.904650520844868022e-01,9.816892220382028578e-01
5.249466412709313445e+06,-4.657091417882164824e+05,-5.358533748806157746e+02,1.686920914096091406e-01,-4.870849498310674680e-02,7.935059206811229116e-01,-2.458352348836807984e-03,1.901304950079457743e-03,-1.905105953444267974e-01,9.816802201352170520e-01
5.249466416086705402e+06,-4.657091427934239036e+05,-5.358375983626530115e+02,1.694689706607201696e-01,-5.109583029223048467e-02,7.931492164476141582e-01,-2.552686339642614138e-03,1.903337204524034815e-03,-1.905171329785264878e-01,9.816787066762630021e-01
5.249466419487653300e+06,-4.657091438474496827e+05,-5.358218327788812303e+02,1.710228079107848909e-01,-5.363208952776964827e-02,7.924304802043490303e-01,-2.609505767080013468e-03,1.876971062157229298e-03,-1.904905640395155864e-01,9.816837639847119101e-01
5.249466422912579961e+06,-4.657091449579397449e+05,-5.358060851269501654e+02,1.718277116294407991e-01,-5.680638875291955242e-02,7.913695489993362031e-01,-2.630612073677248385e-03,1.811865657390786732e-03,-1.904909570287054710e-01,9.816837537176862361e-01
5.249466426362491213e+06,-4.657091461170641123e+05,-5.357903591769990044e+02,1.735068071225041031e-01,-5.851633756431466604e-02,7.902742235918757130e-01,-2.659846019518569485e-03,1.764447520425234308e-03,-1.904958522532380072e-01,9.816828114102917890e-01
5.249466429842223413e+06,-4.657091473154466948e+05,-5.357746583061210686e+02,1.747863165465515789e-01,-6.077099115488086151e-02,7.888717675482048719e-01,-2.678817191835868809e-03,1.729744217189517963e-03,-1.904951076887536066e-01,9.816829660690096215e-01
5.249466433346431702e+06,-4.657091485498414841e+05,-5.357589858552875057e+02,1.759408344291987225e-01,-6.213556270139245635e-02,7.874422550979977009e-01,-2.680562421385595737e-03,1.673130941416884655e-03,-1.905024551940657507e-01,9.816816336180449465e-01
5.249466436880391091e+06,-4.657091498205616954e+05,-5.357433314218387750e+02,1.777388853039923999e-01,-6.443845887316378140e-02,7.870921823842935705e-01,-2.689392103716835118e-03,1.618895305478500971e-03,-1.904741457679169636e-01,9.816871936325174408e-01
5.249466440437192097e+06,-4.657091511381997843e+05,-5.357276822466944850e+02,1.781949678754571331e-01,-6.687993945207612589e-02,7.869407374615970951e-01,-2.636754297148517865e-03,1.594622458813197688e-03,-1.904752558137219609e-01,9.816871607740886851e-01
5.249466444016520865e+06,-4.657091525030864868e+05,-5.357120424561696836e+02,1.799670031963704064e-01,-6.919918456085674685e-02,7.861709134658343423e-01,-2.575170498814507384e-03,1.503443003243192747e-03,-1.904579477811738919e-01,9.816908262192461931e-01
5.249466447628145106e+06,-4.657091539122280083e+05,-5.356964170744806779e+02,1.814007877319399609e-01,-7.134118689016433201e-02,7.855184735969135135e-01,-2.478349158481432321e-03,1.423096329274701035e-03,-1.904159642106494910e-01,9.816993394904676151e-01
5.249466451276778243e+06,-4.657091553648711415e+05,-5.356808037480853955e+02,1.836493476120290569e-01,-7.358037463381501830e-02,7.849857076192091609e-01,-2.401051643946403545e-03,1.389340555890650327e-03,-1.903962609696214503e-01,9.817034014877491499e-01
5.249466454960515723e+06,-4.657091568554033292e+05,-5.356652068629097130e+02,1.848957336679841190e-01,-7.515485048951330016e-02,7.838881444581866642e-01,-2.354753199620939798e-03,1.358485847266959054e-03,-1.903853874451753025e-01,9.817056656151724736e-01
5.249466458677012473e+06,-4.657091583835656638e+05,-5.356496304172995906e+02,1.869031770303375972e-01,-7.737593156021782548e-02,7.829571405087101255e-01,-2.337905753440730310e-03,1.292980419465561892e-03,-1.903846923416146197e-01,9.817059291459531156e-01
5.249466462431827560e+06,-4.657091599586455268e+05,-5.356340728635165078e+02,1.886990380137630596e-01,-7.988817009936027835e-02,7.820139027514962926e-01,-2.313927334816768405e-03,1.204993711229348109e-03,-1.904155183055077916e-01,9.817001192415627520e-01
5.249466466220169328e+06,-4.657091615787345800e+05,-5.356185315980923178e+02,1.902321984515883135e-01,-8.190943948442731826e-02,7.813466440555338899e-01,-2.379944752150442780e-03,1.137013836113184200e-03,-1.903973555809280460e-01,9.817035652631157516e-01
5.249466470034999773e+06,-4.657091632433580817e+05,-5.356030017053639085e+02,1.913166710807577553e-01,-8.439196417350165735e-02,7.808974103429080493e-01,-2.429660815822729403e-03,1.103172046779200225e-03,-1.903578269611303220e-01,9.817111476775653989e-01
5.249466473883843981e+06,-4.657091649530315772e+05,-5.355874927038653368e+02,1.936147556707693840e-01,-8.644183228786463113e-02,7.792646563542048321e-01,-2.543359005754936269e-03,1.076226150480667646e-03,-1.903301118760684085e-01,9.817162632734043326e-01
5.249466477765440010e+06,-4.657091667074139114e+05,-5.355721323830435949e+02,1.945596350693055421e-01,-8.892220949962274801e-02,7.658963653989443454e-01,-2.504380938704698235e-03,1.089929039599213780e-03,-1.903346564297818955e-01,9.817154672778527491e-01
5.249466481667317450e+06,-4.657091685153048020e+05,-5.355570674009275081e+02,1.956011611066521549e-01,-9.186365796152008711e-02,7.495609827739941888e-01,-2.502291753246860956e-03,1.061205978417163872e-03,-1.903486073815963409e-01,9.817127991657005337e-01
5.249466485589121468e+06,-4.657091703710939037e+05,-5.355418638457756515e+02,1.965347022607463745e-01,-9.373523207402394142e-02,7.801458659756815850e-01,-2.625527538891090501e-03,1.047851430235186487e-03,-1.903492145672867897e-01,9.817123739294300044e-01
5.249466489532972686e+06,-4.657091722725447034e+05,-5.355263585343823252e+02,1.977711445563676562e-01,-9.648704025781749960e-02,7.797581896398581014e-01,-2.632429568731035289e-03,1.025146888573958337e-03,-1.904004788369215440e-01,9.817024381385190956e-01
5.249466493504971266e+06,-4.657091742270437535e+05,-5.355108612508349779e+02,1.993187252670707010e-01,-9.909111485489856264e-02,7.793647728574640832e-01,-2.646507775165606816e-03,1.011788434552656673e-03,-1.904250567676452621e-01,9.816976469544074213e-01
5.249466497504158877e+06,-4.657091762244426645e+05,-5.354953700259458174e+02,2.004705068200121065e-01,-1.008096452347729266e-01,7.791769500476460886e-01,-2.652818494835211798e-03,1.013751011093419821e-03,-1.904454171473816959e-01,9.816936782675662609e-01
5.249466501533352770e+06,-4.657091782571575604e+05,-5.354798964949645779e+02,2.022994474620504468e-01,-1.026520091709853671e-01,7.776030839661536298e-01,-2.671958316876823711e-03,9.796024834945256561e-04,-1.904240928819633805e-01,9.816977976280852891e-01
5.249466505595308729e+06,-4.657091803305619396e+05,-5.354644402980682116e+02,2.037161868619898342e-01,-1.049215479053498545e-01,7.774681749317042811e-01,-2.701184350871518609e-03,9.075524201396455680e-04,-1.904555631606479338e-01,9.816916819515658643e-01
5.249466509683212265e+06,-4.657091824522999814e+05,-5.354489947244920813e+02,2.048594319875985947e-01,-1.075435060886635735e-01,7.765560611497227539e-01,-2.706186183512145765e-03,9.001990502201396432e-04,-1.904586013602622419e-01,9.816910855080290821e-01
5.249466513788767159e+06,-4.657091846263259067e+05,-5.354335716710468205e+02,2.054428337852210740e-01,-1.102169540982097518e-01,7.752262998660964799e-01,-2.736219836944987511e-03,9.181166925557118514e-04,-1.904681634096327958e-01,9.816891304736631296e-01
5.249466517904821783e+06,-4.657091868492300273e+05,-5.354181753229808010e+02,2.058741268340600894e-01,-1.124890971252598126e-01,7.738955975849645119e-01,-2.731129906963709539e-03,9.014118709214016941e-04,-1.904451409833666786e-01,9.816936266788796051e-01
5.249466522039614618e+06,-4.657091891160911182e+05,-5.354027988964157885e+02,2.072905011624954219e-01,-1.146566684229721328e-01,7.732530438708151710e-01,-2.695848126477059115e-03,9.014311098828135240e-04,-1.904862731288611555e-01,9.816857437970402112e-01
5.249466526205969043e+06,-4.657091914322028169e+05,-5.353874428416057754e+02,2.089936423029354340e-01,-1.174732139838883943e-01,7.718676857553775639e-01,-2.697171034244598420e-03,8.783911574530092487e-04,-1.904940365805189162e-01,9.816842545975197343e-01
5.249466530396009795e+06,-4.657091937974201282e+05,-5.353721042404511081e+02,2.096252243423536443e-01,-1.196192774496373928e-01,7.715298738473639339e-01,-2.693813411042875715e-03,8.393215765418848406e-04,-1.904993740496730703e-01,9.816832622568875122e-01
5.249466534605308436e+06,-4.657091962101913523e+05,-5.353567783351076059e+02,2.108813631157696045e-01,-1.222895360437543516e-01,7.706130735442542345e-01,-2.683227233760734128e-03,8.152259521685769911e-04,-1.904909115687291044e-01,9.816849536934046938e-01
5.249466538837468252e+06,-4.657091986738523701e+05,-5.353414718534384065e+02,2.118742139011476067e-01,-1.247671269069107053e-01,7.696012953865269957e-01,-2.725133989021321680e-03,7.996231211557269011e-04,-1.904928127420404682e-01,9.816844821740253746e-01
5.249466543101918884e+06,-4.657092011875046883e+05,-5.353261816730417877e+02,2.140774706865730126e-01,-1.273358641257988089e-01,7.690018153735057593e-01,-2.733547054607810695e-03,7.366198832697499728e-04,-1.904997778225991090e-01,9.816831565027710482e-01
5.249466547399900854e+06,-4.657092037459371495e+05,-5.353109064046952881e+02,2.151996940078413634e-01,-1.292886148140288127e-01,7.681259297019893406e-01,-2.746302558299353741e-03,7.314035859705674686e-04,-1.905384342487759786e-01,9.816756225684412085e-01
5.249466213788124733e+06,-4.657095966842376511e+05,-5.352956707892924442e+02,1.751318390019422633e-01,-1.860547788677621717e-01,7.670637937572405418e-01,-2.894417022143379835e-03,8.164440702702250143e-04,-1.919720869458478585e-01,9.813968847881923141e-01
5.249466217313041911e+06,-4.657096004079737468e+05,-5.352804244451692739e+02,1.760739256740409542e-01,-1.884470938413386754e-01,7.655402318940752737e-01,-2.895074813415127873e-03,7.581660155916179538e-04,-1.919779547984651891e-01,9.813946752442466170e-01
5.249466220853541978e+06,-4.657096041765121045e+05,-5.352652034186579613e+02,1.766567271608975032e-01,-1.905830975314979359e-01,7.645443584485505095e-01,-2.876794088151992008e-03,6.996298564148939773e-04,-1.919471178872208250e-01,9.814008042124690023e-01
5.249466224408444017e+06,-4.657096079938390758e+05,-5.352500009056728913e+02,1.774743609324610782e-01,-1.933859455692422957e-01,7.637027016772693910e-01,-2.872612322730408885e-03,6.673394646661807246e-04,-1.919787026132484531e-01,9.813946609288645151e-01
5.249466227981623262e+06,-4.657096118669228163e+05,-5.352348122840970746e+02,1.784443747664715696e-01,-1.962186809295389522e-01,7.631722782465580890e-01,-2.896257948349734417e-03,6.339902571325233558e-04,-1.919881794129806030e-01,9.813927596595648506e-01
5.249466231578403153e+06,-4.657096157916842494e+05,-5.352196432725668274e+02,1.798016252051875541e-01,-1.986017853141913148e-01,7.617495916175114345e-01,-2.859535381053934788e-03,5.995380467240256275e-04,-1.920060237599197639e-01,9.813893979719401361e-01
5.249466235204594210e+06,-4.657096197684321669e+05,-5.352045047137012261e+02,1.813471855403773481e-01,-2.014746019104471098e-01,7.601326093192861677e-01,-2.892472897484690397e-03,5.765797115130202920e-04,-1.920245874627928562e-01,9.813856830861232838e-01
5.249466238855909556e+06,-4.657096238013660768e+05,-5.351893885648494233e+02,1.822750648209763569e-01,-2.042830532534313515e-01,7.595250313215611282e-01,-2.908563054075521698e-03,5.972346528431445424e-04,-1.920035061891819939e-01,9.813897478489890247e-01
5.249466242530176416e+06,-4.657096278839064180e+05,-5.351742930695968425e+02,1.836110769742880788e-01,-2.064807496122644526e-01,7.580748153342469209e-01,-2.894426313669534647e-03,5.766576812519152908e-04,-1.920358133619850804e-01,9.813834806786569942e-01
5.249466246236411855e+06,-4.657096320076700649e+05,-5.351592232194136614e+02,1.854463004543174809e-01,-2.084419896852099385e-01,7.569719974398007034e-01,-2.942508714706673113e-03,5.809937078089784466e-04,-1.920681585909790878e-01,9.813770053066132038e-01
5.249466249977429397e+06,-4.657096361800745944e+05,-5.351441678537381677e+02,1.870477160659990423e-01,-2.114043259150127363e-01,7.566454370450093059e-01,-2.972828792023392893e-03,5.314927025188250680e-04,-1.920825552668621039e-01,9.813741242599469672e-01
5.249466253749152645e+06,-4.657096404004533542e+05,-5.351291254319463633e+02,1.884883287248881323e-01,-2.132782821901584858e-01,7.556903845110599649e-01,-2.960370825995829822e-03,4.863253387320044850e-04,-1.920564068695256588e-01,9.813793029573014692e-01
5.249466257552230731e+06,-4.657096446637618355e+05,-5.351141002438567966e+02,1.901493064580210834e-01,-2.157477297335660404e-01,7.549369943167176800e-01,-2.989934472537838801e-03,4.866046530382480621e-04,-1.920585278923389316e-01,9.813787981059889365e-01
5.249466261389764026e+06,-4.657096489777970128e+05,-5.350990937680080606e+02,1.918982197825963021e-01,-2.184059126093733372e-01,7.538302436676762586e-01,-3.022641274407868780e-03,5.005978507763174292e-04,-1.920373053589160273e-01,9.813828439464303832e-01
5.249466265257985331e+06,-4.657096533460126957e+05,-5.350841010532351447e+02,1.931768641218927496e-01,-2.212278113486563225e-01,7.535810437441297083e-01,-3.022146185419997792e-03,4.935329217133891831e-04,-1.920425678428507033e-01,9.813818192703629428e-01
5.249466269156592898e+06,-4.657096577673573629e+05,-5.350691189347980981e+02,1.949006986481277570e-01,-2.237715421050347209e-01,7.527849484143639414e-01,-3.014412822789521579e-03,4.757762423797948031e-04,-1.920355336514580069e-01,9.813832282894935366e-01
5.249466273080977611e+06,-4.657096622355006402e+05,-5.350541566174916852e+02,1.957168205328141675e-01,-2.259603878937468113e-01,7.516109669236583635e-01,-3.020624591824694252e-03,4.347164984746448922e-04,-1.920394162183808040e-01,9.813824684940960497e-01
5.249466277019964531e+06,-4.657096667464239290e+05,-5.350392141924178304e+02,1.963230948459951108e-01,-2.281039024650795832e-01,7.508099082152378534e-01,-3.037913201149809641e-03,4.161193671349080374e-04,-1.920341832819238981e-01,9.813834471702347351e-01
5.249466280972554348e+06,-4.657096713022248587e+05,-5.350242870748418227e+02,1.970346033604764568e-01,-2.305068060326638801e-01,7.500950290786784214e-01,-3.054347046758421145e-03,3.611344590349599881e-04,-1.920426127952961359e-01,9.813817684353146609e-01
5.249466284950849600e+06,-4.657096759036424919e+05,-5.350093754829524642e+02,1.988622805480663169e-01,-2.327113484011806843e-01,7.492716538530852510e-01,-3.051875120342966829e-03,3.779890098611235981e-04,-1.920784494865306891e-01,9.813747563626599169e-01
5.249466288970758207e+06,-4.657096805485674413e+05,-5.349944814291069406e+02,2.011644092140180140e-01,-2.348978605844770084e-01,7.483541505912622016e-01,-3.082395188034183203e-03,3.314637566828759654e-04,-1.921016898729885347e-01,9.813701288097672615e-01
5.249466293037808500e+06,-4.657096852420605137e+05,-5.349796006793138758e+02,2.035392696296307868e-01,-2.376212691488993334e-01,7.479599439723590981e-01,-3.055190883274262054e-03,3.093971763669207888e-04,-1.920972560737291557e-01,9.813710889829025952e-01
5.249466297147242352e+06,-4.657096899890439818e+05,-5.349647299889124952e+02,2.053614241177252886e-01,-2.403042213214699185e-01,7.473644233599501252e-01,-3.071126559447648775e-03,2.682153381463528571e-04,-1.920817109378925858e-01,9.813740940975906879e-01
5.249466301290287636e+06,-4.657096947925961576e+05,-5.349498789876352021e+02,2.068533595542683123e-01,-2.433481208571522947e-01,7.459986408049164019e-01,-3.058201751499068678e-03,2.580990796126619727e-04,-1.920732746587850148e-01,9.813757883447549180e-01
5.249466305463504978e+06,-4.657096996561136330e+05,-5.349350484029954487e+02,2.083319509816844994e-01,-2.463706590605149183e-01,7.453383290696630192e-01,-3.047290291723886609e-03,2.649253141561876655e-04,-1.920799269585504732e-01,9.813745184671341937e-01
5.249466309666720219e+06,-4.657097045772002894e+05,-5.349202351245608043e+02,2.098082096797251328e-01,-2.491694711089728620e-01,7.442790829450386392e-01,-3.045403828345457677e-03,2.543654594908172431e-04,-1.921213716384621573e-01,9.813664144314577786e-01
5.249466313910132274e+06,-4.657097095505259931e+05,-5.349054431156125702e+02,2.123169712583646840e-01,-2.516426945179443542e-01,7.432227926712673405e-01,-3.060066356719908995e-03,2.523274231623430551e-04,-1.921549581082432900e-01,9.813597935516634729e-01
5.249466318201624788e+06,-4.657097145788967027e+05,-5.348906724096374319e+02,2.145696439471350137e-01,-2.547387594700546987e-01,7.421595577320039272e-01,-3.093499885918048978e-03,2.229297282306129575e-04,-1.921853553713483709e-01,9.813537434290359185e-01
5.249466322532339953e+06,-4.657097196589168743e+05,-5.348759222346685647e+02,2.162027992303741930e-01,-2.568554850171408388e-01,7.411817911377406309e-01,-3.077753194266606620e-03,1.929387757225256854e-04,-1.922350458396498984e-01,9.813440667582132848e-01
5.249466326895684004e+06,-4.657097247843095683e+05,-5.348611920520938838e+02,2.177889327033796785e-01,-2.593335618023024924e-01,7.401716410546924640e-01,-3.073240703950794444e-03,1.367470137649899316e-04,-1.922346081366233528e-01,9.813441760804536562e-01
5.249466331290915608e+06,-4.657097299615163356e+05,-5.348464821808468059e+02,2.193444651791905120e-01,-2.621027751749805401e-01,7.391619718624669044e-01,-3.076483762675402949e-03,1.070586294671697035e-04,-1.922231254177693416e-01,9.813464188763258989e-01
5.249466335709250532e+06,-4.657097351932392339e+05,-5.348317943091652751e+02,2.200471496903178836e-01,-2.648598054715233796e-01,7.379809292570248536e-01,-3.091466132542850572e-03,9.078282115927463719e-05,-1.922008765925796725e-01,9.813507312033522556e-01
5.249466340148845688e+06,-4.657097404813590110e+05,-5.348171252426546971e+02,2.214188452713780897e-01,-2.678157160819826244e-01,7.372963364719112844e-01,-3.089333999605640112e-03,6.649194406935627049e-05,-1.921821047346744527e-01,9.813544162099205881e-01
5.249466344621305354e+06,-4.657097458253183868e+05,-5.348024676728792883e+02,2.232888698763655644e-01,-2.705066214261223068e-01,7.368491488141850621e-01,-3.124658289233066960e-03,6.210660429857941568e-05,-1.921658369265220878e-01,9.813574903022849183e-01
5.249466349123718217e+06,-4.657097512146363733e+05,-5.347878236919227675e+02,2.243745056709321728e-01,-2.724021339638697525e-01,7.359501644760857442e-01,-3.114627270281394942e-03,1.768561887051939697e-05,-1.921799874742878833e-01,9.813547529814641290e-01
5.249466353657675907e+06,-4.657097566478033550e+05,-5.347731908460349359e+02,2.264009973527169040e-01,-2.749496128868089695e-01,7.357566141429880968e-01,-3.091442516199199506e-03,9.155217353273511788e-06,-1.921970247679742338e-01,9.813514898192454705e-01
5.249466358224574476e+06,-4.657097621443987591e+05,-5.347585688640286889e+02,2.276006489478160921e-01,-2.788446175216052758e-01,7.348759939559645904e-01,-3.110464943030779618e-03,6.940406906582561237e-06,-1.922034122291706448e-01,9.813501787272108645e-01
5.249466362821038812e+06,-4.657097677057820256e+05,-5.347439645865870261e+02,2.293110903717452964e-01,-2.814940937005408483e-01,7.339991488526804719e-01,-3.128904248782908397e-03,1.585977541681083409e-05,-1.921971325048108803e-01,9.813513499070641855e-01
5.249466367450003512e+06,-4.657097733185371617e+05,-5.347293797607811712e+02,2.308029955764175356e-01,-2.840473324493053564e-01,7.329415390526807794e-01,-3.129272013258012960e-03,-7.150249955446126650e-08,-1.921926095595795636e-01,9.813522346681561315e-01
5.249466372113533318e+06,-4.657097789875796298e+05,-5.347148057884273840e+02,2.327142985907929007e-01,-2.871988707348287484e-01,7.329368358701741082e-01,-3.141968458288331521e-03,1.936713572492417481e-05,-1.922226644486348390e-01,9.813463073412258542e-01
5.249466376811415888e+06,-4.657097847074577003e+05,-5.347002458451479470e+02,2.341979599352251029e-01,-2.891837163487265827e-01,7.315456352180219612e-01,-3.130590318261834357e-03,-1.373639693780617896e-06,-1.922123017234760034e-01,9.813483736520004497e-01
5.249466381545590237e+06,-4.657097904713611933e+05,-5.346857131388544531e+02,2.363017564168066464e-01,-2.916625017273741793e-01,7.302211638046947062e-01,-3.103904276904069330e-03,3.215486124050446088e-05,-1.921813105915964881e-01,9.813545274795005824e-01
5.249466386322871782e+06,-4.657097962881540880e+05,-5.346712048808317377e+02,2.384574381260256282e-01,-2.945412867138855750e-01,7.291106191802345649e-01,-3.097870545329992065e-03,2.108377179490077932e-06,-1.921831032812885420e-01,9.813541960004822373e-01
5.249466391129877418e+06,-4.657098021640927764e+05,-5.346567130860619272e+02,2.392095979084724322e-01,-2.976657901356666858e-01,7.285911607867764372e-01,-3.110292683059335834e-03,-3.182678187620749919e-05,-1.921821861377701057e-01,9.813543358027019270e-01
5.249466395958564244e+06,-4.657098080964665278e+05,-5.346422393330142313e+02,2.405721898120851687e-01,-3.002549495686706593e-01,7.273141066152088996e-01,-3.080534200097055034e-03,-7.866453971268050338e-05,-1.921824666824341887e-01,9.813543720908303181e-01
5.249466400817309506e+06,-4.657098140797356027e+05,-5.346277942131468990e+02,2.421642538851677406e-01,-3.028226063700742432e-01,7.257320317997147940e-01,-3.073393928925664906e-03,-1.018229163467849118e-04,-1.922284735818980406e-01,9.813453815182768825e-01
5.249466405708808452e+06,-4.657098201186680235e+05,-5.346133831342554004e+02,2.437876545079812607e-01,-3.059026494686494790e-01,7.239109982933885634e-01,-3.071717640962852089e-03,-1.247186834934780773e-04,-1.922420340332229582e-01,9.813427277703815621e-01
5.249466410633027554e+06,-4.657098262163643958e+05,-5.345990031933433784e+02,2.453787404359335511e-01,-3.087760345073409796e-01,7.226255688015924550e-01,-3.053087316924954064e-03,-1.586587586619249196e-04,-1.922374885853405380e-01,9.813436714366307045e-01
5.249466415592079051e+06,-4.657098323722716304e+05,-5.345846442411763064e+02,2.472119041996379274e-01,-3.118020956292043011e-01,7.218252035932716248e-01,-3.067443636732326579e-03,-1.852724817925377205e-04,-1.922514247740200743e-01,9.813408919112293072e-01
5.249466420579501428e+06,-4.657098385771414614e+05,-5.345703039676724302e+02,2.481683772164776647e-01,-3.137330636905690806e-01,7.207680484053519132e-01,-3.049991508060749014e-03,-2.174247020153055848e-04,-1.922286287348472511e-01,9.813454053360461948e-01
5.249466425594530068e+06,-4.657098448257676209e+05,-5.345559883210376029e+02,2.499236137510948419e-01,-3.162468803955561514e-01,7.193691550650106459e-01,-3.038451404371915032e-03,-1.760379833667440812e-04,-1.922347911767297579e-01,9.813442422952852739e-01
5.249466132502159104e+06,-4.657100677873045788e+05,-5.346685721754869292e+02,2.141178532854279837e-01,-3.510609077946247325e-01,7.065928169634074774e-01,-3.138409608010281435e-03,-8.246677541820660658e-05,-1.937850366792228385e-01,9.810402960654238669e-01
5.249466136831982993e+06,-4.657100747868485632e+05,-5.346545165362251737e+02,2.156734404698762986e-01,-3.537424291638580076e-01,7.060170522287736450e-01,-3.147137508450627893e-03,-8.388085473105882852e-05,-1.938228905563097182e-01,9.810314855229934627e-01
5.249466141188744456e+06,-4.657100818425816833e+05,-5.346404682728194757e+02,2.167572630253238319e-01,-3.567514283203134240e-01,7.058732384125254722e-01,-3.119963555224836930e-03,-1.109084504255037962e-04,-1.938459551356689348e-01,9.810270124751213627e-01
5.249466145579907112e+06,-4.657100889599991497e+05,-5.346264377711883071e+02,2.190617189047160129e-01,-3.599788128433892287e-01,7.042438277127069934e-01,-3.128293981492180371e-03,-1.348249110619719534e-04,-1.938496493950907507e-01,9.810262529769757656e-01
5.249466150008658879e+06,-4.657100961382928072e+05,-5.346124337894120799e+02,2.204628212069369986e-01,-3.629084489884751297e-01,7.032303592341535570e-01,-3.160365468775225718e-03,-1.610728744637935912e-04,-1.938458442084452782e-01,9.810268981176953895e-01
5.249466154466223903e+06,-4.657101033677621745e+05,-5.345984457513854977e+02,2.218995098537236421e-01,-3.651525938426940510e-01,7.026636476319493285e-01,-3.161378563449063293e-03,-1.524421244068372642e-04,-1.938593693000076335e-01,9.810242236475579247e-01
5.249466158961518668e+06,-4.657101106453852844e+05,-5.345844759172899785e+02,2.241908379691173459e-01,-3.677815412363030223e-01,7.014171272343584507e-01,-3.208801568631807714e-03,-1.382126906818165332e-04,-1.938769696282982014e-01,9.810205936366701573e-01
5.249466163500702940e+06,-4.657101179816466174e+05,-5.345705325698688739e+02,2.262347382673459695e-01,-3.710910302562392404e-01,7.000205632546722123e-01,-3.220645211193667867e-03,-8.756288459405914878e-05,-1.938884095639593630e-01,9.810182997353933398e-01
5.249466168085876852e+06,-4.657101253783520078e+05,-5.345566243608939203e+02,2.287414958951907440e-01,-3.738864252511318598e-01,6.979009897043205735e-01,-3.218639056194429887e-03,-1.259021061235193165e-04,-1.938801727510159612e-01,9.810199300356557961e-01
5.249466172708055936e+06,-4.657101328296224819e+05,-5.345427481273820831e+02,2.298812073316218729e-01,-3.766169501263819663e-01,6.968315592140569281e-01,-3.229606763283216029e-03,-1.321841438016372716e-04,-1.939213243943693210e-01,9.810117594170446598e-01
5.249466177361327223e+06,-4.657101403392463108e+05,-5.345288845996540203e+02,2.317951148950191942e-01,-3.797957744985265283e-01,6.966481583251451504e-01,-3.236996021033160253e-03,-1.240152891924823503e-04,-1.939077703111487250e-01,9.810144153333637540e-01
5.249466182048965245e+06,-4.657101479074051604e+05,-5.345150332281642704e+02,2.332637430861699279e-01,-3.825390146017912940e-01,6.956248457074779568e-01,-3.239372165879657144e-03,-1.456241162181688372e-04,-1.939178242501281846e-01,9.810124172005492138e-01
5.249466186766993254e+06,-4.657101555366487009e+05,-5.345011975983115917e+02,2.347700165936067729e-01,-3.859879658606910069e-01,6.950875640994437221e-01,-3.254573253800626537e-03,-1.787845243448745413e-04,-1.938877647136771631e-01,9.810183028289537477e-01
5.249466191520962864e+06,-4.657101632239918108e+05,-5.344873786813897141e+02,2.368113212482585994e-01,-3.884073353037045262e-01,6.939618523587056664e-01,-3.230915779124539627e-03,-1.652009713489789296e-04,-1.939292147916254205e-01,9.810101903365984199e-01
5.249466196313727647e+06,-4.657101709597558365e+05,-5.344735771429399165e+02,2.386011581399020420e-01,-3.908936059680919728e-01,6.933635523471826101e-01,-3.259489283235595097e-03,-1.273751459462658345e-04,-1.939146049312134856e-01,9.810129894663356387e-01
5.249466201137296855e+06,-4.657101787464845693e+05,-5.344597876788459416e+02,2.398358250547797388e-01,-3.935756153897863596e-01,6.927678473117000468e-01,-3.276750414807756001e-03,-1.276272047534880662e-04,-1.939066774530056325e-01,9.810144989037217211e-01
5.249466205984628759e+06,-4.657101865822667605e+05,-5.344460135826278702e+02,2.409239709787559247e-01,-3.958622999669995646e-01,6.918364678568438286e-01,-3.276218586701103511e-03,-1.733588151550448939e-04,-1.939534359312585499e-01,9.810052502566766197e-01
5.249466210857408121e+06,-4.657101944616243709e+05,-5.344322574604824467e+02,2.423313264313977089e-01,-3.979920426256408073e-01,6.909812220838229546e-01,-3.281479237654816306e-03,-1.920257738134671253e-04,-1.939761601245819644e-01,9.810007361494130773e-01
5.249466215759971179e+06,-4.657102023869826808e+05,-5.344185144320152858e+02,2.438478452813557518e-01,-4.005292107112510824e-01,6.905421887830259786e-01,-3.311948021842232772e-03,-1.995080177056038980e-04,-1.940017456048617472e-01,9.809955728245762785e-01
5.249466220696287230e+06,-4.657102103676319239e+05,-5.344047841257952314e+02,2.456463208814944343e-01,-4.035993674988338498e-01,6.897198958797831070e-01,-3.326005009372509647e-03,-1.987079444436275590e-04,-1.939644133194991793e-01,9.810029075256655462e-01
5.249466225671774708e+06,-4.657102184104288463e+05,-5.343910770130953551e+02,2.477024341615375602e-01,-4.068228647338955617e-01,6.882263710702269943e-01,-3.384344054151767339e-03,-2.079583689270545453e-04,-1.939670490970814565e-01,9.810021849290787577e-01
5.249466230684235692e+06,-4.657102265136686037e+05,-5.343773963309882902e+02,2.492832103689600065e-01,-4.097195415720212286e-01,6.870843143040191725e-01,-3.375724776476895454e-03,-2.097133627001498241e-04,-1.940001740048338807e-01,9.809956641041307490e-01
5.249466235737845302e+06,-4.657102346790072625e+05,-5.343637440234014093e+02,2.517531079340657452e-01,-4.131131731181073019e-01,6.853901307912267926e-01,-3.358125981241273563e-03,-2.381204760836563340e-04,-1.939969853289121304e-01,9.809963486039905423e-01
5.249466240828678943e+06,-4.657102429043921293e+05,-5.343501118416395457e+02,2.529437009044230300e-01,-4.157993398532842111e-01,6.850879748733711416e-01,-3.388816335712827553e-03,-2.588721448961910717e-04,-1.940203234564484014e-01,9.809916222871127855e-01
5.249466245944687165e+06,-4.657102511893816409e+05,-5.343364854958568912e+02,2.541985288726911763e-01,-4.191633335778838787e-01,6.848228884123033211e-01,-3.428546551499879382e-03,-2.810388309783755758e-04,-1.940475515018852404e-01,9.809860925846513036e-01
5.249466251082469709e+06,-4.657102595352899516e+05,-5.343228618230951952e+02,2.550553026311738747e-01,-4.219738011834774372e-01,6.848404845373585736e-01,-3.417900823203404940e-03,-2.868653173984112362e-04,-1.940544002474783591e-01,9.809847732811977084e-01
5.249466256247131154e+06,-4.657102679311840329e+05,-5.343092502235966776e+02,2.568327196635499798e-01,-4.242253171993170535e-01,6.836222161741604131e-01,-3.429068873048101655e-03,-3.013122301561914460e-04,-1.940617226234652992e-01,9.809832814644624532e-01
5.249466261454226449e+06,-4.657102763732547755e+05,-5.342956556431395256e+02,2.592456792953783395e-01,-4.266537972440717641e-01,6.831534392743500161e-01,-3.433517157026742383e-03,-3.115158603141649613e-04,-1.940588627863557847e-01,9.809838284572723888e-01
5.249466266703839414e+06,-4.657102848659953452e+05,-5.342820737398540132e+02,2.610240020631945379e-01,-4.293669514611876403e-01,6.823658447499429958e-01,-3.405862585781834449e-03,-3.059907417716269942e-04,-1.940706690546653845e-01,9.809815910022293695e-01
5.249466271988350898e+06,-4.657102934144397732e+05,-5.342685064348710284e+02,2.626677176383580559e-01,-4.323034442092009155e-01,6.817056876619240757e-01,-3.416898023943931283e-03,-3.554067057637950674e-04,-1.941119070799700863e-01,9.809733768184986102e-01
5.249466277304733172e+06,-4.657103020281481440e+05,-5.342549534439989429e+02,2.641319093533454065e-01,-4.359928995128785068e-01,6.809453678809694877e-01,-3.412221471879920559e-03,-3.696769769202424985e-04,-1.941317141478277331e-01,9.809694682550571532e-01
5.249466282647181302e+06,-4.657103107070994447e+05,-5.342414167745220084e+02,2.652040277232348697e-01,-4.389156316635929311e-01,6.800836545109331110e-01,-3.422028590421408948e-03,-3.736158082385293740e-04,-1.941110665982833383e-01,9.809735184798423768e-01
5.249466288019160740e+06,-4.657103194393657031e+05,-5.342279055042146183e+02,2.670242151718328905e-01,-4.413957756640009000e-01,6.784066199921929829e-01,-3.401039696521462267e-03,-4.059175125905762640e-04,-1.941119458649413210e-01,9.809734046525576678e-01
5.249466293419068679e+06,-4.657103282268947805e+05,-5.342144183347571698e+02,2.679199883584352793e-01,-4.445362772499012460e-01,6.776848469186074198e-01,-3.410476834557028911e-03,-4.312103768631823843e-04,-1.941175840503876204e-01,9.809722454132104863e-01
5.249466298855237663e+06,-4.657103370739781531e+05,-5.342009507768557341e+02,2.705874275715789423e-01,-4.474264036252643684e-01,6.764515216233291106e-01,-3.434718343746384021e-03,-4.403120646994438769e-04,-1.940912184483461755e-01,9.809773737246499925e-01
5.249466304338481277e+06,-4.657103459790212219e+05,-5.341875071412722491e+02,2.725577581697556928e-01,-4.504148084186146983e-01,6.752993000116793709e-01,-3.433732134193704429e-03,-4.644351362755910935e-04,-1.941103242286074670e-01,9.809735856866187431e-01
5.249466309864285402e+06,-4.657103549345522770e+05,-5.341740780505473367e+02,2.747889403130579500e-01,-4.525364581654184315e-01,6.750139117565615576e-01,-3.437404672523078266e-03,-4.753422526250111507e-04,-1.941127723031801644e-01,9.809730831837589760e-01
5.249466315432293341e+06,-4.657103639433616772e+05,-5.341606498681220501e+02,2.767025184724659082e-01,-4.558340363584905686e-01,6.752304118972221048e-01,-3.443842614015692367e-03,-4.873900125654350552e-04,-1.941138405891895957e-01,9.809728433010964643e-01
5.249466321038326249e+06,-4.657103730172060896e+05,-5.341472271090502772e+02,2.785145264936021436e-01,-4.591338059993980703e-01,6.744826947441010523e-01,-3.434251217239110091e-03,-5.004371106062531667e-04,-1.941051424559901151e-01,9.809745914940887213e-01
5.249466326686109416e+06,-4.657103821520087076e+05,-5.341338186392110856e+02,2.808100737404005676e-01,-4.620096286348835402e-01,6.738139260553868137e-01,-3.439858437420335695e-03,-4.927262361038795826e-04,-1.941226188031927036e-01,9.809711175500676061e-01
5.249466332382215187e+06,-4.657103913466560189e+05,-5.341204229352053972e+02,2.832736783361717303e-01,-4.652046290411390728e-01,6.732190295168952732e-01,-3.448347805547683723e-03,-5.075770243630987194e-04,-1.941233129201054008e-01,9.809709428151437427e-01
5.249466338118755259e+06,-4.657104005962823867e+05,-5.341070465972208012e+02,2.847871062538103182e-01,-4.675839936970508925e-01,6.718820028973847558e-01,-3.485538350720360570e-03,-5.176326968812895116e-04,-1.941347358477800711e-01,9.809685455813083044e-01
5.249466343883213587e+06,-4.657104099090195377e+05,-5.340936903849063810e+02,2.859677606195311084e-01,-4.716337937258736068e-01,6.712176690945154123e-01,-3.494055895544258793e-03,-5.618209107427289380e-04,-1.941606571769717571e-01,9.809633607526707655e-01
5.249466349674818106e+06,-4.657104192872675485e+05,-5.340803468259050533e+02,2.874299001820827537e-01,-4.742189132318110900e-01,6.706295308756966556e-01,-3.481227664174680898e-03,-5.974847737653357811e-04,-1.941277043873984032e-01,9.809699070099716645e-01
5.249466355494809337e+06,-4.657104287156850914e+05,-5.340670127100546551e+02,2.887338973179173762e-01,-4.767339841456207927e-01,6.702890511867697354e-01,-3.464755724108474488e-03,-6.342796314185380775e-04,-1.941200813453551610e-01,9.809714507464759592e-01
5.249466361338590272e+06,-4.657104381957281148e+05,-5.340536907040363985e+02,2.897318006459689288e-01,-4.794743939876038863e-01,6.694285567656022007e-01,-3.455388809100525503e-03,-6.265007763782041257e-04,-1.941182772845974625e-01,9.809718457800636893e-01
5.249466367207464762e+06,-4.657104477387985098e+05,-5.340403840633661048e+02,2.911500273555013285e-01,-4.831473384491910550e-01,6.687638830713424909e-01,-3.448533599277329737e-03,-6.697484950194298103e-04,-1.941284282140307293e-01,9.809698325720069834e-01
5.249466373106517829e+06,-4.657104573520186823e+05,-5.340270985901631775e+02,2.926608511473794416e-01,-4.865958649325040075e-01,6.673144170607566705e-01,-3.434232909617700776e-03,-6.929386585285093230e-04,-1.941238859363998148e-01,9.809707655142539950e-01
5.249466379037601873e+06,-4.657104670289951609e+05,-5.340138311776428282e+02,2.942723654859231708e-01,-4.896184909537645291e-01,6.669736630654926612e-01,-3.475751961640232302e-03,-6.812777796361771127e-04,-1.941297190839365583e-01,9.809694731140722324e-01
5.249466385001093149e+06,-4.657104767590829288e+05,-5.340005728825170763e+02,2.958307118864901830e-01,-4.919872017091655447e-01,6.664163067569138788e-01,-3.486873835951512148e-03,-6.768691580010772557e-04,-1.941534649318337191e-01,9.809647371941827565e-01
5.249466390991965309e+06,-4.657104865399606060e+05,-5.339873214525925960e+02,2.969273799478845399e-01,-4.947940158013439671e-01,6.663053011724792141e-01,-3.484072799435193341e-03,-7.097606350950136150e-04,-1.941319406318344487e-01,9.809689837643537080e-01
5.249466109283200465e+06,-4.657105501530209440e+05,-5.341940416451487863e+02,2.587151846242725650e-01,-5.102188531837533736e-01,6.482028107794554073e-01,-3.545920061160545526e-03,-5.954670669971672773e-04,-1.957730691861972738e-01,9.806440832304312849e-01
5.249466114526203834e+06,-4.657105603111576638e+05,-5.341811491470130022e+02,2.603925823701039866e-01,-5.128148163437433737e-01,6.472448120678614414e-01,-3.552874910032245009e-03,-5.784630786227644211e-04,-1.957788953328703507e-01,9.806414567043562069e-01
5.249466119802569970e+06,-4.657105705245196004e+05,-5.341682640924937004e+02,2.619828523275259391e-01,-5.158212919228645221e-01,6.474776466932633534e-01,-3.544397717690014535e-03,-5.901268723307617238e-04,-1.957734168584926160e-01,9.806425741580856448e-01
5.249466125114277005e+06,-4.657105807988398592e+05,-5.341553786950494214e+02,2.638564526186960579e-01,-5.189914042577009612e-01,6.472942449168627155e-01,-3.535800054872832374e-03,-6.004646148059320648e-04,-1.958030041709912517e-01,9.806366917073224831e-01
5.249466130454287864e+06,-4.657105911391511327e+05,-5.341425045165881329e+02,2.647328269671814782e-01,-5.225168951814653795e-01,6.463632463485492474e-01,-3.527293503892455027e-03,-6.122751379937932739e-04,-1.958017127548668246e-01,9.806369728941032315e-01
5.249466135821884498e+06,-4.657106015463841613e+05,-5.341296404525706976e+02,2.665408612212593065e-01,-5.257676566970188592e-01,6.462988036196494201e-01,-3.544097364244105756e-03,-6.503156135263878394e-04,-1.958119387452206539e-01,9.806348459612139745e-01
5.249466141224891879e+06,-4.657106120108824107e+05,-5.341167747359581881e+02,2.682084478088924695e-01,-5.283143629033858479e-01,6.465480916739015926e-01,-3.536790415510985153e-03,-6.694722430712631532e-04,-1.958773930788922923e-01,9.806217873401731344e-01
5.249466146667458117e+06,-4.657106225249884301e+05,-5.341039199048360615e+02,2.704345286228429512e-01,-5.307974649209967755e-01,6.452141627768063215e-01,-3.533051520897519723e-03,-6.878079863776853913e-04,-1.958613078990734946e-01,9.806250009766310782e-01
5.249466152146929875e+06,-4.657106330942892819e+05,-5.340910821902651833e+02,2.718237672174740882e-01,-5.339210310978491636e-01,6.448497664554916353e-01,-3.533502097796541695e-03,-6.944563387476871070e-04,-1.958704414740596034e-01,9.806231703643387698e-01
5.249466157656925730e+06,-4.657106437266276916e+05,-5.340782532128278035e+02,2.734090397602156330e-01,-5.371904666314919474e-01,6.443522465819231382e-01,-3.507202286249638205e-03,-7.260557550334661688e-04,-1.958702967301647058e-01,9.806232708025245381e-01
5.249466163200654089e+06,-4.657106544060182641e+05,-5.340654314882240215e+02,2.751441442562613249e-01,-5.386785268443408103e-01,6.441398984006924122e-01,-3.516383294604762122e-03,-7.394807703770359683e-04,-1.959307344528266326e-01,9.806111540865682930e-01
5.249466168778462335e+06,-4.657106651326185674e+05,-5.340526261196339419e+02,2.767364226496603075e-01,-5.420031875368785945e-01,6.427189405018963742e-01,-3.526763030047247709e-03,-7.823316068013446735e-04,-1.959234308055991525e-01,9.806125428357334028e-01
5.249466174395732582e+06,-4.657106759249391616e+05,-5.340398370925885274e+02,2.790133644765029897e-01,-5.453365098570519542e-01,6.425208231925328972e-01,-3.499777482653722467e-03,-7.920069599083765736e-04,-1.959688266343945773e-01,9.806035607093278594e-01
5.249466180053966120e+06,-4.657106867775357678e+05,-5.340270555165670885e+02,2.807603720749549669e-01,-5.481118723022433414e-01,6.419855368300261267e-01,-3.477909868474406054e-03,-8.095673773640894898e-04,-1.959654160513516485e-01,9.806043057529650886e-01
5.249466185748839751e+06,-4.657106976840873249e+05,-5.340142899981688061e+02,2.826062483088374599e-01,-5.508115532100935630e-01,6.409215566076695847e-01,-3.469334613127243987e-03,-8.099529032181801121e-04,-1.959719343272382508e-01,9.806030331666327760e-01
5.249466191480427980e+06,-4.657107086465507746e+05,-5.340015407372463869e+02,2.843538364936981089e-01,-5.537875548207080723e-01,6.403710253178617196e-01,-3.478651093675373153e-03,-8.458825440256596481e-04,-1.960131071300353633e-01,9.805947406082451412e-01
5.249466197252309881e+06,-4.657107196717901388e+05,-5.339888023160651755e+02,2.865534816812542185e-01,-5.571803204326046810e-01,6.398490375938440389e-01,-3.489300265979585446e-03,-8.774624509422357778e-04,-1.960192232816265479e-01,9.805934524325174984e-01
5.249466203070198186e+06,-4.657107307609194540e+05,-5.339760767009008759e+02,2.888781928621744766e-01,-5.602628201676502773e-01,6.390999742663203698e-01,-3.485153830775573284e-03,-8.785837070015972954e-04,-1.959931278093215434e-01,9.805986822606038711e-01
5.249466208926440217e+06,-4.657107419038194930e+05,-5.339633755507503565e+02,2.903173201743209364e-01,-5.626359916132618322e-01,6.374023711275865756e-01,-3.478543952440407098e-03,-8.894194257987708251e-04,-1.959996365870224078e-01,9.805973950246713589e-01
5.249466214811053127e+06,-4.657107530946407351e+05,-5.339507032068734134e+02,2.916409398250657814e-01,-5.651374137776578044e-01,6.362245930136275485e-01,-3.467258038272260333e-03,-8.829961151121956415e-04,-1.960144918361899358e-01,9.805944714489339686e-01
5.249466220730849542e+06,-4.657107643380690715e+05,-5.339380528955596219e+02,2.937599585122774859e-01,-5.679810294326312903e-01,6.352059228680030367e-01,-3.490221377299725699e-03,-8.719937275527222219e-04,-1.960106559591846820e-01,9.805951665895017433e-01
5.249466226692549884e+06,-4.657107756380965584e+05,-5.339254206053989265e+02,2.957518668154566210e-01,-5.708835542864532098e-01,6.344314089024623016e-01,-3.480915038366542806e-03,-9.023205201189122074e-04,-1.960156274621148720e-01,9.805941784680798357e-01
5.249466232698937878e+06,-4.657107869908442372e+05,-5.339127967418855860e+02,2.981598638205203988e-01,-5.733287608730316398e-01,6.343804225141480568e-01,-3.472092096303249203e-03,-8.806851595148751334e-04,-1.959869970627310110e-01,9.805999520493748900e-01
5.249466238750706427e+06,-4.657107983920784900e+05,-5.339001765984306758e+02,3.002172039589412478e-01,-5.758113472374252195e-01,6.340736457478068910e-01,-3.450223588351267103e-03,-8.842148651345666617e-04,-1.959712501267513729e-01,9.806031731806201801e-01
5.249466244837118313e+06,-4.657108098466183874e+05,-5.338875664106167278e+02,3.015381365568977623e-01,-5.787525096121174384e-01,6.333946820212327244e-01,-3.467835806848124178e-03,-9.083522956052274364e-04,-1.960053960522485650e-01,9.805962643903584075e-01
5.249466250959679484e+06,-4.657108213643675554e+05,-5.338749747618711581e+02,3.037429562577032560e-01,-5.822324261814538771e-01,6.322245990998677234e-01,-3.461391895660296224e-03,-9.081675284348723377e-04,-1.960000187150175988e-01,9.805973621567294352e-01
5.249466257119896822e+06,-4.657108329418479116e+05,-5.338624030681758086e+02,3.052237995890251798e-01,-5.848114155883860077e-01,6.314080144673155370e-01,-3.448827880450413327e-03,-9.047696859613742204e-04,-1.960463570524363097e-01,9.805881464059119645e-01
5.249466263323012739e+06,-4.657108445779609610e+05,-5.338498500545448451e+02,3.079447060100872213e-01,-5.881886341511467498e-01,6.303624752383215624e-01,-3.407792835573639992e-03,-9.453628761986829915e-04,-1.960877409029436469e-01,9.805799769075385086e-01
5.249466269578334875e+06,-4.657108562727953540e+05,-5.338373210314063044e+02,3.103671288996753264e-01,-5.907627844883213131e-01,6.290119102508947568e-01,-3.413925438055518888e-03,-9.691216701579066870e-04,-1.961266317059118802e-01,9.805721545401356876e-01
5.249466275876678526e+06,-4.657108680138571071e+05,-5.338248066012686195e+02,3.121707270637001930e-01,-5.928859473781887823e-01,6.289188622487736913e-01,-3.445938851827869479e-03,-1.045767455056458191e-03,-1.961401444754432011e-01,9.805692609951688343e-01
5.249466282211964950e+06,-4.657108798006742727e+05,-5.338122994657032905e+02,3.139811456617657148e-01,-5.954250439213201185e-01,6.282931698833974510e-01,-3.455751300487592669e-03,-1.046896323444203563e-03,-1.961215073003888254e-01,9.805729530090931956e-01
5.249466288583017886e+06,-4.657108916389733204e+05,-5.337998031279478255e+02,3.156634118929952382e-01,-5.981258638040173325e-01,6.278518050319711330e-01,-3.471243615013889366e-03,-1.035524250761274932e-03,-1.961103200930026380e-01,9.805751478179240976e-01
5.249466294987754896e+06,-4.657109035383947776e+05,-5.337873236335168485e+02,3.172505377638555890e-01,-6.016472536596360055e-01,6.266127382832982207e-01,-3.457130569696459810e-03,-1.028968632227459734e-03,-1.961387344456718973e-01,9.805695214159022566e-01
5.249466301432278939e+06,-4.657109154887987534e+05,-5.337748596067873450e+02,3.195768248575066584e-01,-6.032872634163969350e-01,6.263195983222681340e-01,-3.445363520386596993e-03,-1.044622364591819234e-03,-1.961517741781113600e-01,9.805669379135590891e-01
5.249466307925014757e+06,-4.657109274789389456e+05,-5.337624042974574650e+02,3.219925958239435171e-01,-6.057003212310396734e-01,6.257521385254499746e-01,-3.461037329101232518e-03,-1.073497735953627113e-03,-1.961694371543880877e-01,9.805633180768741353e-01
5.249466314459185116e+06,-4.657109395201587467e+05,-5.337499581614115414e+02,3.236315733893753710e-01,-6.084904824633665665e-01,6.254161746301315494e-01,-3.480319703493756252e-03,-1.054596265588859808e-03,-1.961945947154719039e-01,9.805582370334864351e-01
5.249466321023365483e+06,-4.657109516148056719e+05,-5.337375271811598623e+02,3.249036037812406685e-01,-6.111407450954962073e-01,6.242410527054487179e-01,-3.482034861377283907e-03,-1.067136381374209769e-03,-1.961716262140966449e-01,9.805628127407843841e-01
5.249466327618510462e+06,-4.657109637571544736e+05,-5.337251133736309612e+02,3.266495259351691050e-01,-6.133457696746316135e-01,6.237111152373756573e-01,-3.486257238689777129e-03,-1.032786340994493440e-03,-1.961438161013800419e-01,9.805683978063783890e-01
5.249466334251897410e+06,-4.657109759441995993e+05,-5.337127149478197907e+02,3.286454146476565086e-01,-6.156940976659059928e-01,6.227094954691220208e-01,-3.474265474402141955e-03,-1.044102104047172882e-03,-1.961799118884833826e-01,9.805612074267938683e-01
5.249466340926949866e+06,-4.657109881879751338e+05,-5.337003350101300612e+02,3.307123693797985320e-01,-6.191268733219654763e-01,6.218695982009811996e-01,-3.465287716706782085e-03,-1.110238151715455673e-03,-1.961937821331006804e-01,9.805583914349085273e-01
5.249466347644621506e+06,-4.657110004909191630e+05,-5.336879665134931656e+02,3.328203608752034470e-01,-6.217013193592370035e-01,6.215796214035639311e-01,-3.448959237792723152e-03,-1.123899674163503270e-03,-1.961902730724005284e-01,9.805591355397297315e-01
5.249466354402292520e+06,-4.657110128429378965e+05,-5.336756046662239896e+02,3.346227545576612172e-01,-6.241222481737955796e-01,6.212174606474096805e-01,-3.462306826040635697e-03,-1.189875853061931167e-03,-1.962179067199427418e-01,9.805534813147184225e-01
5.249466361207748763e+06,-4.657110252460130141e+05,-5.336632496744634864e+02,3.375095700472334204e-01,-6.268936024514124572e-01,6.209077610542554915e-01,-3.458831913577087563e-03,-1.235169685868615311e-03,-1.962657154424763406e-01,9.805438693851017407e-01
5.249466368070018478e+06,-4.657110377032974502e+05,-5.336509070095363541e+02,3.402162422473249959e-01,-6.296350421963359256e-01,6.199924178663327456e-01,-3.415056911454369092e-03,-1.231483031505815765e-03,-1.962541523141759781e-01,9.805463418648956431e-01
5.249466374976660125e+06,-4.657110502100458834e+05,-5.336385803212767769e+02,3.418577801005960870e-01,-6.319301798748602206e-01,6.193197685453449841e-01,-3.402429411309058210e-03,-1.275671033278709355e-03,-1.962497535555214334e-01,9.805472096622305234e-01
5.249466381921132095e+06,-4.657110627658379381e+05,-5.336262656081778459e+02,3.439054574718435342e-01,-6.346357831832228902e-01,6.188066377530836437e-01,-3.400580214637981703e-03,-1.284785437859026908e-03,-1.962658258198611283e-01,9.805439872873851215e-01
5.249466388907472603e+06,-4.657110753766971175e+05,-5.336139664813349555e+02,3.459453836254537951e-01,-6.375392331521900768e-01,6.177665419014665149e-01,-3.426845346125383107e-03,-1.319303545710200521e-03,-1.962612652790509116e-01,9.805447628384736936e-01
5.249466395934822038e+06,-4.657110880416905857e+05,-5.336016924490966176e+02,3.479116159244325379e-01,-6.401452741792039713e-01,6.162981202805627445e-01,-3.433632440696996087e-03,-1.337843719620402131e-03,-1.962851384661492837e-01,9.805399353262831408e-01
5.249466403009103611e+06,-4.657111007541351137e+05,-5.335894339410901921e+02,3.505544347178499720e-01,-6.423646872616008974e-01,6.162309444824500826e-01,-3.465115051894159491e-03,-1.351006383428190105e-03,-1.963203653742253973e-01,9.805327541233826993e-01
5.249466410137427039e+06,-4.657111135208044434e+05,-5.335771926826230356e+02,3.532108464884235466e-01,-6.456756065128924638e-01,6.145717930527305750e-01,-3.446006324819697337e-03,-1.368232360231019318e-03,-1.963488016391203850e-01,9.805271036976476173e-01
5.249466417316870764e+06,-4.657111263578336802e+05,-5.335649759708090869e+02,3.555491587331557346e-01,-6.495266128205422484e-01,6.137844812208831380e-01,-3.435989304219637299e-03,-1.373736208271838328e-03,-1.963371749153161872e-01,9.805294593142022119e-01
5.249466125958470628e+06,-4.657110369855204481e+05,-5.338409498107311038e+02,3.111094286554031974e-01,-6.455593949705468182e-01,5.908361956152761163e-01,-3.430067809860125327e-03,-1.236989945953304590e-03,-1.980350611057141164e-01,9.801897429451240651e-01
5.249466132276399992e+06,-4.657110498374966555e+05,-5.338291886531043247e+02,3.135439990861116910e-01,-6.487418105174054261e-01,5.907236031766572859e-01,-3.390441623737731718e-03,-1.223543401755954356e-03,-1.980377347366567564e-01,9.801877694997103152e-01
5.249466138645625673e+06,-4.657110627500600531e+05,-5.338174345302739994e+02,3.161585624808506689e-01,-6.517034760028931339e-01,5.901421155379577010e-01,-3.349331146420989145e-03,-1.233222992550727336e-03,-1.980050227029499788e-01,9.801945072972886308e-01
5.249466145062747411e+06,-4.657110757273226045e+05,-5.338056953940289304e+02,3.182385487144254732e-01,-6.553113494364247726e-01,5.892304641378633967e-01,-3.331869930525372791e-03,-1.287917336585369136e-03,-1.980190058376623818e-01,9.801916716889547132e-01
5.249466151523774490e+06,-4.657110887680700980e+05,-5.337939742040553028e+02,3.204667780257553500e-01,-6.581362389437093174e-01,5.883542253716986803e-01,-3.338690279637852865e-03,-1.273354243742572329e-03,-1.980729507292703639e-01,9.801807679787190031e-01
5.249466158030868508e+06,-4.657111018588354345e+05,-5.337822706745157575e+02,3.227713947634077707e-01,-6.603893419558444222e-01,5.874710527990134601e-01,-3.326036959750370420e-03,-1.277845025646681936e-03,-1.980471402439545336e-01,9.801860205294236073e-01
5.249466164590449072e+06,-4.657111150052902522e+05,-5.337705828356721440e+02,3.256260083401199545e-01,-6.637986966090276830e-01,5.867935040195897400e-01,-3.279417603299274436e-03,-1.288543796711701019e-03,-1.980495906514984639e-01,9.801856684975019940e-01
5.249466171197289601e+06,-4.657111282191232312e+05,-5.337589143294460428e+02,3.274012196703793842e-01,-6.672308856797978249e-01,5.855401678644965857e-01,-3.311447640259855899e-03,-1.307804169880591666e-03,-1.980123559511628162e-01,9.801930579552562417e-01
5.249466177840935066e+06,-4.657111414909091545e+05,-5.337472657604665756e+02,3.292236480411964705e-01,-6.696760078530689109e-01,5.848074701193626268e-01,-3.321037916545689812e-03,-1.331925748194106576e-03,-1.980652716402284408e-01,9.801823018507329621e-01
5.249466184521552175e+06,-4.657111548080975190e+05,-5.337356281282761756e+02,3.310193512586022124e-01,-6.718506831437455196e-01,5.844579119379816889e-01,-3.304433374856829888e-03,-1.363122723245030737e-03,-1.980599643410019817e-01,9.801833875108457717e-01
5.249466191239987500e+06,-4.657111681756765465e+05,-5.337240018964442925e+02,3.329142153072328081e-01,-6.748108245048476395e-01,5.836743522360225978e-01,-3.295365250741406557e-03,-1.398201903534349510e-03,-1.980221660894216362e-01,9.801910055428975088e-01
5.249466198011036962e+06,-4.657111815964850248e+05,-5.337123876253668868e+02,3.362039662106964255e-01,-6.772500345651703002e-01,5.832728965424129886e-01,-3.283123668485129435e-03,-1.422180787574942647e-03,-1.979795903322144335e-01,9.801996124889320594e-01
5.249466204838285223e+06,-4.657111950728438096e+05,-5.337007880954073471e+02,3.384383653626540922e-01,-6.804629354360361981e-01,5.822043260274397669e-01,-3.287858890272996656e-03,-1.455304351018568091e-03,-1.980116133783040577e-01,9.801930794753845877e-01
5.249466211714062840e+06,-4.657112086028939229e+05,-5.336892062234097693e+02,3.409782295000851615e-01,-6.826970434194703508e-01,5.815154932251337394e-01,-3.256318937263548256e-03,-1.467148144603218005e-03,-1.980113057180167002e-01,9.801932292574911942e-01
5.249466218633332290e+06,-4.657112221812474309e+05,-5.336776355878632785e+02,3.426971304545700092e-01,-6.853868052961634705e-01,5.810914863754438331e-01,-3.234107538837812865e-03,-1.473324968999596739e-03,-1.980080663645555350e-01,9.801939479142716127e-01
5.249466225593952462e+06,-4.657112358149684733e+05,-5.336660752748463210e+02,3.450206876775571141e-01,-6.883287094643253390e-01,5.804920900577814624e-01,-3.201002799999153395e-03,-1.501383730235145153e-03,-1.979936880609933780e-01,9.801969184441328142e-01
5.249466232607166283e+06,-4.657112495074025355e+05,-5.336545260238426636e+02,3.478636115117911820e-01,-6.913492865247106156e-01,5.799951993969522102e-01,-3.192581062771061677e-03,-1.524839712528894015e-03,-1.980327144923678950e-01,9.801890257967411646e-01
5.249466239670449868e+06,-4.657112632618210628e+05,-5.336429870505529607e+02,3.499255916232911212e-01,-6.946311031239708056e-01,5.794735657109461036e-01,-3.207878892816273982e-03,-1.564249484565464771e-03,-1.980396773616998896e-01,9.801875069795533690e-01
5.249466246774347499e+06,-4.657112770716361119e+05,-5.336314564933985594e+02,3.518368939373306414e-01,-6.969761373397075355e-01,5.791654079265948774e-01,-3.199516744778338733e-03,-1.590699755290570861e-03,-1.980470489195189920e-01,9.801860023449936454e-01
5.249466253917494789e+06,-4.657112909359080368e+05,-5.336199356754335668e+02,3.537469376154905309e-01,-7.001819582119902519e-01,5.785074758840145215e-01,-3.209985842424782545e-03,-1.635405727495175578e-03,-1.980515115882995336e-01,9.801849928501645826e-01
5.249466261108365841e+06,-4.657113048610707629e+05,-5.336084275880781433e+02,3.565139011376323719e-01,-7.031606505132013130e-01,5.779012020284566287e-01,-3.234357857939118824e-03,-1.646193252199364913e-03,-1.980504882216359008e-01,9.801851014499564085e-01
5.249466268348753452e+06,-4.657113188391333679e+05,-5.335969301441730295e+02,3.586094764545176838e-01,-7.055633347171903491e-01,5.774538290721559219e-01,-3.235715141547999135e-03,-1.645792525732505361e-03,-1.980079581511880182e-01,9.801936900611514236e-01
5.249466275632696226e+06,-4.657113328668861068e+05,-5.335854375354778085e+02,3.607737444249560776e-01,-7.082255029134347790e-01,5.774320074905898714e-01,-3.249232517909155567e-03,-1.693009415563119166e-03,-1.979686521302194691e-01,9.802015042803640110e-01
5.249466282962036319e+06,-4.657113469459171756e+05,-5.335739555285471170e+02,3.630562161018254241e-01,-7.107828520712110576e-01,5.763984617131772126e-01,-3.270387313565216360e-03,-1.688382391414873160e-03,-1.979992442888220405e-01,9.801952627948750107e-01
