5.249465341916837730e+06,4.657107056325789890e+05,-5.352849164934949613e+02
5.249465341916837730e+06,4.657107056325789890e+05,-5.352849164934949613e+02
5.249465341916837730e+06,4.657107056325789890e+05,-5.352849164934949613e+02
5.249465341916837730e+06,4.657107056325789890e+05,-5.352839164934949849e+02
5.249465341916837730e+06,4.657107056325789890e+05,-5.352839164934949849e+02
5.249465341916837730e+06,4.657107056325789890e+05,-5.352839164934949849e+02
5.249465341916837730e+06,4.657107056325789890e+05,-5.352839164934949849e+02
5.249465341960890219e+06,4.657106980866438826e+05,-5.352839166329777072e+02
5.249465341960890219e+06,4.657106980866438826e+05,-5.352839166329777072e+02
5.249465341960890219e+06,4.657106980866438826e+05,-5.352829166329777308e+02
5.249465341960890219e+06,4.657106980866438826e+05,-5.352829166329777308e+02
5.249465341960890219e+06,4.657106980866438826e+05,-5.352819166329776408e+02
5.249465341960890219e+06,4.657106980866438826e+05,-5.352819166329776408e+02
5.249465341960890219e+06,4.657106980866438826e+05,-5.352809166329776644e+02
5.249465341960890219e+06,4.657106980866438826e+05,-5.352809166329776644e+02
5.249465341960890219e+06,4.657106980866438826e+05,-5.352799166329776881e+02
5.249465341960890219e+06,4.657106980866438826e+05,-5.352799166329776881e+02
5.249465341960890219e+06,4.657106980866438826e+05,-5.352789166329777117e+02
5.249465341960890219e+06,4.657106980866438826e+05,-5.352789166329777117e+02
5.249465341960890219e+06,4.657106980866438826e+05,-5.352799166329776881e+02
5.249465341960890219e+06,4.657106980866438826e+05,-5.352799166329776881e+02
5.249465341960890219e+06,4.657106980866438826e+05,-5.352809166329776644e+02
5.249465341960890219e+06,4.657106980866438826e+05,-5.352809166329776644e+02
5.249465341960890219e+06,4.657106980866438826e+05,-5.352809166329776644e+02
5.249465341960890219e+06,4.657106980866438826e+05,-5.352809166329776644e+02
5.249465341960890219e+06,4.657106980866438826e+05,-5.352809166329776644e+02
5.249465341960890219e+06,4.657106980866438826e+05,-5.352809166329776644e+02
5.249465341960890219e+06,4.657106980866438826e+05,-5.352809166329776644e+02
5.249465341960890219e+06,4.657106980866438826e+05,-5.352809166329776644e+02
5.249465341960890219e+06,4.657106980866438826e+05,-5.352809166329776644e+02
5.249465341960890219e+06,4.657106980866438826e+05,-5.352809166329776644e+02
5.249465341960890219e+06,4.657106980866438826e+05,-5.352809166329776644e+02
5.249465341960890219e+06,4.657106980866438826e+05,-5.352809166329776644e+02
5.249465341960890219e+06,4.657106980866438826e+05,-5.352799166329776881e+02
5.249465341960890219e+06,4.657106980866438826e+05,-5.352799166329776881e+02
5.249465341960890219e+06,4.657106980866438826e+05,-5.352799166329776881e+02
5.249465341960890219e+06,4.657106980866438826e+05,-5.352799166329776881e+02
5.249465341960890219e+06,4.657106980866438826e+05,-5.352789166329777117e+02
5.249465341960890219e+06,4.657106980866438826e+05,-5.352789166329777117e+02
5.249465341960890219e+06,4.657106980866438826e+05,-5.352789166329777117e+02
5.249465341960890219e+06,4.657106980866438826e+05,-5.352789166329777117e+02
5.249465341960890219e+06,4.657106980866438826e+05,-5.352789166329777117e+02
5.249465341960890219e+06,4.657106980866438826e+05,-5.352789166329777117e+02
5.249465353074274026e+06,4.657106981515217922e+05,-5.352779166798188726e+02
5.249465353074274026e+06,4.657106981515217922e+05,-5.352779166798188726e+02
5.249465353074274026e+06,4.657106981515217922e+05,-5.352779166798188726e+02
5.249465353074274026e+06,4.657106981515217922e+05,-5.352769166798188962e+02
5.249465353074274026e+06,4.657106981515217922e+05,-5.352769166798188962e+02
5.249465353074274026e+06,4.657106981515217922e+05,-5.352759166798189199e+02
5.249465353074274026e+06,4.657106981515217922e+05,-5.352749166798188298e+02
5.249465353074274026e+06,4.657106981515217922e+05,-5.352749166798188298e+02
5.249465353074274026e+06,4.657106981515217922e+05,-5.352739166798188535e+02
5.249465353074274026e+06,4.657106981515217922e+05,-5.352729166798188771e+02
5.249465353074274026e+06,4.657106981515217922e+05,-5.352729166798188771e+02
5.249465353074274026e+06,4.657106981515217922e+05,-5.352719166798189008e+02
5.249465353074274026e+06,4.657106981515217922e+05,-5.352709166798189244e+02
5.249465353074274026e+06,4.657106981515217922e+05,-5.352699166798188344e+02
5.249465353074274026e+06,4.657106981515217922e+05,-5.352699166798188344e+02
5.249465353074274026e+06,4.657106981515217922e+05,-5.352689166798188580e+02
5.249465353074274026e+06,4.657106981515217922e+05,-5.352689166798188580e+02
5.249465353074274026e+06,4.657106981515217922e+05,-5.352689166798188580e+02
5.249465353074274026e+06,4.657106981515217922e+05,-5.352679166798188817e+02
5.249465353074274026e+06,4.657106981515217922e+05,-5.352679166798188817e+02
5.249465353074274026e+06,4.657106981515217922e+05,-5.352679166798188817e+02
5.249465353074274026e+06,4.657106981515217922e+05,-5.352669166798189053e+02
5.249465353074274026e+06,4.657106981515217922e+05,-5.352669166798189053e+02
5.249465353074274026e+06,4.657106981515217922e+05,-5.352659166798189290e+02
5.249465353074274026e+06,4.657106981515217922e+05,-5.352659166798189290e+02
5.249465353074274026e+06,4.657106981515217922e+05,-5.352659166798189290e+02
5.249465353074274026e+06,4.657106981515217922e+05,-5.352649166798188389e+02
5.249465353074274026e+06,4.657106981515217922e+05,-5.352649166798188389e+02
5.249465353074274026e+06,4.657106981515217922e+05,-5.352639166798188626e+02
5.249465353074274026e+06,4.657106981515217922e+05,-5.352639166798188626e+02
5.249465353074274026e+06,4.657106981515217922e+05,-5.352629166798188862e+02
5.249465353074274026e+06,4.657106981515217922e+05,-5.352629166798188862e+02
5.249465353074274026e+06,4.657106981515217922e+05,-5.352619166798189099e+02
5.249465353074274026e+06,4.657106981515217922e+05,-5.352619166798189099e+02
5.249465353074274026e+06,4.657106981515217922e+05,-5.352609166798189335e+02
5.249465353074274026e+06,4.657106981515217922e+05,-5.352609166798189335e+02
5.249465353074274026e+06,4.657106981515217922e+05,-5.352619166798189099e+02
5.249465353074274026e+06,4.657106981515217922e+05,-5.352629166798188862e+02
5.249465353074274026e+06,4.657106981515217922e+05,-5.352629166798188862e+02
5.249465353074274026e+06,4.657106981515217922e+05,-5.352639166798188626e+02
5.249465353074274026e+06,4.657106981515217922e+05,-5.352639166798188626e+02
5.249465353074274026e+06,4.657106981515217922e+05,-5.352649166798188389e+02
5.249465353074274026e+06,4.657106981515217922e+05,-5.352649166798188389e+02
5.249465353030221537e+06,4.657107056974569568e+05,-5.352649165403361167e+02
5.249465353030221537e+06,4.657107056974569568e+05,-5.352649165403361167e+02
5.249465353030221537e+06,4.657107056974569568e+05,-5.352649165403361167e+02
5.249465353030221537e+06,4.657107056974569568e+05,-5.352649165403361167e+02
5.249465353030221537e+06,4.657107056974569568e+05,-5.352649165403361167e+02
5.249465353030221537e+06,4.657107056974569568e+05,-5.352649165403361167e+02
5.249465353030221537e+06,4.657107056974569568e+05,-5.352649165403361167e+02
5.249465353030221537e+06,4.657107056974569568e+05,-5.352649165403361167e+02
5.249465353030221537e+06,4.657107056974569568e+05,-5.352639165403361403e+02
5.249465353030221537e+06,4.657107056974569568e+05,-5.352639165403361403e+02
5.249465353030221537e+06,4.657107056974569568e+05,-5.352639165403361403e+02
5.249465353030221537e+06,4.657107056974569568e+05,-5.352629165403361640e+02
5.249465353030221537e+06,4.657107056974569568e+05,-5.352629165403361640e+02
5.249465353030221537e+06,4.657107056974569568e+05,-5.352639165403361403e+02
5.249465353030221537e+06,4.657107056974569568e+05,-5.352639165403361403e+02
5.249465353030221537e+06,4.657107056974569568e+05,-5.352649165403361167e+02
5.249465353030221537e+06,4.657107056974569568e+05,-5.352649165403361167e+02
5.249465353030221537e+06,4.657107056974569568e+05,-5.352649165403361167e+02
5.249465364143607207e+06,4.657107057623348082e+05,-5.352649165871774812e+02
5.249465364143607207e+06,4.657107057623348082e+05,-5.352649165871774812e+02
5.249465364143607207e+06,4.657107057623348082e+05,-5.352649165871774812e+02
5.249465364143607207e+06,4.657107057623348082e+05,-5.352639165871775049e+02
5.249465364143607207e+06,4.657107057623348082e+05,-5.352639165871775049e+02
5.249465364143607207e+06,4.657107057623348082e+05,-5.352639165871775049e+02
5.249465364143607207e+06,4.657107057623348082e+05,-5.352639165871775049e+02
5.249465364143607207e+06,4.657107057623348082e+05,-5.352629165871774148e+02
5.249465364143607207e+06,4.657107057623348082e+05,-5.352629165871774148e+02
5.249465353030221537e+06,4.657107056974569568e+05,-5.352619165403361876e+02
5.249465353030221537e+06,4.657107056974569568e+05,-5.352609165403362113e+02
5.249465353030221537e+06,4.657107056974569568e+05,-5.352609165403362113e+02
5.249465353030221537e+06,4.657107056974569568e+05,-5.352599165403361212e+02
5.249465353030221537e+06,4.657107056974569568e+05,-5.352589165403361449e+02
5.249465353030221537e+06,4.657107056974569568e+05,-5.352589165403361449e+02
5.249465353030221537e+06,4.657107056974569568e+05,-5.352589165403361449e+02
5.249465364143607207e+06,4.657107057623348082e+05,-5.352589165871775094e+02
5.249465364143607207e+06,4.657107057623348082e+05,-5.352589165871775094e+02
5.249465364143607207e+06,4.657107057623348082e+05,-5.352579165871774194e+02
5.249465364143607207e+06,4.657107057623348082e+05,-5.352579165871774194e+02
5.249465364143607207e+06,4.657107057623348082e+05,-5.352579165871774194e+02
5.249465364143607207e+06,4.657107057623348082e+05,-5.352579165871774194e+02
5.249465364143607207e+06,4.657107057623348082e+05,-5.352569165871774430e+02
5.249465364143607207e+06,4.657107057623348082e+05,-5.352569165871774430e+02
5.249465364143607207e+06,4.657107057623348082e+05,-5.352559165871774667e+02
5.249465364143607207e+06,4.657107057623348082e+05,-5.352559165871774667e+02
5.249465364143607207e+06,4.657107057623348082e+05,-5.352559165871774667e+02
5.249465364143607207e+06,4.657107057623348082e+05,-5.352549165871774903e+02
5.249465364143607207e+06,4.657107057623348082e+05,-5.352549165871774903e+02
5.249465364143607207e+06,4.657107057623348082e+05,-5.352539165871775140e+02
5.249465364143607207e+06,4.657107057623348082e+05,-5.352539165871775140e+02
5.249465364143607207e+06,4.657107057623348082e+05,-5.352529165871774239e+02
5.249465364143607207e+06,4.657107057623348082e+05,-5.352519165871774476e+02
5.249465364143607207e+06,4.657107057623348082e+05,-5.352509165871774712e+02
5.249465364143607207e+06,4.657107057623348082e+05,-5.352509165871774712e+02
5.249465364143607207e+06,4.657107057623348082e+05,-5.352509165871774712e+02
5.249465364143607207e+06,4.657107057623348082e+05,-5.352499165871774949e+02
5.249465364143607207e+06,4.657107057623348082e+05,-5.352499165871774949e+02
5.249465364143607207e+06,4.657107057623348082e+05,-5.352499165871774949e+02
5.249465364143607207e+06,4.657107057623348082e+05,-5.352489165871775185e+02
5.249465364143607207e+06,4.657107057623348082e+05,-5.352489165871775185e+02
5.249465364143607207e+06,4.657107057623348082e+05,-5.352479165871774285e+02
5.249465364143607207e+06,4.657107057623348082e+05,-5.352469165871774521e+02
5.249465364143607207e+06,4.657107057623348082e+05,-5.352459165871774758e+02
5.249465364143607207e+06,4.657107057623348082e+05,-5.352449165871774994e+02
5.249465364143607207e+06,4.657107057623348082e+05,-5.352439165871775231e+02
5.249465364143607207e+06,4.657107057623348082e+05,-5.352439165871775231e+02
5.249465364143607207e+06,4.657107057623348082e+05,-5.352429165871774330e+02
5.249465364187658764e+06,4.657106982163997600e+05,-5.352419167266602926e+02
5.249465364187658764e+06,4.657106982163997600e+05,-5.352409167266602026e+02
5.249465353074274026e+06,4.657106981515217922e+05,-5.352399166798188617e+02
5.249465353074274026e+06,4.657106981515217922e+05,-5.352389166798188853e+02
5.249465353074274026e+06,4.657106981515217922e+05,-5.352379166798189090e+02
5.249465353074274026e+06,4.657106981515217922e+05,-5.352369166798189326e+02
5.249465353074274026e+06,4.657106981515217922e+05,-5.352369166798189326e+02
5.249465353074274026e+06,4.657106981515217922e+05,-5.352369166798189326e+02
5.249465353074274026e+06,4.657106981515217922e+05,-5.352379166798189090e+02
5.249465353030221537e+06,4.657107056974569568e+05,-5.352379165403360730e+02
5.249465353030221537e+06,4.657107056974569568e+05,-5.352389165403360494e+02
5.249465353030221537e+06,4.657107056974569568e+05,-5.352389165403360494e+02
5.249465353030221537e+06,4.657107056974569568e+05,-5.352389165403360494e+02
5.249465353030221537e+06,4.657107056974569568e+05,-5.352389165403360494e+02
5.249465353030221537e+06,4.657107056974569568e+05,-5.352389165403360494e+02
5.249465353030221537e+06,4.657107056974569568e+05,-5.352389165403360494e+02
5.249465353030221537e+06,4.657107056974569568e+05,-5.352389165403360494e+02
5.249465353030221537e+06,4.657107056974569568e+05,-5.352389165403360494e+02
5.249465353030221537e+06,4.657107056974569568e+05,-5.352379165403360730e+02
5.249465353030221537e+06,4.657107056974569568e+05,-5.352379165403360730e+02
5.249465353030221537e+06,4.657107056974569568e+05,-5.352379165403360730e+02
5.249465353030221537e+06,4.657107056974569568e+05,-5.352369165403360967e+02
5.249465353030221537e+06,4.657107056974569568e+05,-5.352369165403360967e+02
5.249465353030221537e+06,4.657107056974569568e+05,-5.352359165403361203e+02
5.249465353030221537e+06,4.657107056974569568e+05,-5.352349165403361440e+02
5.249465353030221537e+06,4.657107056974569568e+05,-5.352349165403361440e+02
5.249465353030221537e+06,4.657107056974569568e+05,-5.352339165403361676e+02
5.249465353030221537e+06,4.657107056974569568e+05,-5.352349165403361440e+02
5.249465353030221537e+06,4.657107056974569568e+05,-5.352349165403361440e+02
5.249465353030221537e+06,4.657107056974569568e+05,-5.352349165403361440e+02
5.249465353030221537e+06,4.657107056974569568e+05,-5.352349165403361440e+02
5.249465353030221537e+06,4.657107056974569568e+05,-5.352349165403361440e+02
5.249465353030221537e+06,4.657107056974569568e+05,-5.352349165403361440e+02
5.249465353030221537e+06,4.657107056974569568e+05,-5.352349165403361440e+02
5.249465353030221537e+06,4.657107056974569568e+05,-5.352339165403361676e+02
5.249465353030221537e+06,4.657107056974569568e+05,-5.352339165403361676e+02
5.249465353030221537e+06,4.657107056974569568e+05,-5.352329165403361912e+02
5.249465353030221537e+06,4.657107056974569568e+05,-5.352329165403361912e+02
5.249465353030221537e+06,4.657107056974569568e+05,-5.352319165403362149e+02
5.249465353030221537e+06,4.657107056974569568e+05,-5.352319165403362149e+02
5.249465353030221537e+06,4.657107056974569568e+05,-5.352309165403361249e+02
5.249465353030221537e+06,4.657107056974569568e+05,-5.352309165403361249e+02
5.249465353030221537e+06,4.657107056974569568e+05,-5.352299165403361485e+02
5.249465353030221537e+06,4.657107056974569568e+05,-5.352289165403360585e+02
5.249465353030221537e+06,4.657107056974569568e+05,-5.352279165403360821e+02
5.249465353030221537e+06,4.657107056974569568e+05,-5.352279165403360821e+02
5.249465353030221537e+06,4.657107056974569568e+05,-5.352279165403360821e+02
5.249465353030221537e+06,4.657107056974569568e+05,-5.352279165403360821e+02
5.249465353030221537e+06,4.657107056974569568e+05,-5.352289165403360585e+02
5.249465353030221537e+06,4.657107056974569568e+05,-5.352289165403360585e+02
5.249465353030221537e+06,4.657107056974569568e+05,-5.352289165403360585e+02
5.249465353030221537e+06,4.657107056974569568e+05,-5.352289165403360585e+02
5.249465353030221537e+06,4.657107056974569568e+05,-5.352289165403360585e+02
5.249465353030221537e+06,4.657107056974569568e+05,-5.352289165403360585e+02
5.249465353030221537e+06,4.657107056974569568e+05,-5.352289165403360585e+02
5.249465353030221537e+06,4.657107056974569568e+05,-5.352289165403360585e+02
5.249465353030221537e+06,4.657107056974569568e+05,-5.352289165403360585e+02
5.249465353030221537e+06,4.657107056974569568e+05,-5.352279165403360821e+02
5.249465353030221537e+06,4.657107056974569568e+05,-5.352279165403360821e+02
5.249465353030221537e+06,4.657107056974569568e+05,-5.352269165403361058e+02
5.249465353030221537e+06,4.657107056974569568e+05,-5.352269165403361058e+02
5.249465353030221537e+06,4.657107056974569568e+05,-5.352259165403361294e+02
5.249465353030221537e+06,4.657107056974569568e+05,-5.352249165403361530e+02
5.249465353030221537e+06,4.657107056974569568e+05,-5.352239165403361767e+02
5.249465353030221537e+06,4.657107056974569568e+05,-5.352239165403361767e+02
5.249465353030221537e+06,4.657107056974569568e+05,-5.352229165403362003e+02
5.249465353030221537e+06,4.657107056974569568e+05,-5.352219165403361103e+02
5.249465353030221537e+06,4.657107056974569568e+05,-5.352229165403362003e+02
5.249465353030221537e+06,4.657107056974569568e+05,-5.352229165403362003e+02
5.249465353030221537e+06,4.657107056974569568e+05,-5.352229165403362003e+02
5.249465353030221537e+06,4.657107056974569568e+05,-5.352229165403362003e+02
5.249465352986169979e+06,4.657107132433921215e+05,-5.352229164008533644e+02
5.249465352986169979e+06,4.657107132433921215e+05,-5.352229164008533644e+02
5.249465352986169979e+06,4.657107132433921215e+05,-5.352229164008533644e+02
5.249465352986169979e+06,4.657107132433921215e+05,-5.352219164008533880e+02
5.249465352986169979e+06,4.657107132433921215e+05,-5.352219164008533880e+02
5.249465352986169979e+06,4.657107132433921215e+05,-5.352219164008533880e+02
5.249465352986169979e+06,4.657107132433921215e+05,-5.352209164008534117e+02
5.249465352986169979e+06,4.657107132433921215e+05,-5.352199164008534353e+02
5.249465352986169979e+06,4.657107132433921215e+05,-5.352199164008534353e+02
5.249465352986169979e+06,4.657107132433921215e+05,-5.352189164008534590e+02
5.249465352986169979e+06,4.657107132433921215e+05,-5.352179164008534826e+02
5.249465352986169979e+06,4.657107132433921215e+05,-5.352179164008534826e+02
5.249465352986169979e+06,4.657107132433921215e+05,-5.352169164008533926e+02
5.249465352986169979e+06,4.657107132433921215e+05,-5.352159164008534162e+02
5.249465352986169979e+06,4.657107132433921215e+05,-5.352149164008534399e+02
5.249465352986169979e+06,4.657107132433921215e+05,-5.352149164008534399e+02
5.249465352986169979e+06,4.657107132433921215e+05,-5.352159164008534162e+02
5.249465352986169979e+06,4.657107132433921215e+05,-5.352169164008533926e+02
5.249465352986169979e+06,4.657107132433921215e+05,-5.352169164008533926e+02
5.249465352986169979e+06,4.657107132433921215e+05,-5.352179164008534826e+02
5.249465352986169979e+06,4.657107132433921215e+05,-5.352179164008534826e+02
5.249465352986169979e+06,4.657107132433921215e+05,-5.352179164008534826e+02
5.249465352986169979e+06,4.657107132433921215e+05,-5.352179164008534826e+02
5.249465352986169979e+06,4.657107132433921215e+05,-5.352179164008534826e+02
5.249465352986169979e+06,4.657107132433921215e+05,-5.352179164008534826e+02
5.249465352986169979e+06,4.657107132433921215e+05,-5.352179164008534826e+02
5.249465352986169979e+06,4.657107132433921215e+05,-5.352169164008533926e+02
5.249465352986169979e+06,4.657107132433921215e+05,-5.352169164008533926e+02
5.249465352986169979e+06,4.657107132433921215e+05,-5.352169164008533926e+02
5.249465352986169979e+06,4.657107132433921215e+05,-5.352159164008534162e+02
5.249465352986169979e+06,4.657107132433921215e+05,-5.352159164008534162e+02
5.249465352986169979e+06,4.657107132433921215e+05,-5.352149164008534399e+02
5.249465352986169979e+06,4.657107132433921215e+05,-5.352149164008534399e+02
5.249465352986169979e+06,4.657107132433921215e+05,-5.352139164008533498e+02
5.249465352986169979e+06,4.657107132433921215e+05,-5.352129164008533735e+02
5.249465352986169979e+06,4.657107132433921215e+05,-5.352129164008533735e+02
5.249465352986169979e+06,4.657107132433921215e+05,-5.352139164008533498e+02
5.249465352986169979e+06,4.657107132433921215e+05,-5.352149164008534399e+02
5.249465352942118421e+06,4.657107207893274026e+05,-5.352149162613707176e+02
5.249465352942118421e+06,4.657107207893274026e+05,-5.352149162613707176e+02
5.249465352942118421e+06,4.657107207893274026e+05,-5.352149162613707176e+02
5.249465352942118421e+06,4.657107207893274026e+05,-5.352159162613706940e+02
5.249465352942118421e+06,4.657107207893274026e+05,-5.352159162613706940e+02
5.249465352942118421e+06,4.657107207893274026e+05,-5.352149162613707176e+02
5.249465352942118421e+06,4.657107207893274026e+05,-5.352149162613707176e+02
5.249465352942118421e+06,4.657107207893274026e+05,-5.352149162613707176e+02
5.249465352942118421e+06,4.657107207893274026e+05,-5.352149162613707176e+02
5.249465364055503160e+06,4.657107208542052540e+05,-5.352139163082119921e+02
5.249465364055503160e+06,4.657107208542052540e+05,-5.352139163082119921e+02
5.249465364055503160e+06,4.657107208542052540e+05,-5.352129163082120158e+02
5.249465364055503160e+06,4.657107208542052540e+05,-5.352129163082120158e+02
5.249465364055503160e+06,4.657107208542052540e+05,-5.352119163082119258e+02
5.249465364055503160e+06,4.657107208542052540e+05,-5.352109163082119494e+02
5.249465364055503160e+06,4.657107208542052540e+05,-5.352109163082119494e+02
5.249465364055503160e+06,4.657107208542052540e+05,-5.352099163082118594e+02
5.249465364055503160e+06,4.657107208542052540e+05,-5.352099163082118594e+02
5.249465364055503160e+06,4.657107208542052540e+05,-5.352109163082119494e+02
5.249465364055503160e+06,4.657107208542052540e+05,-5.352119163082119258e+02
5.249465364055503160e+06,4.657107208542052540e+05,-5.352119163082119258e+02
5.249465364055503160e+06,4.657107208542052540e+05,-5.352129163082120158e+02
5.249465364055503160e+06,4.657107208542052540e+05,-5.352139163082119921e+02
5.249465364055503160e+06,4.657107208542052540e+05,-5.352139163082119921e+02
5.249465364055503160e+06,4.657107208542052540e+05,-5.352139163082119921e+02
5.249465364055503160e+06,4.657107208542052540e+05,-5.352149163082119685e+02
5.249465364055503160e+06,4.657107208542052540e+05,-5.352149163082119685e+02
5.249465364011450671e+06,4.657107284001404187e+05,-5.352159161687291089e+02
5.249465364011450671e+06,4.657107284001404187e+05,-5.352179161687291753e+02
5.249465364011450671e+06,4.657107284001404187e+05,-5.352199161687292417e+02
5.249465364011450671e+06,4.657107284001404187e+05,-5.352219161687291944e+02
5.249465364011450671e+06,4.657107284001404187e+05,-5.352249161687291235e+02
5.249465364011450671e+06,4.657107284001404187e+05,-5.352279161687291662e+02
5.249465364011450671e+06,4.657107284001404187e+05,-5.352329161687291617e+02
5.249465364011450671e+06,4.657107284001404187e+05,-5.352379161687291571e+02
5.249465364011450671e+06,4.657107284001404187e+05,-5.352429161687291526e+02
5.249465364011450671e+06,4.657107284001404187e+05,-5.352499161687292144e+02
5.249465364011450671e+06,4.657107284001404187e+05,-5.352579161687291389e+02
5.249465364011450671e+06,4.657107284001404187e+05,-5.352669161687291535e+02
5.249465364011450671e+06,4.657107284001404187e+05,-5.352769161687291444e+02
5.249465375124835409e+06,4.657107284650183283e+05,-5.352879162155705899e+02
5.249465375124835409e+06,4.657107284650183283e+05,-5.352989162155705571e+02
5.249465375124835409e+06,4.657107284650183283e+05,-5.353119162155705908e+02
5.249465375124835409e+06,4.657107284650183283e+05,-5.353249162155705108e+02
5.249465375124835409e+06,4.657107284650183283e+05,-5.353389162155706344e+02
5.249465375124835409e+06,4.657107284650183283e+05,-5.353539162155705071e+02
5.249465375124835409e+06,4.657107284650183283e+05,-5.353699162155705835e+02
5.249465375124835409e+06,4.657107284650183283e+05,-5.353869162155706363e+02
5.249465375124835409e+06,4.657107284650183283e+05,-5.354049162155706654e+02
5.249465375124835409e+06,4.657107284650183283e+05,-5.354229162155705808e+02
5.249465375124835409e+06,4.657107284650183283e+05,-5.354429162155705626e+02
5.249465375124835409e+06,4.657107284650183283e+05,-5.354629162155706581e+02
5.249465375124835409e+06,4.657107284650183283e+05,-5.354839162155706163e+02
5.249465375124835409e+06,4.657107284650183283e+05,-5.355059162155705508e+02
5.249465375124835409e+06,4.657107284650183283e+05,-5.355299162155706654e+02
5.249465375124835409e+06,4.657107284650183283e+05,-5.355539162155705526e+02
5.249465375124835409e+06,4.657107284650183283e+05,-5.355779162155706672e+02
5.249465375124835409e+06,4.657107284650183283e+05,-5.356049162155705972e+02
5.249465375124835409e+06,4.657107284650183283e+05,-5.356329162155705035e+02
5.249465375124835409e+06,4.657107284650183283e+05,-5.356609162155705235e+02
5.249465375124835409e+06,4.657107284650183283e+05,-5.356909162155706099e+02
5.249465375124835409e+06,4.657107284650183283e+05,-5.357209162155705826e+02
5.249465375124835409e+06,4.657107284650183283e+05,-5.357519162155706454e+02
5.249465375124835409e+06,4.657107284650183283e+05,-5.357839162155705708e+02
5.249465375124835409e+06,4.657107284650183283e+05,-5.358169162155705862e+02
5.249465375124835409e+06,4.657107284650183283e+05,-5.358509162155705781e+02
5.249465375124835409e+06,4.657107284650183283e+05,-5.358859162155706599e+02
5.249465375124835409e+06,4.657107284650183283e+05,-5.359209162155705144e+02
5.249465375124835409e+06,4.657107284650183283e+05,-5.359579162155705490e+02
5.249465375124835409e+06,4.657107284650183283e+05,-5.359949162155705835e+02
5.249465375124835409e+06,4.657107284650183283e+05,-5.360329162155705944e+02
5.249465375124835409e+06,4.657107284650183283e+05,-5.360709162155706053e+02
5.249465375124835409e+06,4.657107284650183283e+05,-5.361109162155705690e+02
5.249465375124835409e+06,4.657107284650183283e+05,-5.361499162155705562e+02
5.249465375124835409e+06,4.657107284650183283e+05,-5.361909162155706099e+02
5.249465375124835409e+06,4.657107284650183283e+05,-5.362309162155705735e+02
5.249465375124835409e+06,4.657107284650183283e+05,-5.362719162155706272e+02
5.249465375124835409e+06,4.657107284650183283e+05,-5.363149162155705199e+02
5.249465375124835409e+06,4.657107284650183283e+05,-5.363589162155706163e+02
5.249465375124835409e+06,4.657107284650183283e+05,-5.364029162155705990e+02
5.249465375124835409e+06,4.657107284650183283e+05,-5.364469162155705817e+02
5.249465375168886967e+06,4.657107209190831636e+05,-5.364909163550532867e+02
5.249465375168886967e+06,4.657107209190831636e+05,-5.365359163550533594e+02
5.249465375168886967e+06,4.657107209190831636e+05,-5.365799163550533422e+02
5.249465375168886967e+06,4.657107209190831636e+05,-5.366249163550533012e+02
5.249465375168886967e+06,4.657107209190831636e+05,-5.366699163550533740e+02
5.249465375168886967e+06,4.657107209190831636e+05,-5.367149163550534468e+02
5.249465375168886967e+06,4.657107209190831636e+05,-5.367609163550533822e+02
5.249465375168886967e+06,4.657107209190831636e+05,-5.368059163550533412e+02
5.249465375168886967e+06,4.657107209190831636e+05,-5.368519163550533904e+02
5.249465364055503160e+06,4.657107208542052540e+05,-5.368969163082119849e+02
5.249465364055503160e+06,4.657107208542052540e+05,-5.369429163082119203e+02
5.249465364099554718e+06,4.657107133082699729e+05,-5.369889164476946917e+02
5.249465364099554718e+06,4.657107133082699729e+05,-5.370359164476947171e+02
5.249465364099554718e+06,4.657107133082699729e+05,-5.370819164476947662e+02
5.249465364099554718e+06,4.657107133082699729e+05,-5.371279164476947017e+02
5.249465364099554718e+06,4.657107133082699729e+05,-5.371749164476947271e+02
5.249465364099554718e+06,4.657107133082699729e+05,-5.372219164476946389e+02
5.249465364099554718e+06,4.657107133082699729e+05,-5.372699164476946407e+02
5.249465364099554718e+06,4.657107133082699729e+05,-5.373189164476947326e+02
5.249465364099554718e+06,4.657107133082699729e+05,-5.373669164476947344e+02
5.249465364143607207e+06,4.657107057623348082e+05,-5.374149165871774585e+02
5.249465364143607207e+06,4.657107057623348082e+05,-5.374639165871774367e+02
5.249465364143607207e+06,4.657107057623348082e+05,-5.375119165871774385e+02
5.249465364143607207e+06,4.657107057623348082e+05,-5.375599165871774403e+02
5.249465353030221537e+06,4.657107056974569568e+05,-5.376079165403361912e+02
5.249465353030221537e+06,4.657107056974569568e+05,-5.376559165403361931e+02
5.249465353030221537e+06,4.657107056974569568e+05,-5.377039165403361949e+02
5.249465353030221537e+06,4.657107056974569568e+05,-5.377509165403361067e+02
5.249465353030221537e+06,4.657107056974569568e+05,-5.377979165403361321e+02
5.249465353074274026e+06,4.657106981515217922e+05,-5.378439166798189035e+02
5.249465353074274026e+06,4.657106981515217922e+05,-5.378899166798188389e+02
5.249465353074274026e+06,4.657106981515217922e+05,-5.379349166798189117e+02
5.249465353074274026e+06,4.657106981515217922e+05,-5.379799166798188708e+02
5.249465353074274026e+06,4.657106981515217922e+05,-5.380239166798188535e+02
5.249465353074274026e+06,4.657106981515217922e+05,-5.380669166798188598e+02
5.249465353074274026e+06,4.657106981515217922e+05,-5.381099166798188662e+02
5.249465353074274026e+06,4.657106981515217922e+05,-5.381519166798188962e+02
5.249465353074274026e+06,4.657106981515217922e+05,-5.381949166798189026e+02
5.249465341960890219e+06,4.657106980866438826e+05,-5.382359166329777054e+02
5.249465341960890219e+06,4.657106980866438826e+05,-5.382769166329776453e+02
5.249465341960890219e+06,4.657106980866438826e+05,-5.383169166329777227e+02
5.249465342004940845e+06,4.657106905407085433e+05,-5.383559167724604322e+02
5.249465342004940845e+06,4.657106905407085433e+05,-5.383949167724604195e+02
5.249465342004940845e+06,4.657106905407085433e+05,-5.384329167724604304e+02
5.249465342004940845e+06,4.657106905407085433e+05,-5.384699167724604649e+02
5.249465342004940845e+06,4.657106905407085433e+05,-5.385059167724604094e+02
5.249465342004940845e+06,4.657106905407085433e+05,-5.385409167724603776e+02
5.249465342004940845e+06,4.657106905407085433e+05,-5.385759167724604595e+02
5.249465342004940845e+06,4.657106905407085433e+05,-5.386089167724603612e+02
5.249465342004940845e+06,4.657106905407085433e+05,-5.386419167724603767e+02
5.249465342004940845e+06,4.657106905407085433e+05,-5.386749167724603922e+02
5.249465342004940845e+06,4.657106905407085433e+05,-5.387059167724603412e+02
5.249465342004940845e+06,4.657106905407085433e+05,-5.387369167724604040e+02
5.249465342004940845e+06,4.657106905407085433e+05,-5.387669167724603767e+02
5.249465342004940845e+06,4.657106905407085433e+05,-5.387969167724604631e+02
5.249465342004940845e+06,4.657106905407085433e+05,-5.388259167724604595e+02
5.249465330891557969e+06,4.657106904758306337e+05,-5.388549167256193186e+02
5.249465330891557969e+06,4.657106904758306337e+05,-5.388839167256193150e+02
5.249465330891557969e+06,4.657106904758306337e+05,-5.389119167256193350e+02
5.249465330891557969e+06,4.657106904758306337e+05,-5.389399167256193550e+02
5.249465330891557969e+06,4.657106904758306337e+05,-5.389669167256192850e+02
5.249465330891557969e+06,4.657106904758306337e+05,-5.389929167256193523e+02
5.249465330891557969e+06,4.657106904758306337e+05,-5.390179167256193296e+02
5.249465330891557969e+06,4.657106904758306337e+05,-5.390429167256193068e+02
5.249465330891557969e+06,4.657106904758306337e+05,-5.390669167256193077e+02
5.249465330891557969e+06,4.657106904758306337e+05,-5.390909167256193086e+02
5.249465330891557969e+06,4.657106904758306337e+05,-5.391139167256193332e+02
5.249465330891557969e+06,4.657106904758306337e+05,-5.391359167256193814e+02
5.249465330891557969e+06,4.657106904758306337e+05,-5.391579167256193159e+02
5.249465319778174162e+06,4.657106904109526658e+05,-5.391789166787784779e+02
5.249465319778174162e+06,4.657106904109526658e+05,-5.391999166787784361e+02
5.249465319778174162e+06,4.657106904109526658e+05,-5.392199166787784179e+02
5.249465319778174162e+06,4.657106904109526658e+05,-5.392399166787783997e+02
5.249465319778174162e+06,4.657106904109526658e+05,-5.392589166787784052e+02
5.249465319778174162e+06,4.657106904109526658e+05,-5.392779166787784106e+02
5.249465319778174162e+06,4.657106904109526658e+05,-5.392959166787784397e+02
5.249465319778174162e+06,4.657106904109526658e+05,-5.393139166787784688e+02
5.249465319778174162e+06,4.657106904109526658e+05,-5.393329166787784743e+02
5.249465319778174162e+06,4.657106904109526658e+05,-5.393509166787783897e+02
5.249465319778174162e+06,4.657106904109526658e+05,-5.393679166787783288e+02
5.249465319778174162e+06,4.657106904109526658e+05,-5.393849166787783815e+02
5.249465319734122604e+06,4.657106979568880051e+05,-5.394009165392957357e+02
5.249465319734122604e+06,4.657106979568880051e+05,-5.394169165392958121e+02
5.249465319734122604e+06,4.657106979568880051e+05,-5.394329165392957748e+02
5.249465319734122604e+06,4.657106979568880051e+05,-5.394479165392957611e+02
5.249465319734122604e+06,4.657106979568880051e+05,-5.394629165392957475e+02
5.249465319734122604e+06,4.657106979568880051e+05,-5.394769165392957575e+02
5.249465308620739728e+06,4.657106978920100955e+05,-5.394919164924550614e+02
5.249465308620739728e+06,4.657106978920100955e+05,-5.395049164924549814e+02
5.249465308620739728e+06,4.657106978920100955e+05,-5.395189164924549914e+02
5.249465308620739728e+06,4.657106978920100955e+05,-5.395319164924550250e+02
5.249465308620739728e+06,4.657106978920100955e+05,-5.395449164924550587e+02
5.249465308620739728e+06,4.657106978920100955e+05,-5.395569164924550023e+02
5.249465308620739728e+06,4.657106978920100955e+05,-5.395689164924550596e+02
5.249465308620739728e+06,4.657106978920100955e+05,-5.395809164924550032e+02
5.249465308620739728e+06,4.657106978920100955e+05,-5.395929164924550605e+02
5.249465308620739728e+06,4.657106978920100955e+05,-5.396059164924549805e+02
5.249465308620739728e+06,4.657106978920100955e+05,-5.396179164924550378e+02
5.249465308620739728e+06,4.657106978920100955e+05,-5.396309164924550714e+02
5.249465308620739728e+06,4.657106978920100955e+05,-5.396439164924549914e+02
5.249465308620739728e+06,4.657106978920100955e+05,-5.396559164924550487e+02
5.249465308620739728e+06,4.657106978920100955e+05,-5.396679164924549923e+02
5.249465308620739728e+06,4.657106978920100955e+05,-5.396789164924550732e+02
5.249465308620739728e+06,4.657106978920100955e+05,-5.396909164924550169e+02
5.249465308620739728e+06,4.657106978920100955e+05,-5.397019164924549841e+02
5.249465308620739728e+06,4.657106978920100955e+05,-5.397129164924550651e+02
5.249465308620739728e+06,4.657106978920100955e+05,-5.397239164924550323e+02
5.249465308620739728e+06,4.657106978920100955e+05,-5.397339164924550232e+02
5.249465308620739728e+06,4.657106978920100955e+05,-5.397439164924550141e+02
5.249465308620739728e+06,4.657106978920100955e+05,-5.397539164924550050e+02
5.249465308620739728e+06,4.657106978920100955e+05,-5.397639164924549959e+02
5.249465308620739728e+06,4.657106978920100955e+05,-5.397739164924549868e+02
5.249465308620739728e+06,4.657106978920100955e+05,-5.397829164924550014e+02
5.249465308620739728e+06,4.657106978920100955e+05,-5.397929164924549923e+02
5.249465308620739728e+06,4.657106978920100955e+05,-5.398019164924550068e+02
5.249465308620739728e+06,4.657106978920100955e+05,-5.398099164924550450e+02
5.249465319734122604e+06,4.657106979568880051e+05,-5.398199165392957184e+02
5.249465308620739728e+06,4.657106978920100955e+05,-5.398299164924550269e+02
5.249465308620739728e+06,4.657106978920100955e+05,-5.398389164924550414e+02
5.249465308620739728e+06,4.657106978920100955e+05,-5.398479164924550560e+02
5.249465308620739728e+06,4.657106978920100955e+05,-5.398569164924550705e+02
5.249465308620739728e+06,4.657106978920100955e+05,-5.398659164924549714e+02
5.249465308620739728e+06,4.657106978920100955e+05,-5.398749164924549859e+02
5.249465308620739728e+06,4.657106978920100955e+05,-5.398829164924550241e+02
5.249465308620739728e+06,4.657106978920100955e+05,-5.398909164924550623e+02
5.249465308620739728e+06,4.657106978920100955e+05,-5.398989164924549868e+02
5.249465308620739728e+06,4.657106978920100955e+05,-5.399069164924550250e+02
5.249465308620739728e+06,4.657106978920100955e+05,-5.399139164924549732e+02
5.249465319734122604e+06,4.657106979568880051e+05,-5.399219165392958075e+02
5.249465319734122604e+06,4.657106979568880051e+05,-5.399289165392957557e+02
5.249465319734122604e+06,4.657106979568880051e+05,-5.399359165392957038e+02
5.249465319734122604e+06,4.657106979568880051e+05,-5.399429165392957657e+02
5.249465319734122604e+06,4.657106979568880051e+05,-5.399489165392957375e+02
5.249465319734122604e+06,4.657106979568880051e+05,-5.399559165392957993e+02
5.249465319734122604e+06,4.657106979568880051e+05,-5.399619165392957711e+02
5.249465319734122604e+06,4.657106979568880051e+05,-5.399679165392957430e+02
5.249465319734122604e+06,4.657106979568880051e+05,-5.399739165392957148e+02
5.249465319734122604e+06,4.657106979568880051e+05,-5.399809165392957766e+02
5.249465319734122604e+06,4.657106979568880051e+05,-5.399879165392957248e+02
5.249465308620739728e+06,4.657106978920100955e+05,-5.399939164924550141e+02
5.249465308620739728e+06,4.657106978920100955e+05,-5.399999164924549859e+02
5.249465308620739728e+06,4.657106978920100955e+05,-5.400059164924550714e+02
5.249465308620739728e+06,4.657106978920100955e+05,-5.400119164924550432e+02
5.249465308620739728e+06,4.657106978920100955e+05,-5.400179164924550150e+02
5.249465308620739728e+06,4.657106978920100955e+05,-5.400229164924550105e+02
5.249465308620739728e+06,4.657106978920100955e+05,-5.400289164924549823e+02
5.249465308620739728e+06,4.657106978920100955e+05,-5.400339164924549777e+02
5.249465308620739728e+06,4.657106978920100955e+05,-5.400389164924549732e+02
5.249465308620739728e+06,4.657106978920100955e+05,-5.400439164924549686e+02
5.249465308620739728e+06,4.657106978920100955e+05,-5.400489164924549641e+02
5.249465308620739728e+06,4.657106978920100955e+05,-5.400539164924550732e+02
5.249465308620739728e+06,4.657106978920100955e+05,-5.400589164924550687e+02
5.249465308620739728e+06,4.657106978920100955e+05,-5.400629164924549741e+02
5.249465308620739728e+06,4.657106978920100955e+05,-5.400679164924549696e+02
5.249465308620739728e+06,4.657106978920100955e+05,-5.400719164924549887e+02
5.249465308620739728e+06,4.657106978920100955e+05,-5.400769164924549841e+02
5.249465308620739728e+06,4.657106978920100955e+05,-5.400809164924550032e+02
5.249465308620739728e+06,4.657106978920100955e+05,-5.400869164924549750e+02
5.249465308620739728e+06,4.657106978920100955e+05,-5.400919164924549705e+02
5.249465308620739728e+06,4.657106978920100955e+05,-5.400969164924549659e+02
5.249465308620739728e+06,4.657106978920100955e+05,-5.401009164924549850e+02
5.249465308620739728e+06,4.657106978920100955e+05,-5.401059164924549805e+02
5.249465308620739728e+06,4.657106978920100955e+05,-5.401099164924549996e+02
5.249465308620739728e+06,4.657106978920100955e+05,-5.401149164924549950e+02
5.249465308620739728e+06,4.657106978920100955e+05,-5.401189164924550141e+02
5.249465308620739728e+06,4.657106978920100955e+05,-5.401229164924550332e+02
5.249465308620739728e+06,4.657106978920100955e+05,-5.401269164924550523e+02
5.249465308620739728e+06,4.657106978920100955e+05,-5.401309164924550714e+02
5.249465308664791286e+06,4.657106903460747562e+05,-5.401349166319375854e+02
5.249465308664791286e+06,4.657106903460747562e+05,-5.401379166319376282e+02
5.249465308664791286e+06,4.657106903460747562e+05,-5.401419166319376473e+02
5.249465308664791286e+06,4.657106903460747562e+05,-5.401449166319375763e+02
5.249465308664791286e+06,4.657106903460747562e+05,-5.401469166319376427e+02
5.249465308664791286e+06,4.657106903460747562e+05,-5.401469166319376427e+02
5.249465308664791286e+06,4.657106903460747562e+05,-5.401469166319376427e+02
5.249465308664791286e+06,4.657106903460747562e+05,-5.401449166319375763e+02
5.249465308664791286e+06,4.657106903460747562e+05,-5.401439166319376000e+02
5.249465308620739728e+06,4.657106978920100955e+05,-5.401449164924549677e+02
5.249465308620739728e+06,4.657106978920100955e+05,-5.401449164924549677e+02
5.249465319690071046e+06,4.657107055028231698e+05,-5.401449163998130416e+02
5.249465319646019489e+06,4.657107130487583927e+05,-5.401439162603303430e+02
5.249465330715350807e+06,4.657107206595716416e+05,-5.401419161676885778e+02
5.249465330627247691e+06,4.657107357514420291e+05,-5.401399158887231806e+02
5.249465341696578078e+06,4.657107433622552198e+05,-5.401359157960813491e+02
5.249465352721859701e+06,4.657107585190034006e+05,-5.401319155639569090e+02
5.249465363747140393e+06,4.657107736757516977e+05,-5.401279153318324688e+02
5.249465385841753334e+06,4.657107964433128363e+05,-5.401229150070665810e+02
5.249465396822980605e+06,4.657108191459959489e+05,-5.401179146354595559e+02
5.249465418917594478e+06,4.657108419135567965e+05,-5.401139143106939855e+02
5.249465440968155861e+06,4.657108722270524595e+05,-5.401109138464458965e+02
5.249465474176151678e+06,4.657108950594905182e+05,-5.401089135685233487e+02
5.249465496182660572e+06,4.657109329189207638e+05,-5.401079129647927175e+02
5.249465529346606694e+06,4.657109632972932886e+05,-5.401079125473881959e+02
5.249465562466501258e+06,4.657110012216002215e+05,-5.401089119905011557e+02
5.249465595586394891e+06,4.657110391459069215e+05,-5.401119114336147504e+02
5.249465628662238829e+06,4.657110846161480295e+05,-5.401149107372455092e+02
5.249465672851464711e+06,4.657111301512656501e+05,-5.401199100877208821e+02
5.249465717040693387e+06,4.657111756863825722e+05,-5.401249094381976192e+02
5.249465761229922064e+06,4.657112212214989122e+05,-5.401309087886755833e+02
5.249465805419149809e+06,4.657112667566144373e+05,-5.401369081391546842e+02
5.249465849564326927e+06,4.657113198376640212e+05,-5.401429073501511766e+02
5.249465893709505908e+06,4.657113729187126737e+05,-5.401499065611484411e+02
5.249465937854683027e+06,4.657114259997605113e+05,-5.401559057721468662e+02
5.249465993113246746e+06,4.657114791456841631e+05,-5.401609050299939554e+02
5.249466048371809535e+06,4.657115322916066507e+05,-5.401669042878431810e+02
5.249466092516989447e+06,4.657115853726521018e+05,-5.401719034988454951e+02
5.249466147731504403e+06,4.657116460645067855e+05,-5.401769026172133863e+02
5.249466202990068123e+06,4.657116992104265373e+05,-5.401809018750680025e+02
5.249466258204584941e+06,4.657117599022790091e+05,-5.401859009934396454e+02
5.249466313419100828e+06,4.657118205941306660e+05,-5.401889001118130409e+02
5.249466368633617647e+06,4.657118812859809841e+05,-5.401928992301882317e+02
5.249466423892185092e+06,4.657119344318964868e+05,-5.401958984880507160e+02
5.249466479106700979e+06,4.657119951237446512e+05,-5.401988976064295684e+02
5.249466545434603468e+06,4.657120558804671164e+05,-5.402008967716640200e+02
5.249466600605070591e+06,4.657121241182464873e+05,-5.402028957505610833e+02
5.249466655819592066e+06,4.657121848100911011e+05,-5.402038948689457811e+02
5.249466722147493623e+06,4.657122455668094917e+05,-5.402058940341877360e+02
5.249466777362015098e+06,4.657123062586516608e+05,-5.402078931525766166e+02
5.249466843645870686e+06,4.657123745613008505e+05,-5.402098921783374408e+02
5.249466898860393092e+06,4.657124352531405166e+05,-5.402108912967303240e+02
5.249466965188297443e+06,4.657124960098537267e+05,-5.402118904619831028e+02
5.249467031472155824e+06,4.657125643124985509e+05,-5.402128894877521361e+02
5.249467086686681956e+06,4.657126250043343753e+05,-5.402128886061512958e+02
5.249467153014588170e+06,4.657126857610435109e+05,-5.402128877714125110e+02
5.249467219298446551e+06,4.657127540636841441e+05,-5.402128867971894124e+02
5.249467274512974545e+06,4.657128147555164760e+05,-5.402128859155949385e+02
5.249467340796834789e+06,4.657128830581540824e+05,-5.402118849413767521e+02
5.249467407124745660e+06,4.657129438148576883e+05,-5.402108841066493596e+02
5.249467462339274585e+06,4.657130045066862367e+05,-5.402098832250612759e+02
5.249467528623137623e+06,4.657130728093195939e+05,-5.402078822508510711e+02
5.249467594951051287e+06,4.657131335660190089e+05,-5.402058814161321152e+02
5.249467650165579282e+06,4.657131942578438320e+05,-5.402048805345505116e+02
5.249467716493493877e+06,4.657132550145407440e+05,-5.402028796998370126e+02
5.249467782821409404e+06,4.657133157712362590e+05,-5.402008788651265832e+02
5.249467838035939261e+06,4.657133764630573569e+05,-5.401988779835514833e+02
5.249467904319806956e+06,4.657134447656820994e+05,-5.401958770093573321e+02
5.249467959534339607e+06,4.657135054575009272e+05,-5.401938761277862113e+02
5.249468025862256065e+06,4.657135662141912035e+05,-5.401928752930865585e+02
5.249468081076792441e+06,4.657136269060075865e+05,-5.401908744115196441e+02
5.249468147404710762e+06,4.657136876626950689e+05,-5.401888735768254719e+02
5.249468202663294040e+06,4.657137408085775096e+05,-5.401858728347526721e+02
5.249468268991214223e+06,4.657138015652624890e+05,-5.401838720000642979e+02
5.249468324205751531e+06,4.657138622570740990e+05,-5.401818711185057964e+02
5.249468390577720478e+06,4.657139154678253108e+05,-5.401798704233132185e+02
5.249468445792256854e+06,4.657139761596345343e+05,-5.401778695417590370e+02
5.249468501050844789e+06,4.657140293055116199e+05,-5.401758687996973549e+02
5.249468556265380234e+06,4.657140899973186315e+05,-5.401738679181469251e+02
5.249468611523969099e+06,4.657141431431937381e+05,-5.401718671760893358e+02
5.249468677895941772e+06,4.657141963539389544e+05,-5.401698664809106276e+02
5.249468733154528774e+06,4.657142494998119073e+05,-5.401688657388576758e+02
5.249468788413118571e+06,4.657143026456837542e+05,-5.401668649968069076e+02
5.249468832558322698e+06,4.657143557266835123e+05,-5.401658642078793946e+02
5.249468887816911563e+06,4.657144088725536712e+05,-5.401638634658321507e+02
5.249468943075501360e+06,4.657144620184226078e+05,-5.401628627237869296e+02
5.249468998378139921e+06,4.657145076183601050e+05,-5.401618621212357993e+02
5.249469053636730649e+06,4.657145607642272371e+05,-5.401598613791948083e+02
5.249469097825983539e+06,4.657146062992922962e+05,-5.401598607297665922e+02
5.249469153084575199e+06,4.657146594451574492e+05,-5.401598599877293054e+02
5.249469197273829952e+06,4.657147049802211113e+05,-5.401588593383039552e+02
5.249469252532422543e+06,4.657147581260845182e+05,-5.401588585962701927e+02
5.249469296721679159e+06,4.657148036611466086e+05,-5.401588579468477747e+02
5.249469340910935774e+06,4.657148491962080006e+05,-5.401588572974264935e+02
5.249469396213575266e+06,4.657148947961387457e+05,-5.401598566948911184e+02
5.249469440402832814e+06,4.657149403311986825e+05,-5.401598560454726794e+02
5.249469484636136331e+06,4.657149783203281113e+05,-5.401608555355487624e+02
5.249469528825393878e+06,4.657150238553867093e+05,-5.401608548861330519e+02
5.249469573058698326e+06,4.657150618445147993e+05,-5.401618543762119771e+02
5.249469617247956805e+06,4.657151073795721168e+05,-5.401628537267987440e+02
5.249469661481260322e+06,4.657151453686991008e+05,-5.401638532168803977e+02
5.249469694601180032e+06,4.657151832929561497e+05,-5.401648526600754394e+02
5.249469738834486343e+06,4.657152212820817949e+05,-5.401658521501595942e+02
5.249469783067791723e+06,4.657152592712073238e+05,-5.401668516402452269e+02
5.249469816187714227e+06,4.657152971954628592e+05,-5.401688510834426324e+02
5.249469860421017744e+06,4.657153351845871075e+05,-5.401698505735306526e+02
5.249469893584986217e+06,4.657153655629122513e+05,-5.401718501562240817e+02
5.249469926704908721e+06,4.657154034871663898e+05,-5.401738495994238747e+02
5.249469959868878126e+06,4.657154338654907770e+05,-5.401758491821186681e+02
5.249470004102184437e+06,4.657154718546131626e+05,-5.401778486722112120e+02
5.249470037266152911e+06,4.657155022329367348e+05,-5.401808482549079145e+02
5.249470070430122316e+06,4.657155326112600742e+05,-5.401828478376053226e+02
5.249470103594090790e+06,4.657155629895830643e+05,-5.401848474203036403e+02
5.249470136758061126e+06,4.657155933679057052e+05,-5.401878470030026165e+02
5.249470158808644861e+06,4.657156236813593423e+05,-5.401908465388091827e+02
5.249470191972615197e+06,4.657156540596812847e+05,-5.401928461215093193e+02
5.249470225136586465e+06,4.657156844380029361e+05,-5.401958457042103419e+02
5.249470247231216170e+06,4.657157072055268218e+05,-5.401988453795129317e+02
5.249470280395187438e+06,4.657157375838480075e+05,-5.402018449622152048e+02
5.249470302489818074e+06,4.657157603513714857e+05,-5.402048446375187041e+02
5.249470335653789341e+06,4.657157907296919147e+05,-5.402078442202222277e+02
5.249470357748420909e+06,4.657158134972149855e+05,-5.402108438955265228e+02
5.249470379843050614e+06,4.657158362647378235e+05,-5.402148435708311354e+02
5.249470413051069714e+06,4.657158590971288504e+05,-5.402178432930319332e+02
5.249470435145700350e+06,4.657158818646512809e+05,-5.402188429683374125e+02
5.249470457240333781e+06,4.657159046321736532e+05,-5.402198426436432328e+02
5.249470479379011318e+06,4.657159198537673219e+05,-5.402188424584450104e+02
5.249470501473641954e+06,4.657159426212893450e+05,-5.402178421337514465e+02
5.249470523568274453e+06,4.657159653888111352e+05,-5.402188418090581763e+02
5.249470545662907884e+06,4.657159881563327508e+05,-5.402198414843652472e+02
5.249470556644156575e+06,4.657160108589864685e+05,-5.402198411127749296e+02
5.249470578694744036e+06,4.657160411724362639e+05,-5.402208406485864316e+02
5.249470589675992727e+06,4.657160638750895741e+05,-5.402208402769961140e+02
5.249470611726581119e+06,4.657160941885391367e+05,-5.402198398128077770e+02
5.249470622663785703e+06,4.657161244371205685e+05,-5.402188393017214594e+02
5.249470633645033464e+06,4.657161471397735295e+05,-5.402168389301311890e+02
5.249470644538193010e+06,4.657161849342831993e+05,-5.402138382795485541e+02
5.249470644362014718e+06,4.657162151179966168e+05,-5.402098377215636447e+02
5.249470655255174264e+06,4.657162529125061701e+05,-5.402058370709806923e+02
5.249470655078995973e+06,4.657162830962195876e+05,-5.402008365129956928e+02
5.249470654858772643e+06,4.657163208258614759e+05,-5.401958358155143287e+02
5.249470654594505206e+06,4.657163661014317186e+05,-5.401898349785366236e+02
5.249470654374282807e+06,4.657164038310736069e+05,-5.401848342810550321e+02
5.249470654154059477e+06,4.657164415607154369e+05,-5.401798335835734406e+02
5.249470642776409164e+06,4.657164867714185966e+05,-5.401748326996980722e+02
5.249470631398758851e+06,4.657165319821218727e+05,-5.401698318158229313e+02
5.249470620021111332e+06,4.657165771928253234e+05,-5.401648309319481314e+02
5.249470608687505126e+06,4.657166148576004198e+05,-5.401608301875698999e+02
5.249470586152427830e+06,4.657166675493659568e+05,-5.401568291173034595e+02
5.249470574774778448e+06,4.657167127600700478e+05,-5.401548282334299529e+02
5.249470552283747122e+06,4.657167579059077543e+05,-5.401548273026614879e+02
5.249470529748669825e+06,4.657168105976741645e+05,-5.401548262323976815e+02
5.249470507257638499e+06,4.657168557435126859e+05,-5.401568253016313292e+02
5.249470473609181121e+06,4.657169083704138175e+05,-5.401598241844760651e+02
5.249470451074106619e+06,4.657169610621815664e+05,-5.401638231142161430e+02
5.249470417469692416e+06,4.657170061431549839e+05,-5.401678221365607442e+02
5.249470383821234107e+06,4.657170587700577453e+05,-5.401738210194114345e+02
5.249470350172777660e+06,4.657171113969609723e+05,-5.401808199022643748e+02
5.249470316524321213e+06,4.657171640238648979e+05,-5.401888187851195653e+02
5.249470271718438715e+06,4.657172241318325396e+05,-5.401978174815909597e+02
5.249470238069981337e+06,4.657172767587378039e+05,-5.402068163644512424e+02
5.249470193308142945e+06,4.657173293207780807e+05,-5.402158152004250269e+02
5.249470148502260447e+06,4.657173894287482835e+05,-5.402248138969067668e+02
5.249470103740422986e+06,4.657174419907901902e+05,-5.402338127328878272e+02
5.249470058934543282e+06,4.657175020987622556e+05,-5.402428114293770705e+02
5.249470003059323877e+06,4.657175545959407464e+05,-5.402508102184801828e+02
5.249469958253443241e+06,4.657176147039146163e+05,-5.402598089149777252e+02
5.249469902334180661e+06,4.657176747470246628e+05,-5.402668075645954104e+02
5.249469857528302819e+06,4.657177348550003953e+05,-5.402748062611011619e+02
5.249469801609042101e+06,4.657177948981125373e+05,-5.402828049107289416e+02
5.249469745689780451e+06,4.657178549412257853e+05,-5.402898035603622020e+02
5.249469689770520665e+06,4.657179149843401974e+05,-5.402968022100010330e+02
5.249469633851259947e+06,4.657179750274556573e+05,-5.403038008596453210e+02
5.249469577932002023e+06,4.657180350705722813e+05,-5.403087995092951132e+02
5.249469522012743168e+06,4.657180951136901858e+05,-5.403147981589504525e+02
5.249469466093487106e+06,4.657181551568091963e+05,-5.403197968086112724e+02
5.249469399060846306e+06,4.657182151350654312e+05,-5.403247954114027607e+02
5.249469343141588382e+06,4.657182751781867701e+05,-5.403287940610755413e+02
5.249469287222333252e+06,4.657183352213092730e+05,-5.403317927107539163e+02
5.249469220189695247e+06,4.657183951995695243e+05,-5.403357913135660056e+02
5.249469164270440117e+06,4.657184552426943555e+05,-5.403387899632563176e+02
5.249469097237802111e+06,4.657185152209574007e+05,-5.403407885660823240e+02
5.249469041318548843e+06,4.657185752640847350e+05,-5.403437872157846869e+02
5.249468974285913631e+06,4.657186352423501667e+05,-5.403447858186248141e+02
5.249468907297317870e+06,4.657186876746864291e+05,-5.403467845609660571e+02
5.249468851378067397e+06,4.657187477178174304e+05,-5.403477832106868846e+02
5.249468784389474429e+06,4.657188001501559629e+05,-5.403487819530419074e+02
5.249468717356839217e+06,4.657188601284266915e+05,-5.403497805559110247e+02
5.249468661481630988e+06,4.657189126256302698e+05,-5.403517793451433135e+02
5.249468594448997639e+06,4.657189726039035595e+05,-5.403527779480263007e+02
5.249468527460405603e+06,4.657190250362469815e+05,-5.403547766904099490e+02
5.249468471541160718e+06,4.657190850793850841e+05,-5.403557753401672699e+02
5.249468404552569613e+06,4.657191375117309508e+05,-5.403567740825646979e+02
5.249468337563979439e+06,4.657191899440782145e+05,-5.403567728249694255e+02
5.249468281688774936e+06,4.657192424412882538e+05,-5.403577716142375493e+02
5.249468214700185694e+06,4.657192948736379622e+05,-5.403577703566559194e+02
5.249468147711597383e+06,4.657193473059884855e+05,-5.403577690990815654e+02
5.249468091836395673e+06,4.657193998032018426e+05,-5.403577678883676754e+02
5.249468024891847745e+06,4.657194446896230220e+05,-5.403577667702991221e+02
5.249467957903262228e+06,4.657194971219771542e+05,-5.403577655127455728e+02
5.249467902072098106e+06,4.657195420732618077e+05,-5.403577644415413488e+02
5.249467835083513521e+06,4.657195945056180353e+05,-5.403577631840014419e+02
5.249467779252351262e+06,4.657196394569045515e+05,-5.403567621128083829e+02
5.249467712307806127e+06,4.657196843433308532e+05,-5.403567609947734809e+02
5.249467656476646662e+06,4.657197292946191737e+05,-5.403557599235916769e+02
5.249467600645484403e+06,4.657197742459082510e+05,-5.403557588524150788e+02
5.249467533700942062e+06,4.657198191323377541e+05,-5.403557577343993898e+02
5.249467477913822047e+06,4.657198565376962069e+05,-5.403547568027250918e+02
5.249467422082664445e+06,4.657199014889879036e+05,-5.403547557315646372e+02
5.249467355138122104e+06,4.657199463754200842e+05,-5.403557546135680241e+02
5.249467299351002090e+06,4.657199837807810400e+05,-5.403567536819095949e+02
5.249467243519843556e+06,4.657200287320753559e+05,-5.403577526107654876e+02
5.249467187732725404e+06,4.657200661374378833e+05,-5.403587516791169492e+02
5.249467131945607252e+06,4.657201035428011091e+05,-5.403597507474735266e+02
5.249467076158489101e+06,4.657201409481648006e+05,-5.403607498158349927e+02
5.249467020371374674e+06,4.657201783535294817e+05,-5.403617488842014609e+02
5.249466964584255591e+06,4.657202157588946866e+05,-5.403617479525727276e+02
5.249466908841179684e+06,4.657202456183275208e+05,-5.403627471604390848e+02
5.249466853054063395e+06,4.657202830236942391e+05,-5.403637462288202187e+02
5.249466808380329050e+06,4.657203204939212301e+05,-5.403637453440387617e+02
5.249466752637253143e+06,4.657203503533559269e+05,-5.403647445519186476e+02
5.249466708007559180e+06,4.657203802776507800e+05,-5.403657438066343275e+02
5.249466652264482342e+06,4.657204101370865246e+05,-5.403657430145227636e+02
5.249466607634792104e+06,4.657204400613823091e+05,-5.403667422692454920e+02
5.249466551891714334e+06,4.657204699208191014e+05,-5.403677414771425447e+02
5.249466507262024097e+06,4.657204998451159918e+05,-5.403687407318723217e+02
5.249466462632331997e+06,4.657205297694132896e+05,-5.403697399866050546e+02
5.249466418002638035e+06,4.657205596937108785e+05,-5.403697392413409943e+02
5.249466373416988179e+06,4.657205820720752236e+05,-5.403717386355692724e+02
5.249466328787294216e+06,4.657206119963739184e+05,-5.403737378903114177e+02
5.249466284201641567e+06,4.657206343747390201e+05,-5.403767372845458112e+02
5.249466239571952261e+06,4.657206642990383552e+05,-5.403787365392942093e+02
5.249466194986299612e+06,4.657206866774042137e+05,-5.403807359335346518e+02
5.249466161514030769e+06,4.657207091206294135e+05,-5.403827353746003155e+02
5.249466116928379051e+06,4.657207314989959123e+05,-5.403847347688461014e+02
5.249466072342728265e+06,4.657207538773627020e+05,-5.403867341630948431e+02
5.249466038870457560e+06,4.657207763205887168e+05,-5.403887336041668732e+02
5.249465994284806773e+06,4.657207986989562050e+05,-5.403907329984209582e+02
5.249465960856578313e+06,4.657208135962485103e+05,-5.403927325789856013e+02
5.249465927384310402e+06,4.657208360394752817e+05,-5.403947320200634294e+02
5.249465893956081942e+06,4.657208509367681108e+05,-5.403967316006314832e+02
5.249465849370430224e+06,4.657208733151367051e+05,-5.403987309948952316e+02
5.249465815942199901e+06,4.657208882124294760e+05,-5.404007305754670369e+02
5.249465782513974234e+06,4.657209031097228872e+05,-5.404027301560406613e+02
5.249465749085743912e+06,4.657209180070162984e+05,-5.404037297366156736e+02
5.249465726770899259e+06,4.657209329691683524e+05,-5.404057293640081525e+02
5.249465693342669867e+06,4.657209478664621129e+05,-5.404077289445860970e+02
5.249465659914441407e+06,4.657209627637560479e+05,-5.404097285251657468e+02
5.249465626486212946e+06,4.657209776610500994e+05,-5.404127281057469645e+02
5.249465604171367362e+06,4.657209926232026191e+05,-5.404147277331435362e+02
5.249465570743140765e+06,4.657210075204970781e+05,-5.404177273137275961e+02
5.249465548472333699e+06,4.657210149367150734e+05,-5.404207270806136876e+02
5.249465526157489978e+06,4.657210298988681170e+05,-5.404237267080129641e+02
5.249465492773299105e+06,4.657210372502278769e+05,-5.404267264280885001e+02
5.249465470458453521e+06,4.657210522123812116e+05,-5.404287260554897330e+02
5.249465448187650181e+06,4.657210596285994980e+05,-5.404317258223791214e+02
5.249465425872803666e+06,4.657210745907530072e+05,-5.404337254497818321e+02
5.249465403601998463e+06,4.657210820069714682e+05,-5.404357252166727221e+02
5.249465381331192330e+06,4.657210894231901038e+05,-5.404387249835642706e+02
5.249465359060386196e+06,4.657210968394086231e+05,-5.404407247504566385e+02
5.249465336789579131e+06,4.657211042556272005e+05,-5.404427245173494612e+02
5.249465314518773928e+06,4.657211116718460107e+05,-5.404447242842431933e+02
5.249465292247967795e+06,4.657211190880647046e+05,-5.404467240511376076e+02
5.249465269977162592e+06,4.657211265042835148e+05,-5.404487238180327040e+02
5.249465258819739334e+06,4.657211339853606187e+05,-5.404507236317369916e+02
5.249465236548934132e+06,4.657211414015795453e+05,-5.404517233986332485e+02
5.249465214322166517e+06,4.657211412718631909e+05,-5.404537233050170926e+02
5.249465203164743260e+06,4.657211487529403530e+05,-5.404557231187222897e+02
5.249465192007322796e+06,4.657211562340176315e+05,-5.404577229324277141e+02
5.249465169780555181e+06,4.657211561043013353e+05,-5.404607228388128988e+02
5.249465158623132855e+06,4.657211635853785556e+05,-5.404637226525188680e+02
5.249465147509748116e+06,4.657211635205204366e+05,-5.404667226057117659e+02
5.249465136352326721e+06,4.657211710015977151e+05,-5.404687224194182136e+02
5.249465114125560038e+06,4.657211708718814771e+05,-5.404717223258049899e+02
5.249465103012175299e+06,4.657211708070233581e+05,-5.404737222789985935e+02
5.249465091854752973e+06,4.657211782881008112e+05,-5.404767220927056997e+02
5.249465080741369165e+06,4.657211782232426922e+05,-5.404787220458996444e+02
5.249465069627985358e+06,4.657211781583845732e+05,-5.404807219990938165e+02
5.249465058514602482e+06,4.657211780935265124e+05,-5.404827219522881023e+02
5.249465058514602482e+06,4.657211780935265124e+05,-5.404847219522880550e+02
5.249465047357181087e+06,4.657211855746038491e+05,-5.404867217659958669e+02
5.249465036243796349e+06,4.657211855097458465e+05,-5.404877217191905174e+02
5.249465025130413473e+06,4.657211854448877275e+05,-5.404897216723852580e+02
5.249465014017028734e+06,4.657211853800296667e+05,-5.404907216255801359e+02
5.249465014017028734e+06,4.657211853800296667e+05,-5.404927216255800886e+02
5.249465002903644927e+06,4.657211853151715477e+05,-5.404937215787753075e+02
5.249465002947682515e+06,4.657211777692360338e+05,-5.404947217182617578e+02
5.249464991834298708e+06,4.657211777043779148e+05,-5.404957216714569768e+02
5.249464991834298708e+06,4.657211777043779148e+05,-5.404977216714569295e+02
5.249464980720915832e+06,4.657211776395197958e+05,-5.405007216246523285e+02
5.249464980720915832e+06,4.657211776395197958e+05,-5.405037216246523712e+02
5.249464969607532024e+06,4.657211775746616768e+05,-5.405067215778478840e+02
5.249464969607532024e+06,4.657211775746616768e+05,-5.405087215778478367e+02
5.249464969651570544e+06,4.657211700287259882e+05,-5.405117217173342397e+02
5.249464958538185805e+06,4.657211699638679274e+05,-5.405137216705300034e+02
5.249464958538185805e+06,4.657211699638679274e+05,-5.405157216705299561e+02
5.249464958538185805e+06,4.657211699638679274e+05,-5.405177216705299088e+02
5.249464958582224324e+06,4.657211624179322389e+05,-5.405187218100163591e+02
5.249464958582224324e+06,4.657211624179322389e+05,-5.405207218100164255e+02
5.249464947468840517e+06,4.657211623530741199e+05,-5.405217217632120992e+02
5.249464947512878105e+06,4.657211548071384896e+05,-5.405237219026985258e+02
5.249464947512878105e+06,4.657211548071384896e+05,-5.405247219026985022e+02
5.249464947556916624e+06,4.657211472612027428e+05,-5.405257220421849524e+02
5.249464947556916624e+06,4.657211472612027428e+05,-5.405257220421849524e+02
5.249464947556916624e+06,4.657211472612027428e+05,-5.405267220421849288e+02
5.249464947600955144e+06,4.657211397152670543e+05,-5.405277221816713791e+02
5.249464947600955144e+06,4.657211397152670543e+05,-5.405277221816713791e+02
5.249464947644993663e+06,4.657211321693314821e+05,-5.405277223211578530e+02
5.249464947644993663e+06,4.657211321693314821e+05,-5.405287223211578294e+02
5.249464947689032182e+06,4.657211246233957354e+05,-5.405307224606441423e+02
5.249464947689032182e+06,4.657211246233957354e+05,-5.405317224606441187e+02
5.249464958846454509e+06,4.657211171423183405e+05,-5.405337226469348479e+02
5.249464958846454509e+06,4.657211171423183405e+05,-5.405347226469349380e+02
5.249464958890493028e+06,4.657211095963827102e+05,-5.405347227864212982e+02
5.249464958890493028e+06,4.657211095963827102e+05,-5.405357227864212746e+02
5.249464958934531547e+06,4.657211020504469634e+05,-5.405367229259077249e+02
5.249464958934531547e+06,4.657211020504469634e+05,-5.405367229259077249e+02
5.249464970091953874e+06,4.657210945693696267e+05,-5.405367231121987288e+02
5.249464970135992393e+06,4.657210870234340546e+05,-5.405367232516852027e+02
5.249464970135992393e+06,4.657210870234340546e+05,-5.405367232516852027e+02
5.249464970180030912e+06,4.657210794774983078e+05,-5.405367233911715630e+02
5.249464981293414719e+06,4.657210795423566015e+05,-5.405367234379764341e+02
5.249464981337453239e+06,4.657210719964210293e+05,-5.405367235774629080e+02
5.249464981337453239e+06,4.657210719964210293e+05,-5.405357235774629316e+02
5.249464992494875565e+06,4.657210645153436926e+05,-5.405357237637542767e+02
5.249464992538914084e+06,4.657210569694080041e+05,-5.405347239032407742e+02
5.249464992538914084e+06,4.657210569694080041e+05,-5.405347239032407742e+02
5.249465003696336411e+06,4.657210494883307838e+05,-5.405337240895323703e+02
5.249465003696336411e+06,4.657210494883307838e+05,-5.405337240895323703e+02
5.249465003740374930e+06,4.657210419423952699e+05,-5.405347242290188206e+02
5.249465014853758737e+06,4.657210420072535635e+05,-5.405357242758242364e+02
5.249465014897796325e+06,4.657210344613179332e+05,-5.405367244153106867e+02
5.249465014941835776e+06,4.657210269153823610e+05,-5.405377245547972507e+02
5.249465014941835776e+06,4.657210269153823610e+05,-5.405377245547972507e+02
5.249465026099259034e+06,4.657210194343051990e+05,-5.405387247410892542e+02
5.249465026099259034e+06,4.657210194343051990e+05,-5.405387247410892542e+02
5.249465037256680429e+06,4.657210119532279787e+05,-5.405387249273816224e+02
5.249465037256680429e+06,4.657210119532279787e+05,-5.405387249273816224e+02
5.249465037300718948e+06,4.657210044072924647e+05,-5.405387250668680963e+02
5.249465048414104618e+06,4.657210044721508748e+05,-5.405387251136741043e+02
5.249465048458143137e+06,4.657209969262153609e+05,-5.405387252531606919e+02
5.249465048502181657e+06,4.657209893802797887e+05,-5.405377253926471894e+02
5.249465059615564533e+06,4.657209894451382570e+05,-5.405377254394534248e+02
5.249465059659602121e+06,4.657209818992027431e+05,-5.405367255789399223e+02
5.249465059659602121e+06,4.657209818992027431e+05,-5.405357255789399460e+02
5.249465070817023516e+06,4.657209744181258138e+05,-5.405347257652329063e+02
5.249465070817023516e+06,4.657209744181258138e+05,-5.405337257652328162e+02
5.249465081974445842e+06,4.657209669370486517e+05,-5.405327259515258902e+02
5.249465081974445842e+06,4.657209669370486517e+05,-5.405327259515258902e+02
5.249465082018484361e+06,4.657209593911131960e+05,-5.405327260910125915e+02
5.249465093131869100e+06,4.657209594559717225e+05,-5.405327261378192816e+02
5.249465093175907619e+06,4.657209519100362668e+05,-5.405327262773058692e+02
5.249465104289291427e+06,4.657209519748947932e+05,-5.405327263241127866e+02
5.249465104333329946e+06,4.657209444289592211e+05,-5.405327264635993743e+02
5.249465104333329946e+06,4.657209444289592211e+05,-5.405327264635993743e+02
5.249465115490754135e+06,4.657209369478823501e+05,-5.405317266498931303e+02
5.249465115490754135e+06,4.657209369478823501e+05,-5.405317266498931303e+02
5.249465126648175530e+06,4.657209294668054208e+05,-5.405307268361871138e+02
5.249465126648175530e+06,4.657209294668054208e+05,-5.405307268361871138e+02
5.249465126692213118e+06,4.657209219208700233e+05,-5.405297269756738388e+02
5.249465137805596925e+06,4.657209219857285498e+05,-5.405287270224812346e+02
5.249465137849635445e+06,4.657209144397932105e+05,-5.405277271619679595e+02
5.249465148963019252e+06,4.657209145046517951e+05,-5.405277272087755591e+02
5.249465149007057771e+06,4.657209069587162230e+05,-5.405267273482622841e+02
5.249465149007057771e+06,4.657209069587162230e+05,-5.405257273482623077e+02
5.249465160120443441e+06,4.657209070235748077e+05,-5.405247273950700446e+02
5.249465160164481960e+06,4.657208994776395266e+05,-5.405237275345567696e+02
5.249465160164481960e+06,4.657208994776395266e+05,-5.405227275345567932e+02
5.249465171321904287e+06,4.657208919965628302e+05,-5.405217277208514588e+02
5.249465171321904287e+06,4.657208919965628302e+05,-5.405217277208514588e+02
5.249465182479327545e+06,4.657208845154859009e+05,-5.405217279071464418e+02
5.249465182479327545e+06,4.657208845154859009e+05,-5.405217279071464418e+02
5.249465182523366064e+06,4.657208769695505616e+05,-5.405217280466331431e+02
5.249465193636749871e+06,4.657208770344092045e+05,-5.405217280934415385e+02
5.249465193680788390e+06,4.657208694884740980e+05,-5.405207282329283771e+02
5.249465204794170335e+06,4.657208695533327991e+05,-5.405207282797368862e+02
5.249465204838208854e+06,4.657208620073972852e+05,-5.405197284192237248e+02
5.249465204838208854e+06,4.657208620073972852e+05,-5.405197284192237248e+02
5.249465215951592661e+06,4.657208620722559281e+05,-5.405187284660323712e+02
5.249465215995632112e+06,4.657208545263206470e+05,-5.405177286055193235e+02
5.249465215995632112e+06,4.657208545263206470e+05,-5.405167286055192335e+02
5.249465227153054439e+06,4.657208470452442416e+05,-5.405157287918150359e+02
5.249465227153054439e+06,4.657208470452442416e+05,-5.405147287918150596e+02
5.249465227153054439e+06,4.657208470452442416e+05,-5.405137287918150832e+02
5.249465238310477696e+06,4.657208395641674288e+05,-5.405127289781109994e+02
5.249465238310477696e+06,4.657208395641674288e+05,-5.405117289781110230e+02
5.249465238354516216e+06,4.657208320182322059e+05,-5.405107291175978617e+02
5.249465249467900954e+06,4.657208320830909652e+05,-5.405097291644070765e+02
5.249465249467900954e+06,4.657208320830909652e+05,-5.405097291644070765e+02
5.249465249511939473e+06,4.657208245371556841e+05,-5.405097293038940052e+02
5.249465260625322349e+06,4.657208246020144434e+05,-5.405097293507034237e+02
5.249465260669361800e+06,4.657208170560791041e+05,-5.405107294901904424e+02
5.249465260669361800e+06,4.657208170560791041e+05,-5.405107294901904424e+02
5.249465260669361800e+06,4.657208170560791041e+05,-5.405107294901904424e+02
5.249465271826783195e+06,4.657208095750026405e+05,-5.405107296764869034e+02
5.249465271826783195e+06,4.657208095750026405e+05,-5.405107296764869034e+02
5.249465271826783195e+06,4.657208095750026405e+05,-5.405107296764869034e+02
5.249465271870822646e+06,4.657208020290674758e+05,-5.405107298159738320e+02
5.249465271870822646e+06,4.657208020290674758e+05,-5.405107298159738320e+02
5.249465283028244041e+06,4.657207945479909540e+05,-5.405107300022706340e+02
5.249465283028244041e+06,4.657207945479909540e+05,-5.405097300022706577e+02
5.249465283028244041e+06,4.657207945479909540e+05,-5.405087300022706813e+02
5.249465283028244041e+06,4.657207945479909540e+05,-5.405087300022706813e+02
5.249465283072283491e+06,4.657207870020557311e+05,-5.405087301417576100e+02
5.249465294185667299e+06,4.657207870669146068e+05,-5.405077301885676206e+02
5.249465294185667299e+06,4.657207870669146068e+05,-5.405067301885676443e+02
5.249465294229705818e+06,4.657207795209793840e+05,-5.405067303280545730e+02
5.249465294229705818e+06,4.657207795209793840e+05,-5.405057303280545966e+02
5.249465294229705818e+06,4.657207795209793840e+05,-5.405057303280545966e+02
5.249465294229705818e+06,4.657207795209793840e+05,-5.405077303280545493e+02
5.249465305387130007e+06,4.657207720399029204e+05,-5.405087305143517824e+02
5.249465305387130007e+06,4.657207720399029204e+05,-5.405097305143517588e+02
5.249465305387130007e+06,4.657207720399029204e+05,-5.405117305143517115e+02
5.249465305387130007e+06,4.657207720399029204e+05,-5.405127305143516878e+02
5.249465305387130007e+06,4.657207720399029204e+05,-5.405127305143516878e+02
5.249465305431169458e+06,4.657207644939678139e+05,-5.405137306538388202e+02
5.249465305431169458e+06,4.657207644939678139e+05,-5.405147306538387966e+02
5.249465305431169458e+06,4.657207644939678139e+05,-5.405147306538387966e+02
5.249465305431169458e+06,4.657207644939678139e+05,-5.405157306538387729e+02
5.249465305431169458e+06,4.657207644939678139e+05,-5.405177306538387256e+02
5.249465316588591784e+06,4.657207570128915831e+05,-5.405197308401361624e+02
5.249465316588591784e+06,4.657207570128915831e+05,-5.405207308401361388e+02
5.249465316588591784e+06,4.657207570128915831e+05,-5.405217308401361151e+02
5.249465316588591784e+06,4.657207570128915831e+05,-5.405227308401362052e+02
5.249465316588591784e+06,4.657207570128915831e+05,-5.405237308401361815e+02
5.249465316588591784e+06,4.657207570128915831e+05,-5.405247308401361579e+02
5.249465316632630304e+06,4.657207494669563021e+05,-5.405247309796232003e+02
5.249465316632630304e+06,4.657207494669563021e+05,-5.405257309796231766e+02
5.249465316632630304e+06,4.657207494669563021e+05,-5.405257309796231766e+02
5.249465316632630304e+06,4.657207494669563021e+05,-5.405257309796231766e+02
5.249465316632630304e+06,4.657207494669563021e+05,-5.405257309796231766e+02
5.249465327746014111e+06,4.657207495318151778e+05,-5.405257310264337320e+02
5.249465327746014111e+06,4.657207495318151778e+05,-5.405247310264337557e+02
5.249465327746014111e+06,4.657207495318151778e+05,-5.405247310264337557e+02
5.249465327746014111e+06,4.657207495318151778e+05,-5.405237310264337793e+02
5.249465327790053561e+06,4.657207419858800713e+05,-5.405237311659208217e+02
5.249465327790053561e+06,4.657207419858800713e+05,-5.405227311659208453e+02
5.249465327790053561e+06,4.657207419858800713e+05,-5.405217311659207553e+02
5.249465327790053561e+06,4.657207419858800713e+05,-5.405227311659208453e+02
5.249465327790053561e+06,4.657207419858800713e+05,-5.405247311659207980e+02
5.249465327790053561e+06,4.657207419858800713e+05,-5.405267311659207508e+02
5.249465327790053561e+06,4.657207419858800713e+05,-5.405277311659208408e+02
5.249465327790053561e+06,4.657207419858800713e+05,-5.405287311659208171e+02
5.249465327790053561e+06,4.657207419858800713e+05,-5.405297311659207935e+02
5.249465327790053561e+06,4.657207419858800713e+05,-5.405307311659207699e+02
5.249465327790053561e+06,4.657207419858800713e+05,-5.405317311659207462e+02
5.249465338903435506e+06,4.657207420507390052e+05,-5.405317312127315290e+02
5.249465338903435506e+06,4.657207420507390052e+05,-5.405317312127315290e+02
5.249465338903435506e+06,4.657207420507390052e+05,-5.405327312127315054e+02
5.249465338903435506e+06,4.657207420507390052e+05,-5.405327312127315054e+02
5.249465338903435506e+06,4.657207420507390052e+05,-5.405317312127315290e+02
5.249465338903435506e+06,4.657207420507390052e+05,-5.405317312127315290e+02
5.249465338903435506e+06,4.657207420507390052e+05,-5.405317312127315290e+02
5.249465338903435506e+06,4.657207420507390052e+05,-5.405307312127315527e+02
5.249465338903435506e+06,4.657207420507390052e+05,-5.405297312127315763e+02
5.249465338903435506e+06,4.657207420507390052e+05,-5.405297312127315763e+02
5.249465338903435506e+06,4.657207420507390052e+05,-5.405287312127316000e+02
5.249465338903435506e+06,4.657207420507390052e+05,-5.405277312127316236e+02
5.249465338903435506e+06,4.657207420507390052e+05,-5.405277312127316236e+02
5.249465338903435506e+06,4.657207420507390052e+05,-5.405287312127316000e+02
5.249465338903435506e+06,4.657207420507390052e+05,-5.405297312127315763e+02
5.249465338903435506e+06,4.657207420507390052e+05,-5.405307312127315527e+02
5.249465338903435506e+06,4.657207420507390052e+05,-5.405307312127315527e+02
5.249465338903435506e+06,4.657207420507390052e+05,-5.405317312127315290e+02
5.249465338903435506e+06,4.657207420507390052e+05,-5.405317312127315290e+02
5.249465338903435506e+06,4.657207420507390052e+05,-5.405317312127315290e+02
5.249465338903435506e+06,4.657207420507390052e+05,-5.405317312127315290e+02
5.249465338903435506e+06,4.657207420507390052e+05,-5.405307312127315527e+02
5.249465338903435506e+06,4.657207420507390052e+05,-5.405307312127315527e+02
5.249465350016820244e+06,4.657207421155978809e+05,-5.405297312595424728e+02
5.249465350016820244e+06,4.657207421155978809e+05,-5.405297312595424728e+02
5.249465350016820244e+06,4.657207421155978809e+05,-5.405287312595424964e+02
5.249465350016820244e+06,4.657207421155978809e+05,-5.405287312595424964e+02
5.249465350016820244e+06,4.657207421155978809e+05,-5.405277312595425201e+02
5.249465350016820244e+06,4.657207421155978809e+05,-5.405267312595424301e+02
5.249465350016820244e+06,4.657207421155978809e+05,-5.405257312595424537e+02
5.249465350016820244e+06,4.657207421155978809e+05,-5.405247312595424773e+02
5.249465350016820244e+06,4.657207421155978809e+05,-5.405237312595425010e+02
5.249465350016820244e+06,4.657207421155978809e+05,-5.405237312595425010e+02
5.249465350016820244e+06,4.657207421155978809e+05,-5.405247312595424773e+02
5.249465350016820244e+06,4.657207421155978809e+05,-5.405257312595424537e+02
5.249465350016820244e+06,4.657207421155978809e+05,-5.405267312595424301e+02
5.249465350016820244e+06,4.657207421155978809e+05,-5.405277312595425201e+02
5.249465350016820244e+06,4.657207421155978809e+05,-5.405277312595425201e+02
5.249465350016820244e+06,4.657207421155978809e+05,-5.405287312595424964e+02
5.249465350016820244e+06,4.657207421155978809e+05,-5.405287312595424964e+02
5.249465350016820244e+06,4.657207421155978809e+05,-5.405287312595424964e+02
5.249465350016820244e+06,4.657207421155978809e+05,-5.405287312595424964e+02
5.249465349972780794e+06,4.657207496615329874e+05,-5.405287311200554541e+02
5.249465349972780794e+06,4.657207496615329874e+05,-5.405287311200554541e+02
5.249465349972780794e+06,4.657207496615329874e+05,-5.405277311200554777e+02
5.249465349972780794e+06,4.657207496615329874e+05,-5.405277311200554777e+02
5.249465349972780794e+06,4.657207496615329874e+05,-5.405267311200553877e+02
5.249465349972780794e+06,4.657207496615329874e+05,-5.405257311200554113e+02
5.249465349972780794e+06,4.657207496615329874e+05,-5.405257311200554113e+02
5.249465349972780794e+06,4.657207496615329874e+05,-5.405247311200553213e+02
5.249465349972780794e+06,4.657207496615329874e+05,-5.405237311200553449e+02
5.249465349972780794e+06,4.657207496615329874e+05,-5.405217311200553922e+02
5.249465349972780794e+06,4.657207496615329874e+05,-5.405227311200553686e+02
5.249465349972780794e+06,4.657207496615329874e+05,-5.405237311200553449e+02
5.249465349972780794e+06,4.657207496615329874e+05,-5.405247311200553213e+02
5.249465349972780794e+06,4.657207496615329874e+05,-5.405247311200553213e+02
5.249465349972780794e+06,4.657207496615329874e+05,-5.405257311200554113e+02
5.249465349972780794e+06,4.657207496615329874e+05,-5.405257311200554113e+02
5.249465349972780794e+06,4.657207496615329874e+05,-5.405267311200553877e+02
5.249465349972780794e+06,4.657207496615329874e+05,-5.405267311200553877e+02
5.249465349972780794e+06,4.657207496615329874e+05,-5.405267311200553877e+02
5.249465349972780794e+06,4.657207496615329874e+05,-5.405267311200553877e+02
5.249465349972780794e+06,4.657207496615329874e+05,-5.405257311200554113e+02
5.249465349972780794e+06,4.657207496615329874e+05,-5.405257311200554113e+02
5.249465349972780794e+06,4.657207496615329874e+05,-5.405257311200554113e+02
5.249465349972780794e+06,4.657207496615329874e+05,-5.405247311200553213e+02
5.249465349972780794e+06,4.657207496615329874e+05,-5.405237311200553449e+02
5.249465349972780794e+06,4.657207496615329874e+05,-5.405237311200553449e+02
5.249465349972780794e+06,4.657207496615329874e+05,-5.405227311200553686e+02
5.249465349972780794e+06,4.657207496615329874e+05,-5.405207311200554159e+02
5.249465349972780794e+06,4.657207496615329874e+05,-5.405197311200554395e+02
5.249465349972780794e+06,4.657207496615329874e+05,-5.405187311200554632e+02
5.249465349972780794e+06,4.657207496615329874e+05,-5.405187311200554632e+02
5.249465349972780794e+06,4.657207496615329874e+05,-5.405207311200554159e+02
5.249465349972780794e+06,4.657207496615329874e+05,-5.405217311200553922e+02
5.249465349972780794e+06,4.657207496615329874e+05,-5.405227311200553686e+02
5.249465349972780794e+06,4.657207496615329874e+05,-5.405237311200553449e+02
5.249465349972780794e+06,4.657207496615329874e+05,-5.405237311200553449e+02
5.249465349972780794e+06,4.657207496615329874e+05,-5.405247311200553213e+02
5.249465349972780794e+06,4.657207496615329874e+05,-5.405247311200553213e+02
5.249465349972780794e+06,4.657207496615329874e+05,-5.405247311200553213e+02
5.249465349972780794e+06,4.657207496615329874e+05,-5.405247311200553213e+02
5.249465349972780794e+06,4.657207496615329874e+05,-5.405247311200553213e+02
5.249465349928742275e+06,4.657207572074682103e+05,-5.405237309805683026e+02
5.249465349928742275e+06,4.657207572074682103e+05,-5.405237309805683026e+02
5.249465349928742275e+06,4.657207572074682103e+05,-5.405227309805683262e+02
5.249465349928742275e+06,4.657207572074682103e+05,-5.405217309805683499e+02
5.249465349928742275e+06,4.657207572074682103e+05,-5.405207309805683735e+02
5.249465349928742275e+06,4.657207572074682103e+05,-5.405197309805682835e+02
5.249465349928742275e+06,4.657207572074682103e+05,-5.405187309805683071e+02
5.249465349928742275e+06,4.657207572074682103e+05,-5.405177309805683308e+02
5.249465349928742275e+06,4.657207572074682103e+05,-5.405167309805683544e+02
5.249465349928742275e+06,4.657207572074682103e+05,-5.405157309805683781e+02
5.249465349928742275e+06,4.657207572074682103e+05,-5.405157309805683781e+02
5.249465349928742275e+06,4.657207572074682103e+05,-5.405167309805683544e+02
5.249465349928742275e+06,4.657207572074682103e+05,-5.405167309805683544e+02
5.249465349928742275e+06,4.657207572074682103e+05,-5.405167309805683544e+02
5.249465349928742275e+06,4.657207572074682103e+05,-5.405157309805683781e+02
5.249465349928742275e+06,4.657207572074682103e+05,-5.405157309805683781e+02
5.249465349928742275e+06,4.657207572074682103e+05,-5.405157309805683781e+02
5.249465349928742275e+06,4.657207572074682103e+05,-5.405147309805682880e+02
5.249465349928742275e+06,4.657207572074682103e+05,-5.405147309805682880e+02
5.249465349928742275e+06,4.657207572074682103e+05,-5.405137309805683117e+02
5.249465349928742275e+06,4.657207572074682103e+05,-5.405137309805683117e+02
5.249465349928742275e+06,4.657207572074682103e+05,-5.405127309805683353e+02
5.249465349928742275e+06,4.657207572074682103e+05,-5.405117309805683590e+02
5.249465349928742275e+06,4.657207572074682103e+05,-5.405107309805683826e+02
5.249465349928742275e+06,4.657207572074682103e+05,-5.405097309805682926e+02
5.249465349928742275e+06,4.657207572074682103e+05,-5.405087309805683162e+02
5.249465349928742275e+06,4.657207572074682103e+05,-5.405077309805683399e+02
5.249465349928742275e+06,4.657207572074682103e+05,-5.405067309805683635e+02
5.249465349928742275e+06,4.657207572074682103e+05,-5.405057309805683872e+02
5.249465349928742275e+06,4.657207572074682103e+05,-5.405057309805683872e+02
5.249465349928742275e+06,4.657207572074682103e+05,-5.405067309805683635e+02
5.249465349928742275e+06,4.657207572074682103e+05,-5.405077309805683399e+02
5.249465349928742275e+06,4.657207572074682103e+05,-5.405087309805683162e+02
5.249465349928742275e+06,4.657207572074682103e+05,-5.405097309805682926e+02
5.249465349928742275e+06,4.657207572074682103e+05,-5.405107309805683826e+02
5.249465349928742275e+06,4.657207572074682103e+05,-5.405107309805683826e+02
5.249465349928742275e+06,4.657207572074682103e+05,-5.405117309805683590e+02
5.249465349928742275e+06,4.657207572074682103e+05,-5.405117309805683590e+02
5.249465338815357536e+06,4.657207571426093928e+05,-5.405117309337574625e+02
5.249465338815357536e+06,4.657207571426093928e+05,-5.405117309337574625e+02
5.249465338815357536e+06,4.657207571426093928e+05,-5.405117309337574625e+02
5.249465338815357536e+06,4.657207571426093928e+05,-5.405117309337574625e+02
5.249465338815357536e+06,4.657207571426093928e+05,-5.405107309337574861e+02
5.249465338815357536e+06,4.657207571426093928e+05,-5.405107309337574861e+02
5.249465338815357536e+06,4.657207571426093928e+05,-5.405107309337574861e+02
5.249465338815357536e+06,4.657207571426093928e+05,-5.405097309337575098e+02
5.249465338815357536e+06,4.657207571426093928e+05,-5.405087309337575334e+02
5.249465338815357536e+06,4.657207571426093928e+05,-5.405077309337574434e+02
5.249465338815357536e+06,4.657207571426093928e+05,-5.405067309337574670e+02
5.249465338815357536e+06,4.657207571426093928e+05,-5.405077309337574434e+02
5.249465338859396055e+06,4.657207495966741117e+05,-5.405087310732444621e+02
5.249465338859396055e+06,4.657207495966741117e+05,-5.405097310732444384e+02
5.249465338859396055e+06,4.657207495966741117e+05,-5.405097310732444384e+02
5.249465338859396055e+06,4.657207495966741117e+05,-5.405107310732445285e+02
5.249465338859396055e+06,4.657207495966741117e+05,-5.405107310732445285e+02
5.249465338859396055e+06,4.657207495966741117e+05,-5.405117310732445048e+02
5.249465327746014111e+06,4.657207495318151778e+05,-5.405117310264337220e+02
5.249465327746014111e+06,4.657207495318151778e+05,-5.405117310264337220e+02
5.249465327746014111e+06,4.657207495318151778e+05,-5.405117310264337220e+02
5.249465327746014111e+06,4.657207495318151778e+05,-5.405107310264337457e+02
5.249465327746014111e+06,4.657207495318151778e+05,-5.405107310264337457e+02
5.249465327746014111e+06,4.657207495318151778e+05,-5.405107310264337457e+02
5.249465327746014111e+06,4.657207495318151778e+05,-5.405097310264337693e+02
5.249465327746014111e+06,4.657207495318151778e+05,-5.405097310264337693e+02
5.249465327746014111e+06,4.657207495318151778e+05,-5.405087310264337930e+02
5.249465327746014111e+06,4.657207495318151778e+05,-5.405077310264337029e+02
5.249465327746014111e+06,4.657207495318151778e+05,-5.405067310264337266e+02
5.249465327746014111e+06,4.657207495318151778e+05,-5.405057310264337502e+02
5.249465327746014111e+06,4.657207495318151778e+05,-5.405047310264337739e+02
5.249465327746014111e+06,4.657207495318151778e+05,-5.405047310264337739e+02
5.249465327746014111e+06,4.657207495318151778e+05,-5.405057310264337502e+02
5.249465327746014111e+06,4.657207495318151778e+05,-5.405067310264337266e+02
5.249465327746014111e+06,4.657207495318151778e+05,-5.405067310264337266e+02
5.249465327746014111e+06,4.657207495318151778e+05,-5.405077310264337029e+02
5.249465316632630304e+06,4.657207494669563021e+05,-5.405077309796231475e+02
5.249465316632630304e+06,4.657207494669563021e+05,-5.405077309796231475e+02
5.249465316632630304e+06,4.657207494669563021e+05,-5.405077309796231475e+02
5.249465316632630304e+06,4.657207494669563021e+05,-5.405077309796231475e+02
5.249465316632630304e+06,4.657207494669563021e+05,-5.405077309796231475e+02
5.249465316632630304e+06,4.657207494669563021e+05,-5.405077309796231475e+02
5.249465316632630304e+06,4.657207494669563021e+05,-5.405067309796231712e+02
5.249465316632630304e+06,4.657207494669563021e+05,-5.405067309796231712e+02
5.249465316588591784e+06,4.657207570128915831e+05,-5.405057308401361524e+02
5.249465316588591784e+06,4.657207570128915831e+05,-5.405047308401361761e+02
5.249465316588591784e+06,4.657207570128915831e+05,-5.405047308401361761e+02
5.249465316588591784e+06,4.657207570128915831e+05,-5.405037308401361997e+02
5.249465316588591784e+06,4.657207570128915831e+05,-5.405027308401361097e+02
5.249465316588591784e+06,4.657207570128915831e+05,-5.405017308401361333e+02
5.249465316588591784e+06,4.657207570128915831e+05,-5.405007308401361570e+02
5.249465316588591784e+06,4.657207570128915831e+05,-5.405007308401361570e+02
5.249465316632630304e+06,4.657207494669563021e+05,-5.405027309796231521e+02
5.249465316632630304e+06,4.657207494669563021e+05,-5.405037309796232421e+02
5.249465316632630304e+06,4.657207494669563021e+05,-5.405047309796232184e+02
5.249465316632630304e+06,4.657207494669563021e+05,-5.405057309796231948e+02
5.249465316632630304e+06,4.657207494669563021e+05,-5.405057309796231948e+02
5.249465316632630304e+06,4.657207494669563021e+05,-5.405067309796231712e+02
5.249465316632630304e+06,4.657207494669563021e+05,-5.405067309796231712e+02
5.249465316632630304e+06,4.657207494669563021e+05,-5.405067309796231712e+02
5.249465305519246496e+06,4.657207494020973681e+05,-5.405067309328127294e+02
5.249465305519246496e+06,4.657207494020973681e+05,-5.405067309328127294e+02
5.249465305519246496e+06,4.657207494020973681e+05,-5.405067309328127294e+02
5.249465305519246496e+06,4.657207494020973681e+05,-5.405057309328127531e+02
5.249465305563285016e+06,4.657207418561622035e+05,-5.405057310722997954e+02
5.249465305563285016e+06,4.657207418561622035e+05,-5.405047310722997054e+02
5.249465305563285016e+06,4.657207418561622035e+05,-5.405037310722997290e+02
5.249465305563285016e+06,4.657207418561622035e+05,-5.405037310722997290e+02
5.249465305563285016e+06,4.657207418561622035e+05,-5.405027310722996390e+02
5.249465305563285016e+06,4.657207418561622035e+05,-5.405017310722996626e+02
5.249465305563285016e+06,4.657207418561622035e+05,-5.405007310722996863e+02
5.249465305563285016e+06,4.657207418561622035e+05,-5.405007310722996863e+02
5.249465305563285016e+06,4.657207418561622035e+05,-5.405007310722996863e+02
5.249465305563285016e+06,4.657207418561622035e+05,-5.405017310722996626e+02
5.249465305563285016e+06,4.657207418561622035e+05,-5.405017310722996626e+02
5.249465305563285016e+06,4.657207418561622035e+05,-5.405017310722996626e+02
5.249465305563285016e+06,4.657207418561622035e+05,-5.405017310722996626e+02
5.249465305563285016e+06,4.657207418561622035e+05,-5.405017310722996626e+02
5.249465305563285016e+06,4.657207418561622035e+05,-5.405017310722996626e+02
5.249465305563285016e+06,4.657207418561622035e+05,-5.405017310722996626e+02
5.249465305563285016e+06,4.657207418561622035e+05,-5.405007310722996863e+02
5.249465294449900277e+06,4.657207417913032696e+05,-5.405007310254893582e+02
5.249465294449900277e+06,4.657207417913032696e+05,-5.404997310254893819e+02
5.249465294449900277e+06,4.657207417913032696e+05,-5.404987310254894055e+02
5.249465294449900277e+06,4.657207417913032696e+05,-5.404977310254894292e+02
5.249465294449900277e+06,4.657207417913032696e+05,-5.404977310254894292e+02
5.249465294449900277e+06,4.657207417913032696e+05,-5.404967310254894528e+02
5.249465294449900277e+06,4.657207417913032696e+05,-5.404947310254893864e+02
5.249465294449900277e+06,4.657207417913032696e+05,-5.404937310254894101e+02
5.249465294449900277e+06,4.657207417913032696e+05,-5.404927310254893200e+02
5.249465294449900277e+06,4.657207417913032696e+05,-5.404917310254893437e+02
5.249465294449900277e+06,4.657207417913032696e+05,-5.404917310254893437e+02
5.249465294449900277e+06,4.657207417913032696e+05,-5.404927310254893200e+02
5.249465294449900277e+06,4.657207417913032696e+05,-5.404937310254894101e+02
5.249465294449900277e+06,4.657207417913032696e+05,-5.404947310254893864e+02
5.249465294405861758e+06,4.657207493372384342e+05,-5.404947308860024577e+02
5.249465294405861758e+06,4.657207493372384342e+05,-5.404957308860024341e+02
5.249465294405861758e+06,4.657207493372384342e+05,-5.404957308860024341e+02
5.249465294405861758e+06,4.657207493372384342e+05,-5.404957308860024341e+02
5.249465294405861758e+06,4.657207493372384342e+05,-5.404957308860024341e+02
5.249465294405861758e+06,4.657207493372384342e+05,-5.404957308860024341e+02
5.249465283292477019e+06,4.657207492723795585e+05,-5.404957308391922197e+02
5.249465283292477019e+06,4.657207492723795585e+05,-5.404957308391922197e+02
5.249465283292477019e+06,4.657207492723795585e+05,-5.404957308391922197e+02
5.249465283292477019e+06,4.657207492723795585e+05,-5.404947308391922434e+02
5.249465283292477019e+06,4.657207492723795585e+05,-5.404947308391922434e+02
5.249465283292477019e+06,4.657207492723795585e+05,-5.404937308391922670e+02
5.249465283292477019e+06,4.657207492723795585e+05,-5.404937308391922670e+02
5.249465283292477019e+06,4.657207492723795585e+05,-5.404927308391922907e+02
5.249465283292477019e+06,4.657207492723795585e+05,-5.404917308391923143e+02
5.249465283292477019e+06,4.657207492723795585e+05,-5.404907308391923380e+02
5.249465283292477019e+06,4.657207492723795585e+05,-5.404907308391923380e+02
5.249465283292477019e+06,4.657207492723795585e+05,-5.404917308391923143e+02
5.249465283292477019e+06,4.657207492723795585e+05,-5.404937308391922670e+02
5.249465283292477019e+06,4.657207492723795585e+05,-5.404937308391922670e+02
5.249465283292477019e+06,4.657207492723795585e+05,-5.404947308391922434e+02
5.249465283248439431e+06,4.657207568183148396e+05,-5.404947306997053147e+02
5.249465283248439431e+06,4.657207568183148396e+05,-5.404957306997052910e+02
5.249465283248439431e+06,4.657207568183148396e+05,-5.404957306997052910e+02
5.249465283248439431e+06,4.657207568183148396e+05,-5.404957306997052910e+02
5.249465283248439431e+06,4.657207568183148396e+05,-5.404947306997053147e+02
5.249465283248439431e+06,4.657207568183148396e+05,-5.404947306997053147e+02
5.249465283248439431e+06,4.657207568183148396e+05,-5.404947306997053147e+02
5.249465283248439431e+06,4.657207568183148396e+05,-5.404937306997053383e+02
5.249465283248439431e+06,4.657207568183148396e+05,-5.404937306997053383e+02
5.249465283248439431e+06,4.657207568183148396e+05,-5.404927306997053620e+02
5.249465283248439431e+06,4.657207568183148396e+05,-5.404917306997053856e+02
5.249465283248439431e+06,4.657207568183148396e+05,-5.404907306997054093e+02
5.249465283248439431e+06,4.657207568183148396e+05,-5.404897306997054329e+02
5.249465283248439431e+06,4.657207568183148396e+05,-5.404887306997053429e+02
5.249465283248439431e+06,4.657207568183148396e+05,-5.404877306997053665e+02
5.249465283248439431e+06,4.657207568183148396e+05,-5.404877306997053665e+02
5.249465283248439431e+06,4.657207568183148396e+05,-5.404887306997053429e+02
5.249465283248439431e+06,4.657207568183148396e+05,-5.404897306997054329e+02
5.249465283204399981e+06,4.657207643642500625e+05,-5.404897305602183906e+02
5.249465283204399981e+06,4.657207643642500625e+05,-5.404907305602183669e+02
5.249465283204399981e+06,4.657207643642500625e+05,-5.404907305602183669e+02
5.249465283204399981e+06,4.657207643642500625e+05,-5.404917305602184570e+02
5.249465283204399981e+06,4.657207643642500625e+05,-5.404917305602184570e+02
5.249465283204399981e+06,4.657207643642500625e+05,-5.404917305602184570e+02
5.249465283204399981e+06,4.657207643642500625e+05,-5.404917305602184570e+02
5.249465283204399981e+06,4.657207643642500625e+05,-5.404907305602183669e+02
5.249465283204399981e+06,4.657207643642500625e+05,-5.404907305602183669e+02
5.249465283204399981e+06,4.657207643642500625e+05,-5.404897305602183906e+02
5.249465283204399981e+06,4.657207643642500625e+05,-5.404897305602183906e+02
5.249465283204399981e+06,4.657207643642500625e+05,-5.404887305602184142e+02
5.249465283204399981e+06,4.657207643642500625e+05,-5.404877305602184379e+02
5.249465283204399981e+06,4.657207643642500625e+05,-5.404877305602184379e+02
5.249465283204399981e+06,4.657207643642500625e+05,-5.404857305602183715e+02
5.249465283204399981e+06,4.657207643642500625e+05,-5.404857305602183715e+02
5.249465283204399981e+06,4.657207643642500625e+05,-5.404847305602183951e+02
5.249465283204399981e+06,4.657207643642500625e+05,-5.404847305602183951e+02
5.249465283204399981e+06,4.657207643642500625e+05,-5.404847305602183951e+02
5.249465283204399981e+06,4.657207643642500625e+05,-5.404857305602183715e+02
5.249465283160361461e+06,4.657207719101851690e+05,-5.404867304207314191e+02
5.249465283160361461e+06,4.657207719101851690e+05,-5.404867304207314191e+02
5.249465283160361461e+06,4.657207719101851690e+05,-5.404877304207313955e+02
5.249465283160361461e+06,4.657207719101851690e+05,-5.404877304207313955e+02
5.249465283160361461e+06,4.657207719101851690e+05,-5.404877304207313955e+02
5.249465283160361461e+06,4.657207719101851690e+05,-5.404877304207313955e+02
5.249465283160361461e+06,4.657207719101851690e+05,-5.404877304207313955e+02
5.249465283160361461e+06,4.657207719101851690e+05,-5.404877304207313955e+02
5.249465283160361461e+06,4.657207719101851690e+05,-5.404877304207313955e+02
5.249465283160361461e+06,4.657207719101851690e+05,-5.404867304207314191e+02
5.249465283160361461e+06,4.657207719101851690e+05,-5.404867304207314191e+02
5.249465283160361461e+06,4.657207719101851690e+05,-5.404867304207314191e+02
5.249465283160361461e+06,4.657207719101851690e+05,-5.404857304207314428e+02
5.249465283160361461e+06,4.657207719101851690e+05,-5.404847304207314664e+02
5.249465283160361461e+06,4.657207719101851690e+05,-5.404847304207314664e+02
5.249465283160361461e+06,4.657207719101851690e+05,-5.404837304207314901e+02
5.249465283160361461e+06,4.657207719101851690e+05,-5.404827304207315137e+02
5.249465283160361461e+06,4.657207719101851690e+05,-5.404827304207315137e+02
5.249465283160361461e+06,4.657207719101851690e+05,-5.404847304207314664e+02
5.249465283160361461e+06,4.657207719101851690e+05,-5.404857304207314428e+02
5.249465283160361461e+06,4.657207719101851690e+05,-5.404867304207314191e+02
5.249465283160361461e+06,4.657207719101851690e+05,-5.404887304207313719e+02
5.249465283160361461e+06,4.657207719101851690e+05,-5.404887304207313719e+02
5.249465283116322011e+06,4.657207794561205083e+05,-5.404897302812445332e+02
5.249465283116322011e+06,4.657207794561205083e+05,-5.404907302812445096e+02
5.249465283116322011e+06,4.657207794561205083e+05,-5.404907302812445096e+02
5.249465283116322011e+06,4.657207794561205083e+05,-5.404907302812445096e+02
5.249465283116322011e+06,4.657207794561205083e+05,-5.404907302812445096e+02
5.249465283116322011e+06,4.657207794561205083e+05,-5.404917302812445996e+02
5.249465283116322011e+06,4.657207794561205083e+05,-5.404907302812445096e+02
5.249465283116322011e+06,4.657207794561205083e+05,-5.404907302812445096e+02
5.249465283116322011e+06,4.657207794561205083e+05,-5.404907302812445096e+02
5.249465283116322011e+06,4.657207794561205083e+05,-5.404907302812445096e+02
5.249465283116322011e+06,4.657207794561205083e+05,-5.404897302812445332e+02
5.249465294229705818e+06,4.657207795209793840e+05,-5.404887303280545439e+02
5.249465294229705818e+06,4.657207795209793840e+05,-5.404877303280545675e+02
5.249465294229705818e+06,4.657207795209793840e+05,-5.404867303280545912e+02
5.249465294229705818e+06,4.657207795209793840e+05,-5.404867303280545912e+02
5.249465294229705818e+06,4.657207795209793840e+05,-5.404887303280545439e+02
5.249465294229705818e+06,4.657207795209793840e+05,-5.404897303280545202e+02
5.249465294229705818e+06,4.657207795209793840e+05,-5.404907303280544966e+02
5.249465294229705818e+06,4.657207795209793840e+05,-5.404907303280544966e+02
5.249465294229705818e+06,4.657207795209793840e+05,-5.404917303280545866e+02
5.249465283116322011e+06,4.657207794561205083e+05,-5.404917302812445996e+02
5.249465283116322011e+06,4.657207794561205083e+05,-5.404917302812445996e+02
5.249465294229705818e+06,4.657207795209793840e+05,-5.404917303280545866e+02
5.249465294229705818e+06,4.657207795209793840e+05,-5.404917303280545866e+02
5.249465294229705818e+06,4.657207795209793840e+05,-5.404917303280545866e+02
5.249465294229705818e+06,4.657207795209793840e+05,-5.404907303280544966e+02
5.249465294229705818e+06,4.657207795209793840e+05,-5.404907303280544966e+02
5.249465294229705818e+06,4.657207795209793840e+05,-5.404907303280544966e+02
5.249465294229705818e+06,4.657207795209793840e+05,-5.404897303280545202e+02
5.249465294229705818e+06,4.657207795209793840e+05,-5.404887303280545439e+02
5.249465294229705818e+06,4.657207795209793840e+05,-5.404877303280545675e+02
5.249465294229705818e+06,4.657207795209793840e+05,-5.404867303280545912e+02
5.249465294229705818e+06,4.657207795209793840e+05,-5.404857303280546148e+02
5.249465294273745269e+06,4.657207719750441029e+05,-5.404847304675415671e+02
5.249465294273745269e+06,4.657207719750441029e+05,-5.404847304675415671e+02
5.249465294273745269e+06,4.657207719750441029e+05,-5.404857304675415435e+02
5.249465294229705818e+06,4.657207795209793840e+05,-5.404867303280545912e+02
5.249465294229705818e+06,4.657207795209793840e+05,-5.404867303280545912e+02
5.249465294229705818e+06,4.657207795209793840e+05,-5.404877303280545675e+02
5.249465294229705818e+06,4.657207795209793840e+05,-5.404877303280545675e+02
5.249465294229705818e+06,4.657207795209793840e+05,-5.404877303280545675e+02
5.249465294229705818e+06,4.657207795209793840e+05,-5.404877303280545675e+02
5.249465294229705818e+06,4.657207795209793840e+05,-5.404877303280545675e+02
5.249465294229705818e+06,4.657207795209793840e+05,-5.404877303280545675e+02
5.249465294273745269e+06,4.657207719750441029e+05,-5.404867304675415198e+02
5.249465294273745269e+06,4.657207719750441029e+05,-5.404867304675415198e+02
5.249465294273745269e+06,4.657207719750441029e+05,-5.404857304675415435e+02
5.249465294273745269e+06,4.657207719750441029e+05,-5.404847304675415671e+02
5.249465294273745269e+06,4.657207719750441029e+05,-5.404837304675414771e+02
5.249465294273745269e+06,4.657207719750441029e+05,-5.404827304675415007e+02
5.249465294273745269e+06,4.657207719750441029e+05,-5.404817304675415244e+02
5.249465294273745269e+06,4.657207719750441029e+05,-5.404817304675415244e+02
5.249465294273745269e+06,4.657207719750441029e+05,-5.404807304675415480e+02
5.249465294273745269e+06,4.657207719750441029e+05,-5.404787304675414816e+02
5.249465294273745269e+06,4.657207719750441029e+05,-5.404797304675415717e+02
5.249465294273745269e+06,4.657207719750441029e+05,-5.404807304675415480e+02
5.249465294273745269e+06,4.657207719750441029e+05,-5.404817304675415244e+02
5.249465294273745269e+06,4.657207719750441029e+05,-5.404827304675415007e+02
5.249465294273745269e+06,4.657207719750441029e+05,-5.404827304675415007e+02
5.249465294273745269e+06,4.657207719750441029e+05,-5.404837304675414771e+02
5.249465294273745269e+06,4.657207719750441029e+05,-5.404837304675414771e+02
5.249465294273745269e+06,4.657207719750441029e+05,-5.404837304675414771e+02
5.249465294273745269e+06,4.657207719750441029e+05,-5.404837304675414771e+02
5.249465294273745269e+06,4.657207719750441029e+05,-5.404837304675414771e+02
5.249465294273745269e+06,4.657207719750441029e+05,-5.404837304675414771e+02
5.249465294273745269e+06,4.657207719750441029e+05,-5.404837304675414771e+02
5.249465294273745269e+06,4.657207719750441029e+05,-5.404837304675414771e+02
5.249465294273745269e+06,4.657207719750441029e+05,-5.404827304675415007e+02
5.249465294273745269e+06,4.657207719750441029e+05,-5.404827304675415007e+02
5.249465294273745269e+06,4.657207719750441029e+05,-5.404817304675415244e+02
5.249465294273745269e+06,4.657207719750441029e+05,-5.404807304675415480e+02
5.249465294273745269e+06,4.657207719750441029e+05,-5.404797304675415717e+02
5.249465294273745269e+06,4.657207719750441029e+05,-5.404787304675414816e+02
5.249465294273745269e+06,4.657207719750441029e+05,-5.404777304675415053e+02
5.249465294273745269e+06,4.657207719750441029e+05,-5.404777304675415053e+02
5.249465305387130007e+06,4.657207720399029204e+05,-5.404787305143516960e+02
5.249465305387130007e+06,4.657207720399029204e+05,-5.404797305143517860e+02
5.249465305387130007e+06,4.657207720399029204e+05,-5.404807305143517624e+02
5.249465305343091488e+06,4.657207795858382015e+05,-5.404807303748647200e+02
5.249465305343091488e+06,4.657207795858382015e+05,-5.404817303748648101e+02
5.249465305343091488e+06,4.657207795858382015e+05,-5.404817303748648101e+02
5.249465305343091488e+06,4.657207795858382015e+05,-5.404817303748648101e+02
5.249465305343091488e+06,4.657207795858382015e+05,-5.404817303748648101e+02
5.249465305343091488e+06,4.657207795858382015e+05,-5.404817303748648101e+02
5.249465305343091488e+06,4.657207795858382015e+05,-5.404817303748648101e+02
5.249465305343091488e+06,4.657207795858382015e+05,-5.404807303748647200e+02
5.249465305343091488e+06,4.657207795858382015e+05,-5.404807303748647200e+02
5.249465305343091488e+06,4.657207795858382015e+05,-5.404797303748647437e+02
5.249465305343091488e+06,4.657207795858382015e+05,-5.404787303748647673e+02
5.249465305343091488e+06,4.657207795858382015e+05,-5.404787303748647673e+02
5.249465305387130007e+06,4.657207720399029204e+05,-5.404777305143517196e+02
5.249465305387130007e+06,4.657207720399029204e+05,-5.404767305143517433e+02
5.249465305387130007e+06,4.657207720399029204e+05,-5.404757305143517669e+02
5.249465305387130007e+06,4.657207720399029204e+05,-5.404747305143517906e+02
5.249465305387130007e+06,4.657207720399029204e+05,-5.404747305143517906e+02
5.249465305343091488e+06,4.657207795858382015e+05,-5.404757303748647246e+02
5.249465305343091488e+06,4.657207795858382015e+05,-5.404757303748647246e+02
5.249465305343091488e+06,4.657207795858382015e+05,-5.404767303748647009e+02
5.249465316456475295e+06,4.657207796506970772e+05,-5.404767304216750290e+02
5.249465316456475295e+06,4.657207796506970772e+05,-5.404767304216750290e+02
5.249465316456475295e+06,4.657207796506970772e+05,-5.404767304216750290e+02
5.249465316456475295e+06,4.657207796506970772e+05,-5.404767304216750290e+02
5.249465316456475295e+06,4.657207796506970772e+05,-5.404767304216750290e+02
5.249465316456475295e+06,4.657207796506970772e+05,-5.404767304216750290e+02
5.249465316456475295e+06,4.657207796506970772e+05,-5.404757304216750526e+02
5.249465316456475295e+06,4.657207796506970772e+05,-5.404757304216750526e+02
5.249465316456475295e+06,4.657207796506970772e+05,-5.404757304216750526e+02
5.249465316456475295e+06,4.657207796506970772e+05,-5.404747304216750763e+02
5.249465316456475295e+06,4.657207796506970772e+05,-5.404737304216750999e+02
5.249465316456475295e+06,4.657207796506970772e+05,-5.404737304216750999e+02
5.249465316456475295e+06,4.657207796506970772e+05,-5.404727304216751236e+02
5.249465316456475295e+06,4.657207796506970772e+05,-5.404717304216751472e+02
5.249465316456475295e+06,4.657207796506970772e+05,-5.404707304216751709e+02
5.249465316456475295e+06,4.657207796506970772e+05,-5.404697304216751945e+02
5.249465316456475295e+06,4.657207796506970772e+05,-5.404697304216751945e+02
5.249465316456475295e+06,4.657207796506970772e+05,-5.404707304216751709e+02
5.249465316456475295e+06,4.657207796506970772e+05,-5.404707304216751709e+02
5.249465316456475295e+06,4.657207796506970772e+05,-5.404717304216751472e+02
5.249465316456475295e+06,4.657207796506970772e+05,-5.404717304216751472e+02
5.249465316456475295e+06,4.657207796506970772e+05,-5.404717304216751472e+02
5.249465316456475295e+06,4.657207796506970772e+05,-5.404717304216751472e+02
5.249465316456475295e+06,4.657207796506970772e+05,-5.404717304216751472e+02
5.249465316456475295e+06,4.657207796506970772e+05,-5.404717304216751472e+02
5.249465316456475295e+06,4.657207796506970772e+05,-5.404717304216751472e+02
5.249465316456475295e+06,4.657207796506970772e+05,-5.404707304216751709e+02
5.249465316456475295e+06,4.657207796506970772e+05,-5.404707304216751709e+02
5.249465316456475295e+06,4.657207796506970772e+05,-5.404697304216751945e+02
5.249465316456475295e+06,4.657207796506970772e+05,-5.404687304216751045e+02
5.249465316456475295e+06,4.657207796506970772e+05,-5.404677304216751281e+02
5.249465316456475295e+06,4.657207796506970772e+05,-5.404667304216750381e+02
5.249465316456475295e+06,4.657207796506970772e+05,-5.404657304216750617e+02
5.249465316456475295e+06,4.657207796506970772e+05,-5.404647304216750854e+02
5.249465316456475295e+06,4.657207796506970772e+05,-5.404637304216751090e+02
5.249465316456475295e+06,4.657207796506970772e+05,-5.404627304216751327e+02
5.249465316456475295e+06,4.657207796506970772e+05,-5.404627304216751327e+02
5.249465316456475295e+06,4.657207796506970772e+05,-5.404637304216751090e+02
5.249465316456475295e+06,4.657207796506970772e+05,-5.404657304216750617e+02
5.249465316456475295e+06,4.657207796506970772e+05,-5.404657304216750617e+02
5.249465327569859102e+06,4.657207797155560111e+05,-5.404647304684856408e+02
5.249465327569859102e+06,4.657207797155560111e+05,-5.404627304684856881e+02
5.249465327569859102e+06,4.657207797155560111e+05,-5.404597304684855317e+02
5.249465327569859102e+06,4.657207797155560111e+05,-5.404567304684856026e+02
5.249465316456475295e+06,4.657207796506970772e+05,-5.404547304216750945e+02
5.249465316456475295e+06,4.657207796506970772e+05,-5.404527304216751418e+02
5.249465316500513814e+06,4.657207721047618543e+05,-5.404507305611621177e+02
5.249465305387130007e+06,4.657207720399029204e+05,-5.404487305143517233e+02
5.249465305387130007e+06,4.657207720399029204e+05,-5.404467305143517706e+02
5.249465294317783788e+06,4.657207644291089382e+05,-5.404437306070285558e+02
5.249465283248439431e+06,4.657207568183148396e+05,-5.404387306997053884e+02
5.249465261065710336e+06,4.657207491426616907e+05,-5.404337307455725750e+02
5.249465249996365979e+06,4.657207415318675339e+05,-5.404287308382497486e+02
5.249465227813637815e+06,4.657207338562144432e+05,-5.404227308841175272e+02
5.249465205674947239e+06,4.657207186346257804e+05,-5.404147310694727366e+02
5.249465183536259457e+06,4.657207034130370594e+05,-5.404067312548282871e+02
5.249465161397568882e+06,4.657206881914483383e+05,-5.403997314401842686e+02
5.249465139258878306e+06,4.657206729698593845e+05,-5.403937316255407950e+02
5.249465106050844304e+06,4.657206501374758664e+05,-5.403867319035762193e+02
5.249465083956193179e+06,4.657206273699511657e+05,-5.403797322284200391e+02
5.249465050748161972e+06,4.657206045375671238e+05,-5.403717325064569650e+02
5.249465017584165558e+06,4.657205741592471022e+05,-5.403647329239811370e+02
5.249464973306787200e+06,4.657205437160676811e+05,-5.403587332946996185e+02
5.249464940186831169e+06,4.657205057918113307e+05,-5.403537338517116950e+02
5.249464907022836618e+06,4.657204754134903196e+05,-5.403497342692385246e+02
5.249464862789497711e+06,4.657204374243736384e+05,-5.403457347794467296e+02
5.249464818556160666e+06,4.657203994352566078e+05,-5.403447352896564553e+02
5.249464774366861209e+06,4.657203539002027828e+05,-5.403437359393533370e+02
5.249464730177560821e+06,4.657203083651484922e+05,-5.403437365890513320e+02
5.249464674874880351e+06,4.657202627652336378e+05,-5.403437371919476391e+02
5.249464630685584620e+06,4.657202172301778337e+05,-5.403447378416485662e+02
5.249464575382902287e+06,4.657201716302614077e+05,-5.403457384445488287e+02
5.249464531193604693e+06,4.657201260952041484e+05,-5.403477390942528018e+02
5.249464475934965536e+06,4.657200729493498802e+05,-5.403487398366420393e+02
5.249464420676324517e+06,4.657200198034942732e+05,-5.403507405790332996e+02
5.249464365373644978e+06,4.657199742035744130e+05,-5.403527411819419513e+02
5.249464310115004890e+06,4.657199210577171179e+05,-5.403557419243375080e+02
5.249464254856365733e+06,4.657198679118588334e+05,-5.403607426667351774e+02
5.249464199641766027e+06,4.657198072200629395e+05,-5.403637435486190270e+02
5.249464133269746788e+06,4.657197540093416465e+05,-5.403677442442235588e+02
5.249464078011110425e+06,4.657197008634803351e+05,-5.403707449866277557e+02
5.249464011683128774e+06,4.657196401068199775e+05,-5.403737458217221956e+02
5.249463956424492411e+06,4.657195869609564543e+05,-5.403757465641309636e+02
5.249463890096513554e+06,4.657195262042935938e+05,-5.403777473992309979e+02
5.249463834881919436e+06,4.657194655124906567e+05,-5.403797482811278314e+02
5.249463768509900197e+06,4.657194123017624952e+05,-5.403817489767501456e+02
5.249463713295307010e+06,4.657193516099571716e+05,-5.403817498586512329e+02
5.249463646967330016e+06,4.657192908532893052e+05,-5.403827506937623184e+02
5.249463580639354885e+06,4.657192300966199255e+05,-5.403827515288764971e+02
5.249463525424761698e+06,4.657191694048109348e+05,-5.403827524107841782e+02
5.249463459052745253e+06,4.657191161940766033e+05,-5.403827531064214327e+02
5.249463392724771984e+06,4.657190554374033236e+05,-5.403817539415445026e+02
5.249463337510182522e+06,4.657189947455908405e+05,-5.403807548234588012e+02
5.249463271182208322e+06,4.657189339889151161e+05,-5.403797556585871007e+02
5.249463204854237847e+06,4.657188732322378200e+05,-5.403787564937186971e+02
5.249463149639649317e+06,4.657188125404216698e+05,-5.403767573756394995e+02
5.249463083311676979e+06,4.657187517837418127e+05,-5.403767582107765293e+02
5.249463028097091243e+06,4.657186910919235088e+05,-5.403767590927016045e+02
5.249462961769121699e+06,4.657186303352409159e+05,-5.403757599278440011e+02
5.249462906554535031e+06,4.657185696434200509e+05,-5.403757608097730554e+02
5.249462840226567350e+06,4.657185088867350132e+05,-5.403747616449211364e+02
5.249462785011982545e+06,4.657184481949117617e+05,-5.403737625268544207e+02
5.249462729797397740e+06,4.657183875030872878e+05,-5.403727634087895240e+02
5.249462663469431922e+06,4.657183267463982920e+05,-5.403717642439453357e+02
5.249462608254849911e+06,4.657182660545714898e+05,-5.403707651258844180e+02
5.249462553040268831e+06,4.657182053627436399e+05,-5.403687660078255703e+02
5.249462486712303013e+06,4.657181446060508024e+05,-5.403677668429891128e+02
5.249462431453681551e+06,4.657180914601593977e+05,-5.403657675854544777e+02
5.249462376239100471e+06,4.657180307683280553e+05,-5.403647684674016318e+02
5.249462321024522185e+06,4.657179700764954323e+05,-5.403627693493505149e+02
5.249462265809943900e+06,4.657179093846618198e+05,-5.403607702313011032e+02
5.249462210551323369e+06,4.657178562387662241e+05,-5.403587709737743126e+02
5.249462155336746015e+06,4.657177955469303997e+05,-5.403567718557287662e+02
5.249462100078126416e+06,4.657177424010327668e+05,-5.403547725982059546e+02
5.249462055976932868e+06,4.657176817740593688e+05,-5.403537735269383120e+02
5.249462000718315132e+06,4.657176286281596986e+05,-5.403517742694189110e+02
5.249461945459696464e+06,4.657175754822589806e+05,-5.403507750119015327e+02
5.249461901358505711e+06,4.657175148552827886e+05,-5.403507759406375044e+02
5.249461846099887043e+06,4.657174617093801498e+05,-5.403507766831235131e+02
5.249461801954654045e+06,4.657174086283418001e+05,-5.403507774723832426e+02
5.249461746696039103e+06,4.657173554824372986e+05,-5.403507782148728893e+02
5.249461702550806105e+06,4.657173024013972026e+05,-5.403507790041351200e+02
5.249461658405576833e+06,4.657172493203563499e+05,-5.403507797933982602e+02
5.249461614216301590e+06,4.657172037852546782e+05,-5.403497804431849545e+02
5.249461570071069524e+06,4.657171507042121957e+05,-5.403497812324502547e+02
5.249461514812455513e+06,4.657170975583032123e+05,-5.403497819749478595e+02
5.249461470623183995e+06,4.657170520231992705e+05,-5.403497826247382818e+02
5.249461437547293492e+06,4.657170065529605490e+05,-5.403497833212978776e+02
5.249461393402066082e+06,4.657169534719149233e+05,-5.403497841105674979e+02
5.249461349212793633e+06,4.657169079368089442e+05,-5.403497847603611035e+02
5.249461305023520254e+06,4.657168624017022667e+05,-5.403487854101558696e+02
5.249461271947633475e+06,4.657168169314612751e+05,-5.403487861067180802e+02
5.249461227758363821e+06,4.657167713963532588e+05,-5.403487867565149827e+02
5.249461183569091372e+06,4.657167258612445439e+05,-5.403487874063130221e+02
5.249461150493204594e+06,4.657166803910018061e+05,-5.403487881028770516e+02
5.249461117417318746e+06,4.657166349207584281e+05,-5.403487887994416496e+02
5.249461073184005916e+06,4.657165969315886032e+05,-5.403497893097662654e+02
5.249461040108120069e+06,4.657165514613442356e+05,-5.403507900063319767e+02
5.249461006988190114e+06,4.657165135370400385e+05,-5.403527905634221042e+02
5.249460973868261091e+06,4.657164756127356086e+05,-5.403547911205129139e+02
5.249460940792376176e+06,4.657164301424897858e+05,-5.403567918170801931e+02
5.249460907672447152e+06,4.657163922181842499e+05,-5.403577923741720497e+02
5.249460874552518129e+06,4.657163542938784231e+05,-5.403597929312645647e+02
5.249460841432590038e+06,4.657163163695720141e+05,-5.403607934883575581e+02
5.249460808312661946e+06,4.657162784452653723e+05,-5.403627940454513237e+02
5.249460786262073554e+06,4.657162481317666243e+05,-5.403637945098311093e+02
5.249460753142144531e+06,4.657162102074591676e+05,-5.403647950669258080e+02
5.249460720022218302e+06,4.657161722831512452e+05,-5.403667956240210515e+02
5.249460697971629910e+06,4.657161419696517405e+05,-5.403677960884017466e+02
5.249460664807657711e+06,4.657161115912842215e+05,-5.403697965060227943e+02
5.249460642801114358e+06,4.657160737318429165e+05,-5.403707971098792768e+02
5.249460620750525966e+06,4.657160434183424804e+05,-5.403717975742607678e+02
5.249460587586555630e+06,4.657160130399741465e+05,-5.403737979918832934e+02
5.249460565535967238e+06,4.657159827264731866e+05,-5.403747984562653528e+02
5.249460543485381640e+06,4.657159524129721103e+05,-5.403757989206475258e+02
5.249460521390748210e+06,4.657159296454120195e+05,-5.403777992455551384e+02
5.249460499340160750e+06,4.657158993319105357e+05,-5.403797997099378563e+02
5.249460477289575152e+06,4.657158690184087027e+05,-5.403818001743208015e+02
5.249460455194943585e+06,4.657158462508480879e+05,-5.403848004992291862e+02
5.249460433144357055e+06,4.657158159373460221e+05,-5.403868009636124725e+02
5.249460422163107432e+06,4.657157932346533053e+05,-5.403898013352788894e+02
5.249460400112520903e+06,4.657157629211507738e+05,-5.403918017996624030e+02
5.249460378017890267e+06,4.657157401535894023e+05,-5.403938021245717209e+02
5.249460355923258699e+06,4.657157173860280309e+05,-5.403958024494812662e+02
5.249460344942012802e+06,4.657156946833348484e+05,-5.403978028211478204e+02
5.249460322847381234e+06,4.657156719157731859e+05,-5.403988031460577304e+02
5.249460311866133474e+06,4.657156492130797706e+05,-5.403988035177243319e+02
5.249460289771501906e+06,4.657156264455177588e+05,-5.403968038426346538e+02
5.249460278746209107e+06,4.657156112887659110e+05,-5.403948040748271069e+02
5.249460267764961347e+06,4.657155885860722628e+05,-5.403918044464936656e+02
5.249460245670330711e+06,4.657155658185098437e+05,-5.403898047714045560e+02
5.249460234689082019e+06,4.657155431158160209e+05,-5.403878051430712048e+02
5.249460223707836121e+06,4.657155204131219652e+05,-5.403858055147379673e+02
5.249460212726590224e+06,4.657154977104278514e+05,-5.403838058864046161e+02
5.249460201789389364e+06,4.657154674617919372e+05,-5.403818063975452333e+02
5.249460190808143467e+06,4.657154447590976488e+05,-5.403778067692118157e+02
5.249460190984326415e+06,4.657154145753303892e+05,-5.403748073271076464e+02
5.249460180047125556e+06,4.657153843266940676e+05,-5.403718078382480599e+02
5.249460180223308504e+06,4.657153541429268080e+05,-5.403678083961436869e+02
5.249460180399492383e+06,4.657153239591595484e+05,-5.403628089540393376e+02
5.249460180575675331e+06,4.657152937753921142e+05,-5.403568095119348982e+02
5.249460180795904249e+06,4.657152560456831125e+05,-5.403498102093042235e+02
5.249460192129517905e+06,4.657152183808431146e+05,-5.403428109534295345e+02
5.249460192349747755e+06,4.657151806511339964e+05,-5.403358116507987461e+02
5.249460203683360480e+06,4.657151429862941732e+05,-5.403278123949243081e+02
5.249460215061021969e+06,4.657150977755128988e+05,-5.403208132785240423e+02
5.249460226394634694e+06,4.657150601106735412e+05,-5.403128140226501728e+02
5.249460248885679990e+06,4.657150149647622602e+05,-5.403058149530079390e+02
5.249460260263341479e+06,4.657149697539815679e+05,-5.402988158366088101e+02
5.249460282754387707e+06,4.657149246080708690e+05,-5.402928167669682580e+02
5.249460305245432071e+06,4.657148794621603447e+05,-5.402868176973286154e+02
5.249460327736479230e+06,4.657148343162502861e+05,-5.402818186276901997e+02
5.249460350227525458e+06,4.657147891703406349e+05,-5.402778195580527836e+02
5.249460383876002394e+06,4.657147365433598752e+05,-5.402748206746504138e+02
5.249460406367047690e+06,4.657146913974510389e+05,-5.402728216050155652e+02
5.249460439971479587e+06,4.657146463164128363e+05,-5.402728225821429078e+02
5.249460473619957455e+06,4.657145936894335900e+05,-5.402738236987465825e+02
5.249460507268435322e+06,4.657145410624551587e+05,-5.402768248153522563e+02
5.249460540872869082e+06,4.657144959814185277e+05,-5.402808257924860982e+02
5.249460585634731688e+06,4.657144434193120687e+05,-5.402848269558600123e+02
5.249460630396595225e+06,4.657143908572060755e+05,-5.402908281192375171e+02
5.249460664045076817e+06,4.657143382302302052e+05,-5.402968292358534654e+02
5.249460708806941286e+06,4.657142856681256671e+05,-5.403038303992374267e+02
5.249460753612854518e+06,4.657142255600811914e+05,-5.403108317020995628e+02
5.249460798374719918e+06,4.657141729979784577e+05,-5.403188328654910038e+02
5.249460843136585318e+06,4.657141204358766554e+05,-5.403258340288858790e+02
5.249460899055883288e+06,4.657140603927060729e+05,-5.403328353785284435e+02
5.249460943817749619e+06,4.657140078306060168e+05,-5.403388365419314141e+02
5.249460999737049453e+06,4.657139477874375880e+05,-5.403458378915839830e+02
5.249461055656349286e+06,4.657138877442703233e+05,-5.403508392412420562e+02
5.249461100418217480e+06,4.657138351821729448e+05,-5.403568404046576461e+02
5.249461156337518245e+06,4.657137751390077756e+05,-5.403608417543257474e+02
5.249461212256819941e+06,4.657137150958437123e+05,-5.403658431039992820e+02
5.249461268176122569e+06,4.657136550526809879e+05,-5.403698444536784109e+02
5.249461324095422402e+06,4.657135950095191947e+05,-5.403728458033630204e+02
5.249461379970679991e+06,4.657135425122990273e+05,-5.403758470135775269e+02
5.249461435889984481e+06,4.657134824691394460e+05,-5.403798483632731404e+02
5.249461502922670916e+06,4.657134224908536999e+05,-5.403838497597537298e+02
5.249461558841975406e+06,4.657133624476966215e+05,-5.403878511094612804e+02
5.249461625874666497e+06,4.657133024694136111e+05,-5.403908525059559906e+02
5.249461681793973781e+06,4.657132424262589193e+05,-5.403938538556755020e+02
5.249461748826663010e+06,4.657131824479785282e+05,-5.403958552521842194e+02
5.249461804701922461e+06,4.657131299507660442e+05,-5.403978564624394494e+02
5.249461871734613553e+06,4.657130699724881561e+05,-5.403998578589621502e+02
5.249461938767306507e+06,4.657130099942116649e+05,-5.404008592554923780e+02
5.249461994686616585e+06,4.657129499510631431e+05,-5.404028606052423811e+02
5.249462061675261706e+06,4.657128975187286269e+05,-5.404038618623098955e+02
5.249462117594571784e+06,4.657128374755822006e+05,-5.404038632120716557e+02
5.249462184583217837e+06,4.657127850432503037e+05,-5.404048644691529262e+02
5.249462251615911722e+06,4.657127250649802736e+05,-5.404048658657187616e+02
5.249462307491175830e+06,4.657126725677766954e+05,-5.404048670760216737e+02
5.249462374479822814e+06,4.657126201354481163e+05,-5.404038683331240236e+02
5.249462430355085991e+06,4.657125676382466336e+05,-5.404038695434386455e+02
5.249462497387782671e+06,4.657125076599815511e+05,-5.404028709400321304e+02
5.249462553263048641e+06,4.657124551627823384e+05,-5.404028721503584620e+02
5.249462620251698419e+06,4.657124027304586489e+05,-5.404018734074880967e+02
5.249462676126964390e+06,4.657123502332613571e+05,-5.404018746178260244e+02
5.249462743071564473e+06,4.657123053468784783e+05,-5.404018757354913305e+02
5.249462810060215183e+06,4.657122529145582812e+05,-5.404018769926419736e+02
5.249462865935483016e+06,4.657122004173640744e+05,-5.404018782029975227e+02
5.249462932880085893e+06,4.657121555309843970e+05,-5.404018793206834061e+02
5.249462988755353726e+06,4.657121030337924021e+05,-5.404018805310505513e+02
5.249463055699955672e+06,4.657120581474148203e+05,-5.404018816487497361e+02
5.249463111531175673e+06,4.657120131961628795e+05,-5.404018827196498478e+02
5.249463178519826382e+06,4.657119607638491434e+05,-5.404008839768408734e+02
5.249463234351047315e+06,4.657119158125990652e+05,-5.404008850477522401e+02
5.249463290182267316e+06,4.657118708613497438e+05,-5.404008861186687227e+02
5.249463346013488248e+06,4.657118259101013537e+05,-5.403998871895902312e+02
5.249463412914042361e+06,4.657117885696674930e+05,-5.403998881678487578e+02
5.249463468745264225e+06,4.657117436184207327e+05,-5.403988892387815213e+02
5.249463524576486088e+06,4.657116986671750783e+05,-5.403988903097193770e+02
5.249463580363656394e+06,4.657116612618676736e+05,-5.403988912411828096e+02
5.249463636194878258e+06,4.657116163106235326e+05,-5.403978923121309208e+02
5.249463691982050426e+06,4.657115789053175831e+05,-5.403978932436043578e+02
5.249463736655837856e+06,4.657115414351360523e+05,-5.403978941282664437e+02
5.249463792443010956e+06,4.657115040298315580e+05,-5.403968950597488856e+02
5.249463848274233751e+06,4.657114590785905020e+05,-5.403968961307162999e+02
5.249463904017355293e+06,4.657114292192245484e+05,-5.403988969227287953e+02
5.249463948691145517e+06,4.657113917490455206e+05,-5.403998978074063189e+02
5.249464004478318617e+06,4.657113543437438202e+05,-5.403998987389077229e+02
5.249464060265492648e+06,4.657113169384428184e+05,-5.404008996704139918e+02
5.249464104895231314e+06,4.657112870142024476e+05,-5.404019004156226629e+02
5.249464160682406276e+06,4.657112496089027263e+05,-5.404029013471379130e+02
5.249464205312145874e+06,4.657112196846634615e+05,-5.404039020923535190e+02
5.249464249941883609e+06,4.657111897604245460e+05,-5.404049028375725356e+02
5.249464305729059502e+06,4.657111523551266291e+05,-5.404059037691005187e+02
5.249464350358799100e+06,4.657111224308888777e+05,-5.404069045143264702e+02
5.249464394988540560e+06,4.657110925066515920e+05,-5.404079052595557187e+02
5.249464439618280157e+06,4.657110625824144809e+05,-5.404089060047880366e+02
5.249464484203968197e+06,4.657110402041143971e+05,-5.404099066105425209e+02
5.249464528833710589e+06,4.657110102798785083e+05,-5.404099073557810016e+02
5.249464562350067310e+06,4.657109802907655830e+05,-5.404109080541932144e+02
5.249464606935755350e+06,4.657109579124665470e+05,-5.404119086599561115e+02
5.249464651565494947e+06,4.657109279882317060e+05,-5.404129094052034361e+02
5.249464685037803836e+06,4.657109055450559827e+05,-5.404139099641408848e+02
5.249464718510109000e+06,4.657108831018804922e+05,-5.404149105230802661e+02
5.249464763139849529e+06,4.657108531776468735e+05,-5.404169112683354115e+02
5.249464796612155624e+06,4.657108307344719651e+05,-5.404199118272788382e+02
5.249464841153794900e+06,4.657108159021108877e+05,-5.404229122935761325e+02
5.249464874626100995e+06,4.657107934589365032e+05,-5.404249128525236756e+02
5.249464908098407090e+06,4.657107710157624097e+05,-5.404279134114729004e+02
5.249464941570711322e+06,4.657107485725884908e+05,-5.404299139704239678e+02
5.249464986112351529e+06,4.657107337402283447e+05,-5.404329144367306981e+02
5.249465019584656693e+06,4.657107112970550079e+05,-5.404349149956858582e+02
5.249465041899529286e+06,4.657106963349396829e+05,-5.404369153683235254e+02
5.249465075371835381e+06,4.657106738917667535e+05,-5.404389159272815277e+02
5.249465108800091781e+06,4.657106589945295709e+05,-5.404409163467591952e+02
5.249465142228345387e+06,4.657106440972925629e+05,-5.404429167662383406e+02
5.249465164543217048e+06,4.657106291351777036e+05,-5.404449171388803279e+02
5.249465198015523143e+06,4.657106066920056473e+05,-5.404469176978448104e+02
5.249465220330395736e+06,4.657105917298911954e+05,-5.404489180704888440e+02
5.249465253714599647e+06,4.657105843785901670e+05,-5.404499183504912025e+02
5.249465276029469445e+06,4.657105694164758897e+05,-5.404519187231370552e+02
5.249465298344341107e+06,4.657105544543616124e+05,-5.404529190957837272e+02
5.249465320659212768e+06,4.657105394922474516e+05,-5.404549194684310578e+02
5.249465354087468237e+06,4.657105245950118406e+05,-5.404559198879210271e+02
5.249465376358289272e+06,4.657105171788330190e+05,-5.404589201210876581e+02
5.249465398673158139e+06,4.657105022167193238e+05,-5.404619204937378072e+02
5.249465420943979174e+06,4.657104948005407350e+05,-5.404649207269059161e+02
5.249465443258851767e+06,4.657104798384273308e+05,-5.404669210995575668e+02
5.249465454416287132e+06,4.657104723573704832e+05,-5.404699212858836290e+02
5.249465476687106304e+06,4.657104649411921855e+05,-5.404729215190536706e+02
5.249465498957925476e+06,4.657104575250139460e+05,-5.404749217522243043e+02
5.249465521272797137e+06,4.657104425629006582e+05,-5.404769221248785698e+02
5.249465532430233434e+06,4.657104350818441599e+05,-5.404799223112061100e+02
5.249465554701053537e+06,4.657104276656659786e+05,-5.404819225443785626e+02
5.249465565858489834e+06,4.657104201846095384e+05,-5.404829227307066049e+02
5.249465588129309937e+06,4.657104127684315899e+05,-5.404849229638800807e+02
5.249465599286745302e+06,4.657104052873750916e+05,-5.404869231502087814e+02
5.249465610400129110e+06,4.657104053522535251e+05,-5.404889231970544188e+02
5.249465621557564475e+06,4.657103978711972013e+05,-5.404899233833833705e+02
5.249465643828385510e+06,4.657103904550194275e+05,-5.404919236165587790e+02
5.249465654985819943e+06,4.657103829739630455e+05,-5.404929238028882992e+02
5.249465666099202819e+06,4.657103830388415954e+05,-5.404949238497347324e+02
5.249465677256638184e+06,4.657103755577853299e+05,-5.404959240360647073e+02
5.249465688414076343e+06,4.657103680767292390e+05,-5.404969242223947958e+02
5.249465699527459219e+06,4.657103681416077306e+05,-5.404989242692417974e+02
5.249465710640843958e+06,4.657103682064863387e+05,-5.405019243160890028e+02
5.249465721798279323e+06,4.657103607254300732e+05,-5.405049245024197262e+02
5.249465721798279323e+06,4.657103607254300732e+05,-5.405069245024196789e+02
5.249465732911663130e+06,4.657103607903086231e+05,-5.405089245492671353e+02
5.249465744069099426e+06,4.657103533092525322e+05,-5.405109247355982234e+02
5.249465755182483234e+06,4.657103533741311403e+05,-5.405129247824460208e+02
5.249465755182483234e+06,4.657103533741311403e+05,-5.405149247824460872e+02
5.249465766295867972e+06,4.657103534390097484e+05,-5.405169248292939983e+02
5.249465777409250848e+06,4.657103535038883565e+05,-5.405179248761421604e+02
5.249465777453302406e+06,4.657103459579535993e+05,-5.405189250156256549e+02
5.249465788566686213e+06,4.657103460228321492e+05,-5.405209250624739070e+02
5.249465788566686213e+06,4.657103460228321492e+05,-5.405219250624738834e+02
5.249465799680069089e+06,4.657103460877108155e+05,-5.405229251093223866e+02
5.249465799680069089e+06,4.657103460877108155e+05,-5.405239251093223629e+02
5.249465799680069089e+06,4.657103460877108155e+05,-5.405249251093223393e+02
5.249465810793452896e+06,4.657103461525894236e+05,-5.405259251561710698e+02
5.249465810793452896e+06,4.657103461525894236e+05,-5.405259251561710698e+02
5.249465810793452896e+06,4.657103461525894236e+05,-5.405269251561710462e+02
5.249465810749401338e+06,4.657103536985240644e+05,-5.405269250166874144e+02
5.249465821862787008e+06,4.657103537634027307e+05,-5.405289250635362350e+02
5.249465821862787008e+06,4.657103537634027307e+05,-5.405299250635362114e+02
5.249465821862787008e+06,4.657103537634027307e+05,-5.405319250635361641e+02
5.249465821818734519e+06,4.657103613093373133e+05,-5.405329249240526224e+02
5.249465821818734519e+06,4.657103613093373133e+05,-5.405349249240526888e+02
5.249465832932117395e+06,4.657103613742158632e+05,-5.405359249709015330e+02
5.249465832888064906e+06,4.657103689201505040e+05,-5.405369248314178776e+02
5.249465832888064906e+06,4.657103689201505040e+05,-5.405379248314179677e+02
5.249465832888064906e+06,4.657103689201505040e+05,-5.405389248314179440e+02
5.249465832844012417e+06,4.657103764660850284e+05,-5.405399246919344023e+02
5.249465832844012417e+06,4.657103764660850284e+05,-5.405409246919343786e+02
5.249465832844012417e+06,4.657103764660850284e+05,-5.405409246919343786e+02
5.249465832799959928e+06,4.657103840120196110e+05,-5.405419245524507232e+02
5.249465821686577052e+06,4.657103839471411193e+05,-5.405419245056018553e+02
5.249465821642524563e+06,4.657103914930758183e+05,-5.405419243661183373e+02
5.249465821642524563e+06,4.657103914930758183e+05,-5.405419243661183373e+02
5.249465821642524563e+06,4.657103914930758183e+05,-5.405419243661183373e+02
5.249465821598473005e+06,4.657103990390104009e+05,-5.405419242266347055e+02
5.249465821598473005e+06,4.657103990390104009e+05,-5.405409242266347292e+02
5.249465810441035777e+06,4.657104065200664336e+05,-5.405409240403025706e+02
5.249465810441035777e+06,4.657104065200664336e+05,-5.405419240403025469e+02
5.249465810396984220e+06,4.657104140660011908e+05,-5.405429239008190052e+02
5.249465810396984220e+06,4.657104140660011908e+05,-5.405429239008190052e+02
5.249465810352931730e+06,4.657104216119357734e+05,-5.405439237613353498e+02
5.249465810352931730e+06,4.657104216119357734e+05,-5.405449237613354398e+02
5.249465810308879241e+06,4.657104291578703560e+05,-5.405459236218517844e+02
5.249465810264826752e+06,4.657104367038050550e+05,-5.405459234823681527e+02
5.249465799151442945e+06,4.657104366389266215e+05,-5.405459234355198532e+02
5.249465799107391387e+06,4.657104441848612623e+05,-5.405459232960363352e+02
5.249465799107391387e+06,4.657104441848612623e+05,-5.405459232960363352e+02
5.249465799063338898e+06,4.657104517307958449e+05,-5.405459231565528171e+02
5.249465787949956022e+06,4.657104516659174114e+05,-5.405459231097046313e+02
5.249465787905903533e+06,4.657104592118521687e+05,-5.405459229702211132e+02
5.249465787905903533e+06,4.657104592118521687e+05,-5.405449229702211369e+02
5.249465776748467237e+06,4.657104666929084342e+05,-5.405449227838896604e+02
5.249465776704415679e+06,4.657104742388430168e+05,-5.405439226444060523e+02
5.249465776704415679e+06,4.657104742388430168e+05,-5.405439226444060523e+02
5.249465765546980314e+06,4.657104817198994569e+05,-5.405429224580748269e+02
5.249465765546980314e+06,4.657104817198994569e+05,-5.405419224580748505e+02
5.249465765502928756e+06,4.657104892658340395e+05,-5.405409223185912424e+02
5.249465754389544018e+06,4.657104892009557225e+05,-5.405409222717437387e+02
5.249465754345491529e+06,4.657104967468903633e+05,-5.405419221322603107e+02
5.249465754301439039e+06,4.657105042928251787e+05,-5.405419219927767926e+02
5.249465754301439039e+06,4.657105042928251787e+05,-5.405419219927767926e+02
5.249465743144002743e+06,4.657105117738815024e+05,-5.405429218064459747e+02
5.249465743099951185e+06,4.657105193198162015e+05,-5.405429216669624566e+02
5.249465743099951185e+06,4.657105193198162015e+05,-5.405429216669624566e+02
5.249465731942514889e+06,4.657105268008727580e+05,-5.405429214806317759e+02
5.249465731942514889e+06,4.657105268008727580e+05,-5.405429214806317759e+02
5.249465731898463331e+06,4.657105343468074570e+05,-5.405419213411483952e+02
5.249465720741028897e+06,4.657105418278638972e+05,-5.405419211548179419e+02
5.249465720741028897e+06,4.657105418278638972e+05,-5.405409211548179655e+02
5.249465720696976408e+06,4.657105493737987126e+05,-5.405409210153345612e+02
5.249465709583593532e+06,4.657105493089204538e+05,-5.405399209684877633e+02
5.249465709539541043e+06,4.657105568548552110e+05,-5.405389208290043825e+02
5.249465698426156305e+06,4.657105567899770103e+05,-5.405379207821578120e+02
5.249465698382103816e+06,4.657105643359117093e+05,-5.405369206426743176e+02
5.249465687268720940e+06,4.657105642710335669e+05,-5.405359205958279745e+02
5.249465687224669382e+06,4.657105718169684405e+05,-5.405349204563445937e+02
5.249465687224669382e+06,4.657105718169684405e+05,-5.405339204563445037e+02
5.249465676067231223e+06,4.657105792980249971e+05,-5.405339202700149599e+02
5.249465676023179665e+06,4.657105868439597543e+05,-5.405349201305316456e+02
5.249465664909796789e+06,4.657105867790816119e+05,-5.405349200836856198e+02
5.249465664865745232e+06,4.657105943250164855e+05,-5.405359199442023055e+02
5.249465664821692742e+06,4.657106018709512427e+05,-5.405359198047189011e+02
5.249465653708309866e+06,4.657106018060731585e+05,-5.405359197578731028e+02
5.249465653664258309e+06,4.657106093520079157e+05,-5.405359196183898121e+02
5.249465653664258309e+06,4.657106093520079157e+05,-5.405349196183898357e+02
5.249465642506823875e+06,4.657106168330647633e+05,-5.405349194320608603e+02
5.249465642462771386e+06,4.657106243789995788e+05,-5.405349192925775696e+02
5.249465631349386647e+06,4.657106243141214363e+05,-5.405339192457320223e+02
5.249465631305335090e+06,4.657106318600562518e+05,-5.405329191062487553e+02
5.249465620191951282e+06,4.657106317951782257e+05,-5.405319190594034353e+02
5.249465620147898793e+06,4.657106393411132158e+05,-5.405319189199201446e+02
5.249465620147898793e+06,4.657106393411132158e+05,-5.405309189199201683e+02
5.249465609034514986e+06,4.657106392762351315e+05,-5.405289188730750993e+02
5.249465608990463428e+06,4.657106468221700052e+05,-5.405279187335918323e+02
5.249465597877079621e+06,4.657106467572919209e+05,-5.405269186867469671e+02
5.249465597833028063e+06,4.657106543032269110e+05,-5.405259185472637000e+02
5.249465586719645187e+06,4.657106542383489432e+05,-5.405249185004190622e+02
5.249465586675592698e+06,4.657106617842838168e+05,-5.405249183609357715e+02
5.249465586675592698e+06,4.657106617842838168e+05,-5.405259183609357478e+02
5.249465575518157333e+06,4.657106692653406644e+05,-5.405269181746079994e+02
5.249465575518157333e+06,4.657106692653406644e+05,-5.405269181746079994e+02
5.249465575474104844e+06,4.657106768112757127e+05,-5.405279180351249124e+02
5.249465575474104844e+06,4.657106768112757127e+05,-5.405279180351249124e+02
5.249465564316669479e+06,4.657106842923326185e+05,-5.405279178487974150e+02
5.249465564316669479e+06,4.657106842923326185e+05,-5.405279178487974150e+02
5.249465564272616990e+06,4.657106918382674921e+05,-5.405279177093141243e+02
5.249465553159233183e+06,4.657106917733895825e+05,-5.405279176624700312e+02
5.249465553159233183e+06,4.657106917733895825e+05,-5.405279176624700312e+02
5.249465553115181625e+06,4.657106993193245726e+05,-5.405279175229868542e+02
5.249465542001796886e+06,4.657106992544466630e+05,-5.405269174761428985e+02
5.249465542001796886e+06,4.657106992544466630e+05,-5.405259174761429222e+02
5.249465541957746260e+06,4.657107068003815366e+05,-5.405259173366597452e+02
5.249465530844362453e+06,4.657107067355036270e+05,-5.405249172898159031e+02
5.249465530844362453e+06,4.657107067355036270e+05,-5.405239172898159268e+02
5.249465530844362453e+06,4.657107067355036270e+05,-5.405229172898159504e+02
5.249465519686926156e+06,4.657107142165607074e+05,-5.405219171034891588e+02
5.249465519686926156e+06,4.657107142165607074e+05,-5.405209171034891824e+02
5.249465519686926156e+06,4.657107142165607074e+05,-5.405209171034891824e+02
5.249465508529492654e+06,4.657107216976179043e+05,-5.405219169171626845e+02
5.249465508529492654e+06,4.657107216976179043e+05,-5.405229169171626609e+02
5.249465508485440165e+06,4.657107292435528361e+05,-5.405229167776795975e+02
5.249465508485440165e+06,4.657107292435528361e+05,-5.405229167776795975e+02
5.249465508485440165e+06,4.657107292435528361e+05,-5.405239167776795739e+02
5.249465497328003868e+06,4.657107367246099748e+05,-5.405239165913533270e+02
5.249465497328003868e+06,4.657107367246099748e+05,-5.405239165913533270e+02
5.249465497328003868e+06,4.657107367246099748e+05,-5.405239165913533270e+02
5.249465497328003868e+06,4.657107367246099748e+05,-5.405239165913533270e+02
5.249465486170567572e+06,4.657107442056672880e+05,-5.405239164050271938e+02
5.249465486170567572e+06,4.657107442056672880e+05,-5.405229164050272175e+02
5.249465486170567572e+06,4.657107442056672880e+05,-5.405229164050272175e+02
5.249465486170567572e+06,4.657107442056672880e+05,-5.405229164050272175e+02
5.249465475013132207e+06,4.657107516867244267e+05,-5.405219162187012216e+02
5.249465475013132207e+06,4.657107516867244267e+05,-5.405219162187012216e+02
5.249465475013132207e+06,4.657107516867244267e+05,-5.405209162187012453e+02
5.249465475013132207e+06,4.657107516867244267e+05,-5.405199162187011552e+02
5.249465463899749331e+06,4.657107516218465753e+05,-5.405189161718584501e+02
5.249465463899749331e+06,4.657107516218465753e+05,-5.405179161718584737e+02
5.249465463899749331e+06,4.657107516218465753e+05,-5.405179161718584737e+02
5.249465463855697773e+06,4.657107591677816235e+05,-5.405189160323755004e+02
5.249465463855697773e+06,4.657107591677816235e+05,-5.405199160323754768e+02
5.249465452742313966e+06,4.657107591029038304e+05,-5.405199159855328617e+02
5.249465452698262408e+06,4.657107666488389950e+05,-5.405209158460500021e+02
5.249465452698262408e+06,4.657107666488389950e+05,-5.405209158460500021e+02
5.249465452698262408e+06,4.657107666488389950e+05,-5.405209158460500021e+02
5.249465452698262408e+06,4.657107666488389950e+05,-5.405209158460500021e+02
5.249465452698262408e+06,4.657107666488389950e+05,-5.405209158460500021e+02
5.249465452698262408e+06,4.657107666488389950e+05,-5.405199158460499120e+02
5.249465441540827975e+06,4.657107741298962501e+05,-5.405199156597245747e+02
5.249465441540827975e+06,4.657107741298962501e+05,-5.405189156597245983e+02
5.249465441540827975e+06,4.657107741298962501e+05,-5.405189156597245983e+02
5.249465441540827975e+06,4.657107741298962501e+05,-5.405179156597246219e+02
5.249465441540827975e+06,4.657107741298962501e+05,-5.405169156597246456e+02
5.249465441540827975e+06,4.657107741298962501e+05,-5.405159156597246692e+02
5.249465430427443236e+06,4.657107740650183987e+05,-5.405149156128824188e+02
5.249465430427443236e+06,4.657107740650183987e+05,-5.405149156128824188e+02
5.249465430427443236e+06,4.657107740650183987e+05,-5.405139156128824425e+02
5.249465430427443236e+06,4.657107740650183987e+05,-5.405129156128823524e+02
5.249465430427443236e+06,4.657107740650183987e+05,-5.405129156128823524e+02
5.249465430427443236e+06,4.657107740650183987e+05,-5.405139156128824425e+02
5.249465430427443236e+06,4.657107740650183987e+05,-5.405139156128824425e+02
5.249465430383391678e+06,4.657107816109535052e+05,-5.405139154733994928e+02
5.249465419270007871e+06,4.657107815460757702e+05,-5.405149154265574225e+02
5.249465419270007871e+06,4.657107815460757702e+05,-5.405149154265574225e+02
5.249465419270007871e+06,4.657107815460757702e+05,-5.405159154265575125e+02
5.249465419270007871e+06,4.657107815460757702e+05,-5.405149154265574225e+02
5.249465419270007871e+06,4.657107815460757702e+05,-5.405159154265575125e+02
5.249465419270007871e+06,4.657107815460757702e+05,-5.405149154265574225e+02
5.249465419270007871e+06,4.657107815460757702e+05,-5.405149154265574225e+02
5.249465419270007871e+06,4.657107815460757702e+05,-5.405149154265574225e+02
5.249465419270007871e+06,4.657107815460757702e+05,-5.405139154265574462e+02
5.249465419270007871e+06,4.657107815460757702e+05,-5.405139154265574462e+02
5.249465419270007871e+06,4.657107815460757702e+05,-5.405129154265574698e+02
5.249465408156624064e+06,4.657107814811979188e+05,-5.405119153797155604e+02
5.249465408156624064e+06,4.657107814811979188e+05,-5.405119153797155604e+02
5.249465408156624064e+06,4.657107814811979188e+05,-5.405109153797155841e+02
5.249465408156624064e+06,4.657107814811979188e+05,-5.405099153797156077e+02
5.249465408156624064e+06,4.657107814811979188e+05,-5.405089153797156314e+02
5.249465408156624064e+06,4.657107814811979188e+05,-5.405089153797156314e+02
5.249465408156624064e+06,4.657107814811979188e+05,-5.405099153797156077e+02
5.249465408156624064e+06,4.657107814811979188e+05,-5.405109153797155841e+02
5.249465408156624064e+06,4.657107814811979188e+05,-5.405109153797155841e+02
5.249465408156624064e+06,4.657107814811979188e+05,-5.405119153797155604e+02
5.249465408112572506e+06,4.657107890271331999e+05,-5.405119152402327245e+02
5.249465408112572506e+06,4.657107890271331999e+05,-5.405119152402327245e+02
5.249465408112572506e+06,4.657107890271331999e+05,-5.405119152402327245e+02
5.249465408112572506e+06,4.657107890271331999e+05,-5.405119152402327245e+02
5.249465408112572506e+06,4.657107890271331999e+05,-5.405119152402327245e+02
5.249465408112572506e+06,4.657107890271331999e+05,-5.405109152402327481e+02
5.249465408112572506e+06,4.657107890271331999e+05,-5.405109152402327481e+02
5.249465408112572506e+06,4.657107890271331999e+05,-5.405099152402326581e+02
5.249465408112572506e+06,4.657107890271331999e+05,-5.405099152402326581e+02
5.249465408112572506e+06,4.657107890271331999e+05,-5.405089152402326818e+02
5.249465408156624064e+06,4.657107814811979188e+05,-5.405089153797156314e+02
5.249465408156624064e+06,4.657107814811979188e+05,-5.405079153797155413e+02
5.249465408156624064e+06,4.657107814811979188e+05,-5.405069153797155650e+02
5.249465408156624064e+06,4.657107814811979188e+05,-5.405059153797155886e+02
5.249465408156624064e+06,4.657107814811979188e+05,-5.405049153797156123e+02
5.249465408156624064e+06,4.657107814811979188e+05,-5.405049153797156123e+02
5.249465408156624064e+06,4.657107814811979188e+05,-5.405059153797155886e+02
5.249465408156624064e+06,4.657107814811979188e+05,-5.405069153797155650e+02
5.249465408112572506e+06,4.657107890271331999e+05,-5.405079152402327054e+02
5.249465408112572506e+06,4.657107890271331999e+05,-5.405079152402327054e+02
5.249465408112572506e+06,4.657107890271331999e+05,-5.405089152402326818e+02
5.249465408112572506e+06,4.657107890271331999e+05,-5.405089152402326818e+02
5.249465408112572506e+06,4.657107890271331999e+05,-5.405089152402326818e+02
5.249465408112572506e+06,4.657107890271331999e+05,-5.405089152402326818e+02
5.249465408112572506e+06,4.657107890271331999e+05,-5.405089152402326818e+02
5.249465408112572506e+06,4.657107890271331999e+05,-5.405079152402327054e+02
5.249465408112572506e+06,4.657107890271331999e+05,-5.405079152402327054e+02
5.249465408112572506e+06,4.657107890271331999e+05,-5.405079152402327054e+02
5.249465408112572506e+06,4.657107890271331999e+05,-5.405069152402327290e+02
5.249465408112572506e+06,4.657107890271331999e+05,-5.405069152402327290e+02
5.249465408112572506e+06,4.657107890271331999e+05,-5.405059152402327527e+02
5.249465396999186836e+06,4.657107889622554067e+05,-5.405049151933909570e+02
5.249465396999186836e+06,4.657107889622554067e+05,-5.405039151933909807e+02
5.249465397043239325e+06,4.657107814163201256e+05,-5.405039153328739303e+02
5.249465397043239325e+06,4.657107814163201256e+05,-5.405029153328738403e+02
5.249465397043239325e+06,4.657107814163201256e+05,-5.405029153328738403e+02
5.249465397043239325e+06,4.657107814163201256e+05,-5.405039153328739303e+02
5.249465408112572506e+06,4.657107890271331999e+05,-5.405049152402326627e+02
5.249465408112572506e+06,4.657107890271331999e+05,-5.405059152402327527e+02
5.249465408112572506e+06,4.657107890271331999e+05,-5.405069152402327290e+02
5.249465408112572506e+06,4.657107890271331999e+05,-5.405069152402327290e+02
5.249465408112572506e+06,4.657107890271331999e+05,-5.405079152402327054e+02
5.249465408112572506e+06,4.657107890271331999e+05,-5.405079152402327054e+02
5.249465408112572506e+06,4.657107890271331999e+05,-5.405079152402327054e+02
5.249465408112572506e+06,4.657107890271331999e+05,-5.405079152402327054e+02
5.249465408112572506e+06,4.657107890271331999e+05,-5.405079152402327054e+02
5.249465408112572506e+06,4.657107890271331999e+05,-5.405079152402327054e+02
5.249465408112572506e+06,4.657107890271331999e+05,-5.405069152402327290e+02
5.249465408112572506e+06,4.657107890271331999e+05,-5.405069152402327290e+02
5.249465408112572506e+06,4.657107890271331999e+05,-5.405059152402327527e+02
5.249465408112572506e+06,4.657107890271331999e+05,-5.405059152402327527e+02
5.249465408156624064e+06,4.657107814811979188e+05,-5.405049153797156123e+02
5.249465408156624064e+06,4.657107814811979188e+05,-5.405039153797156359e+02
5.249465408156624064e+06,4.657107814811979188e+05,-5.405039153797156359e+02
5.249465408156624064e+06,4.657107814811979188e+05,-5.405019153797155695e+02
5.249465408156624064e+06,4.657107814811979188e+05,-5.405029153797155459e+02
5.249465408156624064e+06,4.657107814811979188e+05,-5.405039153797156359e+02
5.249465408156624064e+06,4.657107814811979188e+05,-5.405049153797156123e+02
5.249465408156624064e+06,4.657107814811979188e+05,-5.405059153797155886e+02
5.249465408156624064e+06,4.657107814811979188e+05,-5.405069153797155650e+02
5.249465419270007871e+06,4.657107815460757702e+05,-5.405069154265574980e+02
5.249465419225956313e+06,4.657107890920109348e+05,-5.405079152870745247e+02
5.249465419225956313e+06,4.657107890920109348e+05,-5.405079152870745247e+02
5.249465419225956313e+06,4.657107890920109348e+05,-5.405079152870745247e+02
5.249465419270007871e+06,4.657107815460757702e+05,-5.405079154265574743e+02
5.249465419270007871e+06,4.657107815460757702e+05,-5.405079154265574743e+02
5.249465419270007871e+06,4.657107815460757702e+05,-5.405069154265574980e+02
5.249465419270007871e+06,4.657107815460757702e+05,-5.405069154265574980e+02
5.249465419270007871e+06,4.657107815460757702e+05,-5.405059154265575216e+02
5.249465419270007871e+06,4.657107815460757702e+05,-5.405059154265575216e+02
5.249465419270007871e+06,4.657107815460757702e+05,-5.405049154265574316e+02
5.249465419270007871e+06,4.657107815460757702e+05,-5.405049154265574316e+02
5.249465419270007871e+06,4.657107815460757702e+05,-5.405039154265574552e+02
5.249465419270007871e+06,4.657107815460757702e+05,-5.405029154265574789e+02
5.249465419270007871e+06,4.657107815460757702e+05,-5.405019154265575025e+02
5.249465419270007871e+06,4.657107815460757702e+05,-5.405019154265575025e+02
5.249465419270007871e+06,4.657107815460757702e+05,-5.405029154265574789e+02
5.249465419270007871e+06,4.657107815460757702e+05,-5.405049154265574316e+02
5.249465419270007871e+06,4.657107815460757702e+05,-5.405059154265575216e+02
5.249465419270007871e+06,4.657107815460757702e+05,-5.405059154265575216e+02
5.249465419270007871e+06,4.657107815460757702e+05,-5.405069154265574980e+02
5.249465419270007871e+06,4.657107815460757702e+05,-5.405079154265574743e+02
5.249465419270007871e+06,4.657107815460757702e+05,-5.405079154265574743e+02
5.249465419270007871e+06,4.657107815460757702e+05,-5.405079154265574743e+02
5.249465430383391678e+06,4.657107816109535052e+05,-5.405089154733994974e+02
5.249465430383391678e+06,4.657107816109535052e+05,-5.405089154733994974e+02
5.249465430383391678e+06,4.657107816109535052e+05,-5.405079154733994073e+02
5.249465430383391678e+06,4.657107816109535052e+05,-5.405079154733994073e+02
5.249465430383391678e+06,4.657107816109535052e+05,-5.405079154733994073e+02
5.249465419270007871e+06,4.657107815460757702e+05,-5.405079154265574743e+02
5.249465419270007871e+06,4.657107815460757702e+05,-5.405069154265574980e+02
5.249465419314059429e+06,4.657107740001406637e+05,-5.405069155660403339e+02
5.249465419314059429e+06,4.657107740001406637e+05,-5.405059155660403576e+02
5.249465419314059429e+06,4.657107740001406637e+05,-5.405049155660403812e+02
5.249465419314059429e+06,4.657107740001406637e+05,-5.405039155660404049e+02
5.249465419314059429e+06,4.657107740001406637e+05,-5.405039155660404049e+02
5.249465419314059429e+06,4.657107740001406637e+05,-5.405049155660403812e+02
5.249465419314059429e+06,4.657107740001406637e+05,-5.405059155660403576e+02
5.249465430427443236e+06,4.657107740650183987e+05,-5.405069156128823806e+02
5.249465430427443236e+06,4.657107740650183987e+05,-5.405069156128823806e+02
5.249465430427443236e+06,4.657107740650183987e+05,-5.405069156128823806e+02
5.249465430427443236e+06,4.657107740650183987e+05,-5.405069156128823806e+02
5.249465430427443236e+06,4.657107740650183987e+05,-5.405079156128823570e+02
5.249465430427443236e+06,4.657107740650183987e+05,-5.405069156128823806e+02
5.249465430427443236e+06,4.657107740650183987e+05,-5.405069156128823806e+02
5.249465430427443236e+06,4.657107740650183987e+05,-5.405069156128823806e+02
5.249465430427443236e+06,4.657107740650183987e+05,-5.405059156128824043e+02
5.249465430427443236e+06,4.657107740650183987e+05,-5.405059156128824043e+02
5.249465430427443236e+06,4.657107740650183987e+05,-5.405049156128824279e+02
5.249465430427443236e+06,4.657107740650183987e+05,-5.405049156128824279e+02
5.249465419314059429e+06,4.657107740001406637e+05,-5.405039155660404049e+02
5.249465419314059429e+06,4.657107740001406637e+05,-5.405029155660403148e+02
5.249465419358111918e+06,4.657107664542055572e+05,-5.405019157055232881e+02
5.249465419358111918e+06,4.657107664542055572e+05,-5.405009157055233118e+02
5.249465419358111918e+06,4.657107664542055572e+05,-5.404999157055233354e+02
5.249465419358111918e+06,4.657107664542055572e+05,-5.404999157055233354e+02
5.249465419358111918e+06,4.657107664542055572e+05,-5.404999157055233354e+02
5.249465419358111918e+06,4.657107664542055572e+05,-5.405009157055233118e+02
5.249465419358111918e+06,4.657107664542055572e+05,-5.405009157055233118e+02
5.249465419358111918e+06,4.657107664542055572e+05,-5.405019157055232881e+02
5.249465419358111918e+06,4.657107664542055572e+05,-5.405019157055232881e+02
5.249465419358111918e+06,4.657107664542055572e+05,-5.405019157055232881e+02
5.249465419358111918e+06,4.657107664542055572e+05,-5.405019157055232881e+02
5.249465419358111918e+06,4.657107664542055572e+05,-5.405019157055232881e+02
5.249465419358111918e+06,4.657107664542055572e+05,-5.405019157055232881e+02
5.249465419358111918e+06,4.657107664542055572e+05,-5.405019157055232881e+02
5.249465419358111918e+06,4.657107664542055572e+05,-5.405019157055232881e+02
5.249465419402163476e+06,4.657107589082703344e+05,-5.405009158450061477e+02
5.249465419402163476e+06,4.657107589082703344e+05,-5.405009158450061477e+02
5.249465419402163476e+06,4.657107589082703344e+05,-5.404999158450061714e+02
5.249465419402163476e+06,4.657107589082703344e+05,-5.404989158450061950e+02
5.249465419402163476e+06,4.657107589082703344e+05,-5.404989158450061950e+02
5.249465419402163476e+06,4.657107589082703344e+05,-5.404969158450062423e+02
5.249465419402163476e+06,4.657107589082703344e+05,-5.404969158450062423e+02
5.249465419402163476e+06,4.657107589082703344e+05,-5.404959158450061523e+02
5.249465419402163476e+06,4.657107589082703344e+05,-5.404959158450061523e+02
5.249465419402163476e+06,4.657107589082703344e+05,-5.404969158450062423e+02
5.249465419402163476e+06,4.657107589082703344e+05,-5.404979158450062187e+02
5.249465419402163476e+06,4.657107589082703344e+05,-5.404989158450061950e+02
5.249465419402163476e+06,4.657107589082703344e+05,-5.404989158450061950e+02
5.249465419402163476e+06,4.657107589082703344e+05,-5.404999158450061714e+02
5.249465419402163476e+06,4.657107589082703344e+05,-5.404999158450061714e+02
5.249465419402163476e+06,4.657107589082703344e+05,-5.404999158450061714e+02
5.249465419402163476e+06,4.657107589082703344e+05,-5.404999158450061714e+02
5.249465419402163476e+06,4.657107589082703344e+05,-5.404999158450061714e+02
5.249465419402163476e+06,4.657107589082703344e+05,-5.404989158450061950e+02
5.249465419402163476e+06,4.657107589082703344e+05,-5.404989158450061950e+02
5.249465419402163476e+06,4.657107589082703344e+05,-5.404979158450062187e+02
5.249465419402163476e+06,4.657107589082703344e+05,-5.404979158450062187e+02
5.249465419402163476e+06,4.657107589082703344e+05,-5.404969158450062423e+02
5.249465419402163476e+06,4.657107589082703344e+05,-5.404959158450061523e+02
5.249465419402163476e+06,4.657107589082703344e+05,-5.404949158450061759e+02
5.249465419402163476e+06,4.657107589082703344e+05,-5.404939158450061996e+02
5.249465419402163476e+06,4.657107589082703344e+05,-5.404929158450062232e+02
5.249465419402163476e+06,4.657107589082703344e+05,-5.404919158450062469e+02
5.249465419402163476e+06,4.657107589082703344e+05,-5.404919158450062469e+02
5.249465419402163476e+06,4.657107589082703344e+05,-5.404939158450061996e+02
5.249465419402163476e+06,4.657107589082703344e+05,-5.404939158450061996e+02
5.249465419402163476e+06,4.657107589082703344e+05,-5.404949158450061759e+02
5.249465419402163476e+06,4.657107589082703344e+05,-5.404959158450061523e+02
5.249465419358111918e+06,4.657107664542055572e+05,-5.404959157055232026e+02
5.249465419358111918e+06,4.657107664542055572e+05,-5.404969157055232927e+02
5.249465419358111918e+06,4.657107664542055572e+05,-5.404969157055232927e+02
5.249465419358111918e+06,4.657107664542055572e+05,-5.404969157055232927e+02
5.249465419358111918e+06,4.657107664542055572e+05,-5.404969157055232927e+02
5.249465419358111918e+06,4.657107664542055572e+05,-5.404969157055232927e+02
5.249465419358111918e+06,4.657107664542055572e+05,-5.404969157055232927e+02
5.249465419358111918e+06,4.657107664542055572e+05,-5.404959157055232026e+02
5.249465419358111918e+06,4.657107664542055572e+05,-5.404959157055232026e+02
5.249465419358111918e+06,4.657107664542055572e+05,-5.404949157055232263e+02
5.249465419358111918e+06,4.657107664542055572e+05,-5.404939157055232499e+02
5.249465419402163476e+06,4.657107589082703344e+05,-5.404929158450062232e+02
5.249465419402163476e+06,4.657107589082703344e+05,-5.404919158450062469e+02
5.249465419402163476e+06,4.657107589082703344e+05,-5.404909158450061568e+02
5.249465419402163476e+06,4.657107589082703344e+05,-5.404899158450061805e+02
5.249465419402163476e+06,4.657107589082703344e+05,-5.404889158450062041e+02
5.249465419402163476e+06,4.657107589082703344e+05,-5.404899158450061805e+02
5.249465419402163476e+06,4.657107589082703344e+05,-5.404899158450061805e+02
5.249465419358111918e+06,4.657107664542055572e+05,-5.404889157055232545e+02
5.249465419358111918e+06,4.657107664542055572e+05,-5.404889157055232545e+02
5.249465419358111918e+06,4.657107664542055572e+05,-5.404889157055232545e+02
5.249465419358111918e+06,4.657107664542055572e+05,-5.404879157055232781e+02
5.249465419358111918e+06,4.657107664542055572e+05,-5.404879157055232781e+02
5.249465419358111918e+06,4.657107664542055572e+05,-5.404869157055233018e+02
5.249465419358111918e+06,4.657107664542055572e+05,-5.404859157055232117e+02
5.249465419358111918e+06,4.657107664542055572e+05,-5.404849157055232354e+02
5.249465419358111918e+06,4.657107664542055572e+05,-5.404839157055232590e+02
5.249465419358111918e+06,4.657107664542055572e+05,-5.404829157055232827e+02
5.249465419358111918e+06,4.657107664542055572e+05,-5.404829157055232827e+02
5.249465419358111918e+06,4.657107664542055572e+05,-5.404809157055233300e+02
5.249465419358111918e+06,4.657107664542055572e+05,-5.404799157055233536e+02
5.249465419358111918e+06,4.657107664542055572e+05,-5.404789157055232636e+02
5.249465419402163476e+06,4.657107589082703344e+05,-5.404779158450062369e+02
5.249465419402163476e+06,4.657107589082703344e+05,-5.404769158450061468e+02
5.249465419402163476e+06,4.657107589082703344e+05,-5.404759158450061705e+02
5.249465419402163476e+06,4.657107589082703344e+05,-5.404759158450061705e+02
5.249465419402163476e+06,4.657107589082703344e+05,-5.404769158450061468e+02
5.249465419402163476e+06,4.657107589082703344e+05,-5.404769158450061468e+02
5.249465419402163476e+06,4.657107589082703344e+05,-5.404779158450062369e+02
5.249465419358111918e+06,4.657107664542055572e+05,-5.404789157055232636e+02
5.249465419358111918e+06,4.657107664542055572e+05,-5.404789157055232636e+02
5.249465419358111918e+06,4.657107664542055572e+05,-5.404789157055232636e+02
5.249465419358111918e+06,4.657107664542055572e+05,-5.404799157055233536e+02
5.249465419358111918e+06,4.657107664542055572e+05,-5.404799157055233536e+02
5.249465419402163476e+06,4.657107589082703344e+05,-5.404789158450062132e+02
5.249465419402163476e+06,4.657107589082703344e+05,-5.404789158450062132e+02
5.249465419402163476e+06,4.657107589082703344e+05,-5.404789158450062132e+02
5.249465419402163476e+06,4.657107589082703344e+05,-5.404789158450062132e+02
5.249465419402163476e+06,4.657107589082703344e+05,-5.404779158450062369e+02
5.249465419402163476e+06,4.657107589082703344e+05,-5.404779158450062369e+02
5.249465419402163476e+06,4.657107589082703344e+05,-5.404769158450061468e+02
5.249465419402163476e+06,4.657107589082703344e+05,-5.404759158450061705e+02
5.249465419402163476e+06,4.657107589082703344e+05,-5.404749158450061941e+02
5.249465419402163476e+06,4.657107589082703344e+05,-5.404739158450062178e+02
5.249465419402163476e+06,4.657107589082703344e+05,-5.404729158450062414e+02
5.249465419402163476e+06,4.657107589082703344e+05,-5.404729158450062414e+02
5.249465419402163476e+06,4.657107589082703344e+05,-5.404739158450062178e+02
5.249465419402163476e+06,4.657107589082703344e+05,-5.404739158450062178e+02
5.249465419402163476e+06,4.657107589082703344e+05,-5.404739158450062178e+02
5.249465419402163476e+06,4.657107589082703344e+05,-5.404749158450061941e+02
5.249465419402163476e+06,4.657107589082703344e+05,-5.404749158450061941e+02
5.249465419402163476e+06,4.657107589082703344e+05,-5.404749158450061941e+02
5.249465419402163476e+06,4.657107589082703344e+05,-5.404739158450062178e+02
5.249465419402163476e+06,4.657107589082703344e+05,-5.404739158450062178e+02
5.249465419402163476e+06,4.657107589082703344e+05,-5.404739158450062178e+02
5.249465419402163476e+06,4.657107589082703344e+05,-5.404739158450062178e+02
5.249465419402163476e+06,4.657107589082703344e+05,-5.404729158450062414e+02
5.249465419402163476e+06,4.657107589082703344e+05,-5.404729158450062414e+02
5.249465419402163476e+06,4.657107589082703344e+05,-5.404719158450061514e+02
5.249465419402163476e+06,4.657107589082703344e+05,-5.404709158450061750e+02
5.249465419402163476e+06,4.657107589082703344e+05,-5.404709158450061750e+02
5.249465419402163476e+06,4.657107589082703344e+05,-5.404699158450061987e+02
5.249465419402163476e+06,4.657107589082703344e+05,-5.404689158450062223e+02
5.249465419402163476e+06,4.657107589082703344e+05,-5.404679158450062459e+02
5.249465419402163476e+06,4.657107589082703344e+05,-5.404669158450061559e+02
5.249465419402163476e+06,4.657107589082703344e+05,-5.404669158450061559e+02
5.249465419402163476e+06,4.657107589082703344e+05,-5.404659158450061796e+02
5.249465419402163476e+06,4.657107589082703344e+05,-5.404659158450061796e+02
5.249465419402163476e+06,4.657107589082703344e+05,-5.404659158450061796e+02
5.249465419402163476e+06,4.657107589082703344e+05,-5.404659158450061796e+02
5.249465419402163476e+06,4.657107589082703344e+05,-5.404649158450062032e+02
5.249465419402163476e+06,4.657107589082703344e+05,-5.404649158450062032e+02
5.249465419402163476e+06,4.657107589082703344e+05,-5.404639158450062268e+02
5.249465419402163476e+06,4.657107589082703344e+05,-5.404629158450062505e+02
5.249465419446214102e+06,4.657107513623352279e+05,-5.404629159844890864e+02
5.249465419446214102e+06,4.657107513623352279e+05,-5.404619159844891101e+02
5.249465419446214102e+06,4.657107513623352279e+05,-5.404609159844891337e+02
5.249465419446214102e+06,4.657107513623352279e+05,-5.404599159844890437e+02
5.249465419446214102e+06,4.657107513623352279e+05,-5.404589159844890673e+02
5.249465419446214102e+06,4.657107513623352279e+05,-5.404579159844890910e+02
5.249465419446214102e+06,4.657107513623352279e+05,-5.404569159844891146e+02
5.249465419446214102e+06,4.657107513623352279e+05,-5.404569159844891146e+02
5.249465419446214102e+06,4.657107513623352279e+05,-5.404559159844891383e+02
5.249465419446214102e+06,4.657107513623352279e+05,-5.404549159844890482e+02
5.249465419446214102e+06,4.657107513623352279e+05,-5.404539159844890719e+02
5.249465419446214102e+06,4.657107513623352279e+05,-5.404529159844890955e+02
5.249465419446214102e+06,4.657107513623352279e+05,-5.404529159844890955e+02
5.249465419446214102e+06,4.657107513623352279e+05,-5.404519159844891192e+02
5.249465419446214102e+06,4.657107513623352279e+05,-5.404499159844890528e+02
5.249465419446214102e+06,4.657107513623352279e+05,-5.404469159844891237e+02
5.249465419446214102e+06,4.657107513623352279e+05,-5.404419159844891283e+02
5.249465419446214102e+06,4.657107513623352279e+05,-5.404369159844891328e+02
5.249465419446214102e+06,4.657107513623352279e+05,-5.404309159844890473e+02
5.249465419446214102e+06,4.657107513623352279e+05,-5.404239159844890992e+02
5.249465419446214102e+06,4.657107513623352279e+05,-5.404159159844890610e+02
5.249465419446214102e+06,4.657107513623352279e+05,-5.404069159844890464e+02
5.249465419446214102e+06,4.657107513623352279e+05,-5.403979159844891456e+02
5.249465419446214102e+06,4.657107513623352279e+05,-5.403869159844890646e+02
5.249465419446214102e+06,4.657107513623352279e+05,-5.403759159844890974e+02
5.249465419490265660e+06,4.657107438164001214e+05,-5.403629161239720133e+02
5.249465419490265660e+06,4.657107438164001214e+05,-5.403489161239720033e+02
5.249465419490265660e+06,4.657107438164001214e+05,-5.403339161239720170e+02
5.249465419490265660e+06,4.657107438164001214e+05,-5.403179161239720543e+02
5.249465419490265660e+06,4.657107438164001214e+05,-5.403019161239719779e+02
5.249465419490265660e+06,4.657107438164001214e+05,-5.402849161239720388e+02
5.249465419490265660e+06,4.657107438164001214e+05,-5.402679161239720997e+02
5.249465419490265660e+06,4.657107438164001214e+05,-5.402509161239720470e+02
5.249465419490265660e+06,4.657107438164001214e+05,-5.402339161239719942e+02
5.249465419490265660e+06,4.657107438164001214e+05,-5.402159161239719651e+02
5.249465430603650399e+06,4.657107438812780310e+05,-5.401979161708140964e+02
5.249465430603650399e+06,4.657107438812780310e+05,-5.401789161708142046e+02
5.249465430603650399e+06,4.657107438812780310e+05,-5.401599161708141992e+02
5.249465430603650399e+06,4.657107438812780310e+05,-5.401399161708141037e+02
5.249465430603650399e+06,4.657107438812780310e+05,-5.401199161708141219e+02
5.249465430603650399e+06,4.657107438812780310e+05,-5.400999161708141401e+02
5.249465430603650399e+06,4.657107438812780310e+05,-5.400799161708141582e+02
5.249465430603650399e+06,4.657107438812780310e+05,-5.400599161708141764e+02
5.249465430603650399e+06,4.657107438812780310e+05,-5.400389161708141046e+02
5.249465430603650399e+06,4.657107438812780310e+05,-5.400189161708141228e+02
5.249465430603650399e+06,4.657107438812780310e+05,-5.399979161708141646e+02
5.249465430603650399e+06,4.657107438812780310e+05,-5.399779161708141828e+02
5.249465430603650399e+06,4.657107438812780310e+05,-5.399569161708141110e+02
5.249465430603650399e+06,4.657107438812780310e+05,-5.399369161708141291e+02
5.249465430603650399e+06,4.657107438812780310e+05,-5.399169161708141473e+02
5.249465430603650399e+06,4.657107438812780310e+05,-5.398959161708141892e+02
5.249465430603650399e+06,4.657107438812780310e+05,-5.398759161708140937e+02
5.249465430603650399e+06,4.657107438812780310e+05,-5.398559161708141119e+02
5.249465430603650399e+06,4.657107438812780310e+05,-5.398359161708141301e+02
5.249465430603650399e+06,4.657107438812780310e+05,-5.398159161708141482e+02
5.249465430647701956e+06,4.657107363353428082e+05,-5.397949163102970260e+02
5.249465430647701956e+06,4.657107363353428082e+05,-5.397749163102970442e+02
5.249465430647701956e+06,4.657107363353428082e+05,-5.397549163102970624e+02
5.249465430647701956e+06,4.657107363353428082e+05,-5.397349163102970806e+02
5.249465430647701956e+06,4.657107363353428082e+05,-5.397149163102970988e+02
5.249465430647701956e+06,4.657107363353428082e+05,-5.396949163102970033e+02
5.249465430647701956e+06,4.657107363353428082e+05,-5.396749163102970215e+02
5.249465430647701956e+06,4.657107363353428082e+05,-5.396539163102970633e+02
5.249465430647701956e+06,4.657107363353428082e+05,-5.396339163102970815e+02
5.249465430647701956e+06,4.657107363353428082e+05,-5.396139163102969860e+02
5.249465430691753514e+06,4.657107287894077017e+05,-5.395939164497799538e+02
5.249465441805137321e+06,4.657107288542855531e+05,-5.395729164966222697e+02
5.249465441805137321e+06,4.657107288542855531e+05,-5.395529164966222879e+02
5.249465441805137321e+06,4.657107288542855531e+05,-5.395319164966222161e+02
5.249465441805137321e+06,4.657107288542855531e+05,-5.395119164966222343e+02
5.249465441805137321e+06,4.657107288542855531e+05,-5.394909164966222761e+02
5.249465441805137321e+06,4.657107288542855531e+05,-5.394709164966222943e+02
5.249465441805137321e+06,4.657107288542855531e+05,-5.394509164966223125e+02
5.249465441849189810e+06,4.657107213083505048e+05,-5.394309166361051666e+02
5.249465441849189810e+06,4.657107213083505048e+05,-5.394099166361052085e+02
5.249465441849189810e+06,4.657107213083505048e+05,-5.393899166361052266e+02
5.249465441849189810e+06,4.657107213083505048e+05,-5.393699166361052448e+02
5.249465441849189810e+06,4.657107213083505048e+05,-5.393489166361052867e+02
5.249465441849189810e+06,4.657107213083505048e+05,-5.393289166361053049e+02
5.249465441849189810e+06,4.657107213083505048e+05,-5.393079166361052330e+02
5.249465441849189810e+06,4.657107213083505048e+05,-5.392869166361051612e+02
5.249465441849189810e+06,4.657107213083505048e+05,-5.392669166361051794e+02
5.249465441849189810e+06,4.657107213083505048e+05,-5.392459166361052212e+02
5.249465441849189810e+06,4.657107213083505048e+05,-5.392259166361052394e+02
5.249465441849189810e+06,4.657107213083505048e+05,-5.392049166361052812e+02
5.249465441893241368e+06,4.657107137624152820e+05,-5.391839167755881590e+02
5.249465441893241368e+06,4.657107137624152820e+05,-5.391629167755882008e+02
5.249465441893241368e+06,4.657107137624152820e+05,-5.391429167755882190e+02
5.249465441893241368e+06,4.657107137624152820e+05,-5.391219167755881472e+02
5.249465430779857561e+06,4.657107136975374306e+05,-5.391009167287458013e+02
5.249465430779857561e+06,4.657107136975374306e+05,-5.390799167287457294e+02
5.249465430779857561e+06,4.657107136975374306e+05,-5.390589167287457713e+02
5.249465430779857561e+06,4.657107136975374306e+05,-5.390389167287457894e+02
5.249465430779857561e+06,4.657107136975374306e+05,-5.390189167287458076e+02
5.249465430779857561e+06,4.657107136975374306e+05,-5.389989167287458258e+02
5.249465430779857561e+06,4.657107136975374306e+05,-5.389779167287458677e+02
5.249465430779857561e+06,4.657107136975374306e+05,-5.389579167287458858e+02
5.249465430779857561e+06,4.657107136975374306e+05,-5.389379167287457904e+02
5.249465430779857561e+06,4.657107136975374306e+05,-5.389169167287458322e+02
5.249465419666473754e+06,4.657107136326595210e+05,-5.388969166819035763e+02
5.249465419666473754e+06,4.657107136326595210e+05,-5.388759166819035045e+02
5.249465419666473754e+06,4.657107136326595210e+05,-5.388559166819035227e+02
5.249465419666473754e+06,4.657107136326595210e+05,-5.388359166819035408e+02
5.249465419666473754e+06,4.657107136326595210e+05,-5.388149166819035827e+02
5.249465419710525312e+06,4.657107060867244145e+05,-5.387949168213864368e+02
5.249465419710525312e+06,4.657107060867244145e+05,-5.387739168213864787e+02
5.249465419710525312e+06,4.657107060867244145e+05,-5.387539168213864968e+02
5.249465419710525312e+06,4.657107060867244145e+05,-5.387339168213864014e+02
5.249465408597141504e+06,4.657107060218465631e+05,-5.387129167745443965e+02
5.249465408597141504e+06,4.657107060218465631e+05,-5.386929167745443010e+02
5.249465408597141504e+06,4.657107060218465631e+05,-5.386719167745443428e+02
5.249465408597141504e+06,4.657107060218465631e+05,-5.386519167745443610e+02
5.249465408597141504e+06,4.657107060218465631e+05,-5.386329167745443556e+02
5.249465408597141504e+06,4.657107060218465631e+05,-5.386129167745443738e+02
5.249465408597141504e+06,4.657107060218465631e+05,-5.385929167745443920e+02
5.249465397483756766e+06,4.657107059569685953e+05,-5.385729167277023635e+02
5.249465397483756766e+06,4.657107059569685953e+05,-5.385529167277023816e+02
5.249465397483756766e+06,4.657107059569685953e+05,-5.385339167277023762e+02
5.249465397483756766e+06,4.657107059569685953e+05,-5.385139167277023944e+02
5.249465397483756766e+06,4.657107059569685953e+05,-5.384939167277024126e+02
5.249465397483756766e+06,4.657107059569685953e+05,-5.384739167277023171e+02
5.249465397483756766e+06,4.657107059569685953e+05,-5.384529167277023589e+02
5.249465386370374821e+06,4.657107058920906857e+05,-5.384329166808605578e+02
5.249465386370374821e+06,4.657107058920906857e+05,-5.384129166808605760e+02
5.249465386414426379e+06,4.657106983461556374e+05,-5.383929168203434301e+02
5.249465386414426379e+06,4.657106983461556374e+05,-5.383729168203433346e+02
5.249465386414426379e+06,4.657106983461556374e+05,-5.383529168203433528e+02
5.249465386414426379e+06,4.657106983461556374e+05,-5.383329168203433710e+02
5.249465386414426379e+06,4.657106983461556374e+05,-5.383129168203433892e+02
5.249465375301042572e+06,4.657106982812776696e+05,-5.382929167735017018e+02
5.249465375301042572e+06,4.657106982812776696e+05,-5.382729167735017199e+02
5.249465375301042572e+06,4.657106982812776696e+05,-5.382529167735017381e+02
5.249465375301042572e+06,4.657106982812776696e+05,-5.382339167735017327e+02
5.249465375301042572e+06,4.657106982812776696e+05,-5.382139167735017509e+02
5.249465375301042572e+06,4.657106982812776696e+05,-5.381949167735017454e+02
5.249465364187658764e+06,4.657106982163997600e+05,-5.381759167266602617e+02
5.249465364187658764e+06,4.657106982163997600e+05,-5.381559167266602799e+02
5.249465364187658764e+06,4.657106982163997600e+05,-5.381369167266602744e+02
5.249465364187658764e+06,4.657106982163997600e+05,-5.381169167266602926e+02
5.249465364187658764e+06,4.657106982163997600e+05,-5.380969167266601971e+02
5.249465353074274026e+06,4.657106981515217922e+05,-5.380769166798188508e+02
5.249465353074274026e+06,4.657106981515217922e+05,-5.380579166798188453e+02
5.249465353074274026e+06,4.657106981515217922e+05,-5.380379166798188635e+02
5.249465353074274026e+06,4.657106981515217922e+05,-5.380179166798188817e+02
5.249465353074274026e+06,4.657106981515217922e+05,-5.379979166798188999e+02
5.249465353074274026e+06,4.657106981515217922e+05,-5.379789166798188944e+02
5.249465353074274026e+06,4.657106981515217922e+05,-5.379589166798189126e+02
5.249465353074274026e+06,4.657106981515217922e+05,-5.379389166798189308e+02
5.249465342004940845e+06,4.657106905407085433e+05,-5.379189167724603067e+02
5.249465342004940845e+06,4.657106905407085433e+05,-5.378989167724603249e+02
5.249465342004940845e+06,4.657106905407085433e+05,-5.378789167724603431e+02
5.249465342004940845e+06,4.657106905407085433e+05,-5.378589167724603612e+02
5.249465342004940845e+06,4.657106905407085433e+05,-5.378389167724603794e+02
5.249465342004940845e+06,4.657106905407085433e+05,-5.378199167724603740e+02
5.249465330891557969e+06,4.657106904758306337e+05,-5.377999167256193687e+02
5.249465330891557969e+06,4.657106904758306337e+05,-5.377799167256193869e+02
5.249465330891557969e+06,4.657106904758306337e+05,-5.377599167256192914e+02
5.249465330891557969e+06,4.657106904758306337e+05,-5.377409167256192859e+02
5.249465330891557969e+06,4.657106904758306337e+05,-5.377209167256193041e+02
5.249465330891557969e+06,4.657106904758306337e+05,-5.377009167256193223e+02
5.249465319778174162e+06,4.657106904109526658e+05,-5.376809166787784307e+02
5.249465319778174162e+06,4.657106904109526658e+05,-5.376609166787784488e+02
5.249465319778174162e+06,4.657106904109526658e+05,-5.376409166787784670e+02
5.249465319778174162e+06,4.657106904109526658e+05,-5.376199166787783952e+02
5.249465319778174162e+06,4.657106904109526658e+05,-5.375999166787784134e+02
5.249465319778174162e+06,4.657106904109526658e+05,-5.375799166787783179e+02
5.249465319778174162e+06,4.657106904109526658e+05,-5.375599166787783361e+02
5.249465319778174162e+06,4.657106904109526658e+05,-5.375399166787783543e+02
5.249465308664791286e+06,4.657106903460747562e+05,-5.375189166319376000e+02
5.249465308664791286e+06,4.657106903460747562e+05,-5.374989166319376181e+02
5.249465308664791286e+06,4.657106903460747562e+05,-5.374789166319376363e+02
5.249465308664791286e+06,4.657106903460747562e+05,-5.374579166319376782e+02
5.249465308664791286e+06,4.657106903460747562e+05,-5.374369166319377200e+02
5.249465308664791286e+06,4.657106903460747562e+05,-5.374159166319376482e+02
5.249465308664791286e+06,4.657106903460747562e+05,-5.373959166319376664e+02
5.249465308664791286e+06,4.657106903460747562e+05,-5.373749166319375945e+02
5.249465297551407479e+06,4.657106902811967884e+05,-5.373539165850970676e+02
5.249465297551407479e+06,4.657106902811967884e+05,-5.373329165850971094e+02
5.249465297551407479e+06,4.657106902811967884e+05,-5.373129165850970139e+02
5.249465297551407479e+06,4.657106902811967884e+05,-5.372919165850970558e+02
5.249465297551407479e+06,4.657106902811967884e+05,-5.372719165850969603e+02
5.249465297551407479e+06,4.657106902811967884e+05,-5.372509165850970021e+02
5.249465297551407479e+06,4.657106902811967884e+05,-5.372309165850970203e+02
5.249465297551407479e+06,4.657106902811967884e+05,-5.372099165850970621e+02
5.249465297551407479e+06,4.657106902811967884e+05,-5.371899165850970803e+02
5.249465297551407479e+06,4.657106902811967884e+05,-5.371689165850970085e+02
5.249465297551407479e+06,4.657106902811967884e+05,-5.371489165850970267e+02
5.249465297507355921e+06,4.657106978271321277e+05,-5.371289164456144363e+02
5.249465297507355921e+06,4.657106978271321277e+05,-5.371079164456143644e+02
5.249465297507355921e+06,4.657106978271321277e+05,-5.370879164456143826e+02
5.249465297507355921e+06,4.657106978271321277e+05,-5.370669164456144244e+02
5.249465297507355921e+06,4.657106978271321277e+05,-5.370469164456144426e+02
5.249465297507355921e+06,4.657106978271321277e+05,-5.370269164456144608e+02
5.249465297507355921e+06,4.657106978271321277e+05,-5.370059164456145027e+02
5.249465286393972114e+06,4.657106977622542181e+05,-5.369859163987739521e+02
5.249465286393972114e+06,4.657106977622542181e+05,-5.369659163987739703e+02
5.249465286393972114e+06,4.657106977622542181e+05,-5.369449163987740121e+02
5.249465286393972114e+06,4.657106977622542181e+05,-5.369249163987740303e+02
5.249465286393972114e+06,4.657106977622542181e+05,-5.369049163987740485e+02
5.249465286393972114e+06,4.657106977622542181e+05,-5.368849163987739530e+02
5.249465286393972114e+06,4.657106977622542181e+05,-5.368649163987739712e+02
5.249465286349919625e+06,4.657107053081893828e+05,-5.368439162592914045e+02
5.249465286349919625e+06,4.657107053081893828e+05,-5.368239162592914226e+02
5.249465286349919625e+06,4.657107053081893828e+05,-5.368039162592914408e+02
5.249465286349919625e+06,4.657107053081893828e+05,-5.367829162592913690e+02
5.249465286349919625e+06,4.657107053081893828e+05,-5.367629162592913872e+02
5.249465286349919625e+06,4.657107053081893828e+05,-5.367429162592914054e+02
5.249465286349919625e+06,4.657107053081893828e+05,-5.367229162592914236e+02
5.249465286349919625e+06,4.657107053081893828e+05,-5.367029162592914417e+02
5.249465286349919625e+06,4.657107053081893828e+05,-5.366829162592913463e+02
5.249465286349919625e+06,4.657107053081893828e+05,-5.366629162592913644e+02
5.249465286349919625e+06,4.657107053081893828e+05,-5.366419162592914063e+02
5.249465286349919625e+06,4.657107053081893828e+05,-5.366219162592914245e+02
5.249465286349919625e+06,4.657107053081893828e+05,-5.366019162592913290e+02
5.249465286349919625e+06,4.657107053081893828e+05,-5.365819162592913472e+02
5.249465286305868067e+06,4.657107128541246639e+05,-5.365609161198087804e+02
5.249465286305868067e+06,4.657107128541246639e+05,-5.365409161198087986e+02
5.249465286305868067e+06,4.657107128541246639e+05,-5.365209161198088168e+02
5.249465286305868067e+06,4.657107128541246639e+05,-5.365009161198087213e+02
5.249465286305868067e+06,4.657107128541246639e+05,-5.364809161198087395e+02
5.249465286305868067e+06,4.657107128541246639e+05,-5.364599161198087813e+02
5.249465286305868067e+06,4.657107128541246639e+05,-5.364399161198087995e+02
5.249465286305868067e+06,4.657107128541246639e+05,-5.364199161198088177e+02
5.249465286305868067e+06,4.657107128541246639e+05,-5.363999161198087222e+02
5.249465286305868067e+06,4.657107128541246639e+05,-5.363789161198087641e+02
5.249465286305868067e+06,4.657107128541246639e+05,-5.363589161198087822e+02
5.249465286305868067e+06,4.657107128541246639e+05,-5.363389161198088004e+02
5.249465286305868067e+06,4.657107128541246639e+05,-5.363189161198088186e+02
5.249465286305868067e+06,4.657107128541246639e+05,-5.362979161198087468e+02
5.249465286305868067e+06,4.657107128541246639e+05,-5.362779161198087650e+02
5.249465286305868067e+06,4.657107128541246639e+05,-5.362579161198087832e+02
5.249465286305868067e+06,4.657107128541246639e+05,-5.362369161198088250e+02
5.249465286261816509e+06,4.657107204000600614e+05,-5.362169159803261209e+02
5.249465286261816509e+06,4.657107204000600614e+05,-5.361969159803261391e+02
5.249465286261816509e+06,4.657107204000600614e+05,-5.361759159803261809e+02
5.249465286261816509e+06,4.657107204000600614e+05,-5.361559159803261991e+02
5.249465275148431771e+06,4.657107203351822100e+05,-5.361359159334859896e+02
5.249465275148431771e+06,4.657107203351822100e+05,-5.361159159334858941e+02
5.249465275148431771e+06,4.657107203351822100e+05,-5.360949159334859360e+02
5.249465275148431771e+06,4.657107203351822100e+05,-5.360749159334859542e+02
5.249465275148431771e+06,4.657107203351822100e+05,-5.360549159334859723e+02
5.249465286261816509e+06,4.657107204000600614e+05,-5.360349159803262182e+02
5.249465286261816509e+06,4.657107204000600614e+05,-5.360149159803261227e+02
5.249465286261816509e+06,4.657107204000600614e+05,-5.359939159803261646e+02
5.249465286261816509e+06,4.657107204000600614e+05,-5.359739159803261828e+02
5.249465286261816509e+06,4.657107204000600614e+05,-5.359539159803262010e+02
5.249465286261816509e+06,4.657107204000600614e+05,-5.359339159803262191e+02
5.249465286261816509e+06,4.657107204000600614e+05,-5.359129159803261473e+02
5.249465286261816509e+06,4.657107204000600614e+05,-5.358929159803261655e+02
5.249465286261816509e+06,4.657107204000600614e+05,-5.358729159803261837e+02
5.249465286261816509e+06,4.657107204000600614e+05,-5.358529159803262019e+02
5.249465286261816509e+06,4.657107204000600614e+05,-5.358329159803262201e+02
5.249465286261816509e+06,4.657107204000600614e+05,-5.358129159803261246e+02
5.249465286261816509e+06,4.657107204000600614e+05,-5.357929159803261427e+02
5.249465286261816509e+06,4.657107204000600614e+05,-5.357729159803261609e+02
5.249465286261816509e+06,4.657107204000600614e+05,-5.357529159803261791e+02
5.249465286261816509e+06,4.657107204000600614e+05,-5.357319159803262210e+02
5.249465286261816509e+06,4.657107204000600614e+05,-5.357119159803261255e+02
5.249465286261816509e+06,4.657107204000600614e+05,-5.356919159803261437e+02
5.249465286261816509e+06,4.657107204000600614e+05,-5.356719159803261618e+02
5.249465286261816509e+06,4.657107204000600614e+05,-5.356519159803261800e+02
5.249465286261816509e+06,4.657107204000600614e+05,-5.356319159803261982e+02
5.249465286261816509e+06,4.657107204000600614e+05,-5.356129159803261928e+02
5.249465286261816509e+06,4.657107204000600614e+05,-5.355929159803262110e+02
5.249465286261816509e+06,4.657107204000600614e+05,-5.355729159803261155e+02
5.249465286261816509e+06,4.657107204000600614e+05,-5.355529159803261336e+02
5.249465286261816509e+06,4.657107204000600614e+05,-5.355329159803261518e+02
5.249465286261816509e+06,4.657107204000600614e+05,-5.355129159803261700e+02
5.249465286261816509e+06,4.657107204000600614e+05,-5.354929159803261882e+02
5.249465286261816509e+06,4.657107204000600614e+05,-5.354729159803262064e+02
5.249465286261816509e+06,4.657107204000600614e+05,-5.354529159803262246e+02
5.249465286261816509e+06,4.657107204000600614e+05,-5.354329159803261291e+02
5.249465286261816509e+06,4.657107204000600614e+05,-5.354139159803261236e+02
5.249465286261816509e+06,4.657107204000600614e+05,-5.353939159803261418e+02
5.249465286261816509e+06,4.657107204000600614e+05,-5.353739159803261600e+02
5.249465286261816509e+06,4.657107204000600614e+05,-5.353539159803261782e+02
5.249465286261816509e+06,4.657107204000600614e+05,-5.353339159803261964e+02
5.249465286261816509e+06,4.657107204000600614e+05,-5.353139159803262146e+02
5.249465286261816509e+06,4.657107204000600614e+05,-5.352939159803261191e+02
5.249465286261816509e+06,4.657107204000600614e+05,-5.352749159803261136e+02
5.249465286261816509e+06,4.657107204000600614e+05,-5.352629159803261700e+02
5.249465286261816509e+06,4.657107204000600614e+05,-5.352639159803261464e+02
5.249465286261816509e+06,4.657107204000600614e+05,-5.352649159803261227e+02
5.249465286261816509e+06,4.657107204000600614e+05,-5.352659159803262128e+02
5.249465286261816509e+06,4.657107204000600614e+05,-5.352659159803262128e+02
5.249465286261816509e+06,4.657107204000600614e+05,-5.352669159803261891e+02
5.249465286305868067e+06,4.657107128541246639e+05,-5.352679161198087741e+02
5.249465286305868067e+06,4.657107128541246639e+05,-5.352689161198087504e+02
5.249465286305868067e+06,4.657107128541246639e+05,-5.352689161198087504e+02
5.249465286305868067e+06,4.657107128541246639e+05,-5.352699161198087268e+02
5.249465286305868067e+06,4.657107128541246639e+05,-5.352709161198088168e+02
5.249465286305868067e+06,4.657107128541246639e+05,-5.352709161198088168e+02
5.249465286305868067e+06,4.657107128541246639e+05,-5.352709161198088168e+02
5.249465286305868067e+06,4.657107128541246639e+05,-5.352709161198088168e+02
5.249465286305868067e+06,4.657107128541246639e+05,-5.352709161198088168e+02
5.249465286305868067e+06,4.657107128541246639e+05,-5.352709161198088168e+02
5.249465286305868067e+06,4.657107128541246639e+05,-5.352709161198088168e+02
5.249465286305868067e+06,4.657107128541246639e+05,-5.352719161198087932e+02
5.249465286305868067e+06,4.657107128541246639e+05,-5.352719161198087932e+02
5.249465286305868067e+06,4.657107128541246639e+05,-5.352719161198087932e+02
5.249465286305868067e+06,4.657107128541246639e+05,-5.352729161198087695e+02
5.249465286305868067e+06,4.657107128541246639e+05,-5.352729161198087695e+02
5.249465286305868067e+06,4.657107128541246639e+05,-5.352729161198087695e+02
5.249465286305868067e+06,4.657107128541246639e+05,-5.352729161198087695e+02
5.249465286305868067e+06,4.657107128541246639e+05,-5.352739161198087459e+02
5.249465286305868067e+06,4.657107128541246639e+05,-5.352739161198087459e+02
5.249465286305868067e+06,4.657107128541246639e+05,-5.352739161198087459e+02
5.249465286305868067e+06,4.657107128541246639e+05,-5.352749161198087222e+02
5.249465286305868067e+06,4.657107128541246639e+05,-5.352749161198087222e+02
5.249465286305868067e+06,4.657107128541246639e+05,-5.352749161198087222e+02
5.249465286305868067e+06,4.657107128541246639e+05,-5.352759161198088123e+02
5.249465286305868067e+06,4.657107128541246639e+05,-5.352759161198088123e+02
5.249465286305868067e+06,4.657107128541246639e+05,-5.352759161198088123e+02
5.249465286305868067e+06,4.657107128541246639e+05,-5.352759161198088123e+02
5.249465286305868067e+06,4.657107128541246639e+05,-5.352759161198088123e+02
5.249465286305868067e+06,4.657107128541246639e+05,-5.352759161198088123e+02
5.249465286305868067e+06,4.657107128541246639e+05,-5.352769161198087886e+02
5.249465286305868067e+06,4.657107128541246639e+05,-5.352769161198087886e+02
5.249465286305868067e+06,4.657107128541246639e+05,-5.352769161198087886e+02
5.249465286305868067e+06,4.657107128541246639e+05,-5.352769161198087886e+02
5.249465286305868067e+06,4.657107128541246639e+05,-5.352769161198087886e+02
5.249465286305868067e+06,4.657107128541246639e+05,-5.352769161198087886e+02
5.249465286305868067e+06,4.657107128541246639e+05,-5.352769161198087886e+02
5.249465286305868067e+06,4.657107128541246639e+05,-5.352779161198087650e+02
5.249465286305868067e+06,4.657107128541246639e+05,-5.352779161198087650e+02
5.249465286305868067e+06,4.657107128541246639e+05,-5.352779161198087650e+02
5.249465297419251874e+06,4.657107129190025735e+05,-5.352789161666491964e+02
5.249465297419251874e+06,4.657107129190025735e+05,-5.352789161666491964e+02
5.249465297419251874e+06,4.657107129190025735e+05,-5.352789161666491964e+02
5.249465297419251874e+06,4.657107129190025735e+05,-5.352799161666491727e+02
5.249465297419251874e+06,4.657107129190025735e+05,-5.352799161666491727e+02
5.249465297419251874e+06,4.657107129190025735e+05,-5.352809161666491491e+02
5.249465297419251874e+06,4.657107129190025735e+05,-5.352809161666491491e+02
5.249465297419251874e+06,4.657107129190025735e+05,-5.352809161666491491e+02
5.249465297419251874e+06,4.657107129190025735e+05,-5.352819161666491254e+02
5.249465297419251874e+06,4.657107129190025735e+05,-5.352819161666491254e+02
5.249465297419251874e+06,4.657107129190025735e+05,-5.352819161666491254e+02
5.249465297419251874e+06,4.657107129190025735e+05,-5.352829161666492155e+02
5.249465297419251874e+06,4.657107129190025735e+05,-5.352829161666492155e+02
5.249465297419251874e+06,4.657107129190025735e+05,-5.352829161666492155e+02
5.249465297419251874e+06,4.657107129190025735e+05,-5.352839161666491918e+02
5.249465297419251874e+06,4.657107129190025735e+05,-5.352839161666491918e+02
5.249465297419251874e+06,4.657107129190025735e+05,-5.352839161666491918e+02
5.249465297419251874e+06,4.657107129190025735e+05,-5.352849161666491682e+02
5.249465297419251874e+06,4.657107129190025735e+05,-5.352849161666491682e+02
5.249465297419251874e+06,4.657107129190025735e+05,-5.352859161666491445e+02
5.249465297419251874e+06,4.657107129190025735e+05,-5.352859161666491445e+02
5.249465297419251874e+06,4.657107129190025735e+05,-5.352869161666491209e+02
5.249465297419251874e+06,4.657107129190025735e+05,-5.352879161666492109e+02
5.249465297419251874e+06,4.657107129190025735e+05,-5.352879161666492109e+02
5.249465297419251874e+06,4.657107129190025735e+05,-5.352889161666491873e+02
5.249465297419251874e+06,4.657107129190025735e+05,-5.352889161666491873e+02
5.249465297419251874e+06,4.657107129190025735e+05,-5.352899161666491636e+02
5.249465297419251874e+06,4.657107129190025735e+05,-5.352899161666491636e+02
5.249465297419251874e+06,4.657107129190025735e+05,-5.352899161666491636e+02
5.249465297419251874e+06,4.657107129190025735e+05,-5.352909161666491400e+02
5.249465297419251874e+06,4.657107129190025735e+05,-5.352909161666491400e+02
5.249465297419251874e+06,4.657107129190025735e+05,-5.352909161666491400e+02
5.249465297419251874e+06,4.657107129190025735e+05,-5.352919161666492300e+02
5.249465297419251874e+06,4.657107129190025735e+05,-5.352919161666492300e+02
5.249465297419251874e+06,4.657107129190025735e+05,-5.352929161666492064e+02
5.249465297419251874e+06,4.657107129190025735e+05,-5.352929161666492064e+02
5.249465297419251874e+06,4.657107129190025735e+05,-5.352939161666491827e+02
5.249465297419251874e+06,4.657107129190025735e+05,-5.352939161666491827e+02
5.249465297419251874e+06,4.657107129190025735e+05,-5.352949161666491591e+02
5.249465297419251874e+06,4.657107129190025735e+05,-5.352949161666491591e+02
5.249465297419251874e+06,4.657107129190025735e+05,-5.352959161666491354e+02
5.249465297419251874e+06,4.657107129190025735e+05,-5.352959161666491354e+02
5.249465297419251874e+06,4.657107129190025735e+05,-5.352969161666492255e+02
5.249465297419251874e+06,4.657107129190025735e+05,-5.352969161666492255e+02
5.249465297419251874e+06,4.657107129190025735e+05,-5.352979161666492018e+02
5.249465297419251874e+06,4.657107129190025735e+05,-5.352979161666492018e+02
5.249465297419251874e+06,4.657107129190025735e+05,-5.352979161666492018e+02
5.249465297419251874e+06,4.657107129190025735e+05,-5.352979161666492018e+02
5.249465297419251874e+06,4.657107129190025735e+05,-5.352989161666491782e+02
5.249465297419251874e+06,4.657107129190025735e+05,-5.352989161666491782e+02
5.249465297419251874e+06,4.657107129190025735e+05,-5.352989161666491782e+02
5.249465297419251874e+06,4.657107129190025735e+05,-5.352999161666491545e+02
5.249465297419251874e+06,4.657107129190025735e+05,-5.352999161666491545e+02
5.249465297419251874e+06,4.657107129190025735e+05,-5.352999161666491545e+02
5.249465297419251874e+06,4.657107129190025735e+05,-5.353009161666491309e+02
5.249465297419251874e+06,4.657107129190025735e+05,-5.353009161666491309e+02
5.249465297419251874e+06,4.657107129190025735e+05,-5.353009161666491309e+02
5.249465297419251874e+06,4.657107129190025735e+05,-5.353019161666492209e+02
5.249465297419251874e+06,4.657107129190025735e+05,-5.353019161666492209e+02
5.249465297419251874e+06,4.657107129190025735e+05,-5.353029161666491973e+02
5.249465297419251874e+06,4.657107129190025735e+05,-5.353029161666491973e+02
5.249465297419251874e+06,4.657107129190025735e+05,-5.353039161666491736e+02
5.249465297419251874e+06,4.657107129190025735e+05,-5.353039161666491736e+02
5.249465297419251874e+06,4.657107129190025735e+05,-5.353039161666491736e+02
5.249465297419251874e+06,4.657107129190025735e+05,-5.353049161666491500e+02
5.249465297419251874e+06,4.657107129190025735e+05,-5.353049161666491500e+02
5.249465297419251874e+06,4.657107129190025735e+05,-5.353059161666491264e+02
5.249465297419251874e+06,4.657107129190025735e+05,-5.353059161666491264e+02
5.249465297419251874e+06,4.657107129190025735e+05,-5.353069161666492164e+02
5.249465297419251874e+06,4.657107129190025735e+05,-5.353069161666492164e+02
5.249465297419251874e+06,4.657107129190025735e+05,-5.353079161666491927e+02
5.249465297419251874e+06,4.657107129190025735e+05,-5.353079161666491927e+02
5.249465297419251874e+06,4.657107129190025735e+05,-5.353089161666491691e+02
5.249465297419251874e+06,4.657107129190025735e+05,-5.353089161666491691e+02
5.249465297419251874e+06,4.657107129190025735e+05,-5.353089161666491691e+02
5.249465297419251874e+06,4.657107129190025735e+05,-5.353099161666491455e+02
5.249465297419251874e+06,4.657107129190025735e+05,-5.353099161666491455e+02
5.249465297419251874e+06,4.657107129190025735e+05,-5.353109161666491218e+02
5.249465297419251874e+06,4.657107129190025735e+05,-5.353109161666491218e+02
5.249465297419251874e+06,4.657107129190025735e+05,-5.353119161666492118e+02
5.249465297419251874e+06,4.657107129190025735e+05,-5.353129161666491882e+02
5.249465297419251874e+06,4.657107129190025735e+05,-5.353129161666491882e+02
5.249465297419251874e+06,4.657107129190025735e+05,-5.353139161666491646e+02
5.249465297419251874e+06,4.657107129190025735e+05,-5.353149161666491409e+02
5.249465297419251874e+06,4.657107129190025735e+05,-5.353149161666491409e+02
5.249465297419251874e+06,4.657107129190025735e+05,-5.353159161666492309e+02
5.249465297419251874e+06,4.657107129190025735e+05,-5.353169161666492073e+02
5.249465297419251874e+06,4.657107129190025735e+05,-5.353169161666492073e+02
5.249465297419251874e+06,4.657107129190025735e+05,-5.353179161666491837e+02
5.249465297419251874e+06,4.657107129190025735e+05,-5.353189161666491600e+02
5.249465297463304363e+06,4.657107053730673506e+05,-5.353189163061317686e+02
5.249465297463304363e+06,4.657107053730673506e+05,-5.353199163061317449e+02
5.249465297463304363e+06,4.657107053730673506e+05,-5.353199163061317449e+02
5.249465297463304363e+06,4.657107053730673506e+05,-5.353209163061318350e+02
5.249465286349919625e+06,4.657107053081893828e+05,-5.353219162592913563e+02
5.249465286349919625e+06,4.657107053081893828e+05,-5.353219162592913563e+02
5.249465286349919625e+06,4.657107053081893828e+05,-5.353229162592913326e+02
5.249465286349919625e+06,4.657107053081893828e+05,-5.353239162592914226e+02
5.249465286349919625e+06,4.657107053081893828e+05,-5.353239162592914226e+02
5.249465286349919625e+06,4.657107053081893828e+05,-5.353249162592913990e+02
5.249465286349919625e+06,4.657107053081893828e+05,-5.353259162592913754e+02
5.249465286349919625e+06,4.657107053081893828e+05,-5.353269162592913517e+02
5.249465286349919625e+06,4.657107053081893828e+05,-5.353269162592913517e+02
5.249465297463304363e+06,4.657107053730673506e+05,-5.353279163061317831e+02
5.249465297463304363e+06,4.657107053730673506e+05,-5.353289163061317595e+02
5.249465297463304363e+06,4.657107053730673506e+05,-5.353289163061317595e+02
5.249465286349919625e+06,4.657107053081893828e+05,-5.353299162592913945e+02
5.249465286349919625e+06,4.657107053081893828e+05,-5.353299162592913945e+02
5.249465286349919625e+06,4.657107053081893828e+05,-5.353299162592913945e+02
5.249465286349919625e+06,4.657107053081893828e+05,-5.353309162592913708e+02
5.249465286349919625e+06,4.657107053081893828e+05,-5.353309162592913708e+02
5.249465286349919625e+06,4.657107053081893828e+05,-5.353319162592913472e+02
5.249465286349919625e+06,4.657107053081893828e+05,-5.353319162592913472e+02
5.249465286349919625e+06,4.657107053081893828e+05,-5.353319162592913472e+02
5.249465286349919625e+06,4.657107053081893828e+05,-5.353329162592914372e+02
5.249465286349919625e+06,4.657107053081893828e+05,-5.353339162592914136e+02
5.249465286349919625e+06,4.657107053081893828e+05,-5.353339162592914136e+02
5.249465286349919625e+06,4.657107053081893828e+05,-5.353349162592913899e+02
5.249465286349919625e+06,4.657107053081893828e+05,-5.353349162592913899e+02
5.249465286349919625e+06,4.657107053081893828e+05,-5.353359162592913663e+02
5.249465286349919625e+06,4.657107053081893828e+05,-5.353369162592913426e+02
5.249465286349919625e+06,4.657107053081893828e+05,-5.353369162592913426e+02
5.249465286349919625e+06,4.657107053081893828e+05,-5.353379162592914327e+02
5.249465286349919625e+06,4.657107053081893828e+05,-5.353389162592914090e+02
5.249465286349919625e+06,4.657107053081893828e+05,-5.353389162592914090e+02
5.249465286349919625e+06,4.657107053081893828e+05,-5.353399162592913854e+02
5.249465286349919625e+06,4.657107053081893828e+05,-5.353399162592913854e+02
5.249465286349919625e+06,4.657107053081893828e+05,-5.353399162592913854e+02
5.249465286349919625e+06,4.657107053081893828e+05,-5.353409162592913617e+02
5.249465286349919625e+06,4.657107053081893828e+05,-5.353409162592913617e+02
5.249465286349919625e+06,4.657107053081893828e+05,-5.353409162592913617e+02
5.249465286349919625e+06,4.657107053081893828e+05,-5.353409162592913617e+02
5.249465286349919625e+06,4.657107053081893828e+05,-5.353419162592913381e+02
5.249465286349919625e+06,4.657107053081893828e+05,-5.353419162592913381e+02
5.249465286349919625e+06,4.657107053081893828e+05,-5.353429162592914281e+02
5.249465286349919625e+06,4.657107053081893828e+05,-5.353429162592914281e+02
5.249465286349919625e+06,4.657107053081893828e+05,-5.353439162592914045e+02
5.249465286349919625e+06,4.657107053081893828e+05,-5.353439162592914045e+02
5.249465286349919625e+06,4.657107053081893828e+05,-5.353439162592914045e+02
5.249465286349919625e+06,4.657107053081893828e+05,-5.353449162592913808e+02
5.249465286349919625e+06,4.657107053081893828e+05,-5.353449162592913808e+02
5.249465286349919625e+06,4.657107053081893828e+05,-5.353449162592913808e+02
5.249465286349919625e+06,4.657107053081893828e+05,-5.353459162592913572e+02
5.249465286349919625e+06,4.657107053081893828e+05,-5.353459162592913572e+02
5.249465286349919625e+06,4.657107053081893828e+05,-5.353459162592913572e+02
5.249465286349919625e+06,4.657107053081893828e+05,-5.353469162592913335e+02
5.249465286349919625e+06,4.657107053081893828e+05,-5.353469162592913335e+02
5.249465286349919625e+06,4.657107053081893828e+05,-5.353469162592913335e+02
5.249465286349919625e+06,4.657107053081893828e+05,-5.353469162592913335e+02
5.249465286349919625e+06,4.657107053081893828e+05,-5.353469162592913335e+02
5.249465286349919625e+06,4.657107053081893828e+05,-5.353469162592913335e+02
5.249465286349919625e+06,4.657107053081893828e+05,-5.353469162592913335e+02
5.249465286349919625e+06,4.657107053081893828e+05,-5.353469162592913335e+02
5.249465286349919625e+06,4.657107053081893828e+05,-5.353479162592914236e+02
5.249465286349919625e+06,4.657107053081893828e+05,-5.353479162592914236e+02
5.249465286349919625e+06,4.657107053081893828e+05,-5.353479162592914236e+02
5.249465286349919625e+06,4.657107053081893828e+05,-5.353479162592914236e+02
5.249465286349919625e+06,4.657107053081893828e+05,-5.353479162592914236e+02
5.249465286349919625e+06,4.657107053081893828e+05,-5.353489162592913999e+02
5.249465286349919625e+06,4.657107053081893828e+05,-5.353489162592913999e+02
5.249465286349919625e+06,4.657107053081893828e+05,-5.353489162592913999e+02
5.249465286393972114e+06,4.657106977622542181e+05,-5.353489163987740085e+02
5.249465286393972114e+06,4.657106977622542181e+05,-5.353499163987739848e+02
5.249465286393972114e+06,4.657106977622542181e+05,-5.353499163987739848e+02
5.249465286393972114e+06,4.657106977622542181e+05,-5.353499163987739848e+02
5.249465286393972114e+06,4.657106977622542181e+05,-5.353509163987739612e+02
5.249465286393972114e+06,4.657106977622542181e+05,-5.353509163987739612e+02
5.249465286393972114e+06,4.657106977622542181e+05,-5.353509163987739612e+02
5.249465286393972114e+06,4.657106977622542181e+05,-5.353509163987739612e+02
5.249465286393972114e+06,4.657106977622542181e+05,-5.353509163987739612e+02
5.249465286393972114e+06,4.657106977622542181e+05,-5.353519163987739375e+02
5.249465275280588306e+06,4.657106976973763085e+05,-5.353519163519337098e+02
