4.657106905407085433e+05,5.249465342004940845e+06,5.353359167724604504e+02
4.657106905407085433e+05,5.249465342004940845e+06,5.353349167724603603e+02
4.657106905407085433e+05,5.249465342004940845e+06,5.353349167724603603e+02
4.657106905407085433e+05,5.249465342004940845e+06,5.353339167724603840e+02
4.657106905407085433e+05,5.249465342004940845e+06,5.353339167724603840e+02
4.657106905407085433e+05,5.249465342004940845e+06,5.353329167724604076e+02
4.657106829947733204e+05,5.249465342048992403e+06,5.353329169119431299e+02
4.657106829947733204e+05,5.249465342048992403e+06,5.353319169119431535e+02
4.657106829947733204e+05,5.249465342048992403e+06,5.353319169119431535e+02
4.657106905407085433e+05,5.249465342004940845e+06,5.353309167724603412e+02
4.657106905407085433e+05,5.249465342004940845e+06,5.353309167724603412e+02
4.657106905407085433e+05,5.249465342004940845e+06,5.353309167724603412e+02
4.657106906055865111e+05,5.249465353118324652e+06,5.353299168193016158e+02
4.657106906055865111e+05,5.249465353118324652e+06,5.353299168193016158e+02
4.657106906055865111e+05,5.249465353118324652e+06,5.353289168193016394e+02
4.657106906055865111e+05,5.249465353118324652e+06,5.353289168193016394e+02
4.657106906055865111e+05,5.249465353118324652e+06,5.353279168193016631e+02
4.657106906055865111e+05,5.249465353118324652e+06,5.353279168193016631e+02
4.657106906055865111e+05,5.249465353118324652e+06,5.353269168193015730e+02
4.657106906055865111e+05,5.249465353118324652e+06,5.353269168193015730e+02
4.657106906055865111e+05,5.249465353118324652e+06,5.353259168193015967e+02
4.657106906055865111e+05,5.249465353118324652e+06,5.353259168193015967e+02
4.657106906055865111e+05,5.249465353118324652e+06,5.353249168193016203e+02
4.657106906055865111e+05,5.249465353118324652e+06,5.353249168193016203e+02
4.657106906055865111e+05,5.249465353118324652e+06,5.353239168193016440e+02
4.657106906055865111e+05,5.249465353118324652e+06,5.353239168193016440e+02
4.657106830596513464e+05,5.249465353162377141e+06,5.353229169587843899e+02
4.657106830596513464e+05,5.249465353162377141e+06,5.353229169587843899e+02
4.657106830596513464e+05,5.249465353162377141e+06,5.353229169587843899e+02
4.657106830596513464e+05,5.249465353162377141e+06,5.353229169587843899e+02
4.657106830596513464e+05,5.249465353162377141e+06,5.353229169587843899e+02
4.657106831245293142e+05,5.249465364275761880e+06,5.353229170056257544e+02
4.657106831245293142e+05,5.249465364275761880e+06,5.353229170056257544e+02
4.657106831245293142e+05,5.249465364275761880e+06,5.353229170056257544e+02
4.657106831245293142e+05,5.249465364275761880e+06,5.353229170056257544e+02
4.657106831245293142e+05,5.249465364275761880e+06,5.353229170056257544e+02
4.657106831245293142e+05,5.249465364275761880e+06,5.353219170056257781e+02
4.657106831245293142e+05,5.249465364275761880e+06,5.353219170056257781e+02
4.657106831245293142e+05,5.249465364275761880e+06,5.353219170056257781e+02
4.657106831245293142e+05,5.249465364275761880e+06,5.353219170056257781e+02
4.657106831245293142e+05,5.249465364275761880e+06,5.353209170056258017e+02
4.657106831245293142e+05,5.249465364275761880e+06,5.353209170056258017e+02
4.657106831245293142e+05,5.249465364275761880e+06,5.353209170056258017e+02
4.657106831245293142e+05,5.249465364275761880e+06,5.353209170056258017e+02
4.657106831245293142e+05,5.249465364275761880e+06,5.353199170056257117e+02
4.657106831245293142e+05,5.249465364275761880e+06,5.353199170056257117e+02
4.657106831245293142e+05,5.249465364275761880e+06,5.353189170056257353e+02
4.657106831245293142e+05,5.249465364275761880e+06,5.353189170056257353e+02
4.657106831245293142e+05,5.249465364275761880e+06,5.353189170056257353e+02
4.657106831245293142e+05,5.249465364275761880e+06,5.353189170056257353e+02
4.657106831245293142e+05,5.249465364275761880e+06,5.353189170056257353e+02
4.657106831245293142e+05,5.249465364275761880e+06,5.353189170056257353e+02
4.657106831245293142e+05,5.249465364275761880e+06,5.353189170056257353e+02
4.657106831245293142e+05,5.249465364275761880e+06,5.353189170056257353e+02
4.657106831245293142e+05,5.249465364275761880e+06,5.353189170056257353e+02
4.657106831245293142e+05,5.249465364275761880e+06,5.353189170056257353e+02
4.657106831245293142e+05,5.249465364275761880e+06,5.353189170056257353e+02
4.657106831245293142e+05,5.249465364275761880e+06,5.353189170056257353e+02
4.657106831245293142e+05,5.249465364275761880e+06,5.353189170056257353e+02
4.657106831245293142e+05,5.249465364275761880e+06,5.353189170056257353e+02
4.657106831245293142e+05,5.249465364275761880e+06,5.353179170056257590e+02
4.657106831245293142e+05,5.249465364275761880e+06,5.353179170056257590e+02
4.657106831245293142e+05,5.249465364275761880e+06,5.353179170056257590e+02
4.657106831245293142e+05,5.249465364275761880e+06,5.353169170056257826e+02
4.657106831245293142e+05,5.249465364275761880e+06,5.353169170056257826e+02
4.657106831245293142e+05,5.249465364275761880e+06,5.353159170056258063e+02
4.657106831245293142e+05,5.249465364275761880e+06,5.353159170056258063e+02
4.657106831245293142e+05,5.249465364275761880e+06,5.353159170056258063e+02
4.657106831245293142e+05,5.249465364275761880e+06,5.353149170056258299e+02
4.657106831245293142e+05,5.249465364275761880e+06,5.353149170056258299e+02
4.657106831245293142e+05,5.249465364275761880e+06,5.353149170056258299e+02
4.657106831245293142e+05,5.249465364275761880e+06,5.353149170056258299e+02
4.657106831245293142e+05,5.249465364275761880e+06,5.353139170056258536e+02
4.657106831245293142e+05,5.249465364275761880e+06,5.353139170056258536e+02
4.657106831245293142e+05,5.249465364275761880e+06,5.353139170056258536e+02
4.657106831245293142e+05,5.249465364275761880e+06,5.353129170056257635e+02
4.657106831245293142e+05,5.249465364275761880e+06,5.353129170056257635e+02
4.657106831245293142e+05,5.249465364275761880e+06,5.353119170056257872e+02
4.657106831245293142e+05,5.249465364275761880e+06,5.353119170056257872e+02
4.657106831245293142e+05,5.249465364275761880e+06,5.353109170056256971e+02
4.657106831245293142e+05,5.249465364275761880e+06,5.353109170056256971e+02
4.657106831245293142e+05,5.249465364275761880e+06,5.353099170056257208e+02
4.657106831245293142e+05,5.249465364275761880e+06,5.353089170056257444e+02
4.657106831245293142e+05,5.249465364275761880e+06,5.353089170056257444e+02
4.657106831245293142e+05,5.249465364275761880e+06,5.353079170056257681e+02
4.657106831245293142e+05,5.249465364275761880e+06,5.353069170056257917e+02
4.657106831245293142e+05,5.249465364275761880e+06,5.353069170056257917e+02
4.657106831245293142e+05,5.249465364275761880e+06,5.353059170056258154e+02
4.657106831245293142e+05,5.249465364275761880e+06,5.353049170056258390e+02
4.657106831245293142e+05,5.249465364275761880e+06,5.353039170056258627e+02
4.657106831245293142e+05,5.249465364275761880e+06,5.353029170056257726e+02
4.657106831245293142e+05,5.249465364275761880e+06,5.353029170056257726e+02
4.657106831245293142e+05,5.249465364275761880e+06,5.353019170056257963e+02
4.657106831245293142e+05,5.249465364275761880e+06,5.353009170056257062e+02
4.657106831245293142e+05,5.249465364275761880e+06,5.352999170056257299e+02
4.657106831245293142e+05,5.249465364275761880e+06,5.352989170056257535e+02
4.657106831245293142e+05,5.249465364275761880e+06,5.352979170056257772e+02
4.657106831245293142e+05,5.249465364275761880e+06,5.352969170056258008e+02
4.657106831245293142e+05,5.249465364275761880e+06,5.352959170056258245e+02
4.657106831245293142e+05,5.249465364275761880e+06,5.352949170056258481e+02
4.657106831245293142e+05,5.249465364275761880e+06,5.352939170056257581e+02
4.657106831245293142e+05,5.249465364275761880e+06,5.352929170056257817e+02
4.657106831245293142e+05,5.249465364275761880e+06,5.352919170056258054e+02
4.657106831245293142e+05,5.249465364275761880e+06,5.352909170056257153e+02
4.657106831245293142e+05,5.249465364275761880e+06,5.352899170056257390e+02
4.657106831245293142e+05,5.249465364275761880e+06,5.352889170056257626e+02
4.657106831245293142e+05,5.249465364275761880e+06,5.352869170056258099e+02
4.657106831245293142e+05,5.249465364275761880e+06,5.352859170056258336e+02
4.657106831245293142e+05,5.249465364275761880e+06,5.352859170056258336e+02
4.657106831245293142e+05,5.249465364275761880e+06,5.352849170056258572e+02
4.657106831245293142e+05,5.249465364275761880e+06,5.352849170056258572e+02
4.657106831245293142e+05,5.249465364275761880e+06,5.352839170056257672e+02
4.657106831245293142e+05,5.249465364275761880e+06,5.352839170056257672e+02
4.657106831245293142e+05,5.249465364275761880e+06,5.352829170056257908e+02
4.657106831245293142e+05,5.249465364275761880e+06,5.352829170056257908e+02
4.657106831245293142e+05,5.249465364275761880e+06,5.352819170056257008e+02
4.657106831245293142e+05,5.249465364275761880e+06,5.352809170056257244e+02
4.657106831245293142e+05,5.249465364275761880e+06,5.352809170056257244e+02
4.657106831245293142e+05,5.249465364275761880e+06,5.352799170056257481e+02
4.657106831245293142e+05,5.249465364275761880e+06,5.352789170056257717e+02
4.657106831245293142e+05,5.249465364275761880e+06,5.352779170056257954e+02
4.657106831245293142e+05,5.249465364275761880e+06,5.352779170056257954e+02
4.657106831245293142e+05,5.249465364275761880e+06,5.352769170056258190e+02
4.657106831245293142e+05,5.249465364275761880e+06,5.352759170056258426e+02
4.657106831245293142e+05,5.249465364275761880e+06,5.352749170056257526e+02
4.657106755785941496e+05,5.249465364319813438e+06,5.352739171451084985e+02
4.657106755785941496e+05,5.249465364319813438e+06,5.352729171451085222e+02
4.657106755785941496e+05,5.249465364319813438e+06,5.352719171451085458e+02
4.657106755785941496e+05,5.249465364319813438e+06,5.352709171451085695e+02
4.657106755785941496e+05,5.249465364319813438e+06,5.352709171451085695e+02
4.657106755785941496e+05,5.249465364319813438e+06,5.352709171451085695e+02
4.657106755785941496e+05,5.249465364319813438e+06,5.352709171451085695e+02
4.657106755785941496e+05,5.249465364319813438e+06,5.352709171451085695e+02
4.657106755785941496e+05,5.249465364319813438e+06,5.352699171451084794e+02
4.657106755785941496e+05,5.249465364319813438e+06,5.352699171451084794e+02
4.657106755785941496e+05,5.249465364319813438e+06,5.352689171451085031e+02
4.657106755785941496e+05,5.249465364319813438e+06,5.352689171451085031e+02
4.657106755785941496e+05,5.249465364319813438e+06,5.352679171451085267e+02
4.657106755785941496e+05,5.249465364319813438e+06,5.352669171451085504e+02
4.657106755785941496e+05,5.249465364319813438e+06,5.352669171451085504e+02
4.657106755785941496e+05,5.249465364319813438e+06,5.352659171451085740e+02
4.657106755785941496e+05,5.249465364319813438e+06,5.352659171451085740e+02
4.657106755785941496e+05,5.249465364319813438e+06,5.352649171451084840e+02
4.657106755785941496e+05,5.249465364319813438e+06,5.352639171451085076e+02
4.657106755785941496e+05,5.249465364319813438e+06,5.352639171451085076e+02
4.657106755785941496e+05,5.249465364319813438e+06,5.352629171451085313e+02
4.657106755785941496e+05,5.249465364319813438e+06,5.352619171451085549e+02
4.657106755785941496e+05,5.249465364319813438e+06,5.352619171451085549e+02
4.657106755785941496e+05,5.249465364319813438e+06,5.352619171451085549e+02
4.657106755785941496e+05,5.249465364319813438e+06,5.352619171451085549e+02
4.657106755785941496e+05,5.249465364319813438e+06,5.352629171451085313e+02
4.657106755785941496e+05,5.249465364319813438e+06,5.352629171451085313e+02
4.657106755785941496e+05,5.249465364319813438e+06,5.352629171451085313e+02
4.657106755785941496e+05,5.249465364319813438e+06,5.352629171451085313e+02
4.657106755785941496e+05,5.249465364319813438e+06,5.352629171451085313e+02
4.657106755785941496e+05,5.249465364319813438e+06,5.352629171451085313e+02
4.657106755785941496e+05,5.249465364319813438e+06,5.352629171451085313e+02
4.657106680326588685e+05,5.249465364363865927e+06,5.352629172845912535e+02
4.657106680326588685e+05,5.249465364363865927e+06,5.352629172845912535e+02
4.657106680326588685e+05,5.249465364363865927e+06,5.352629172845912535e+02
4.657106680326588685e+05,5.249465364363865927e+06,5.352629172845912535e+02
4.657106680326588685e+05,5.249465364363865927e+06,5.352619172845912772e+02
4.657106680326588685e+05,5.249465364363865927e+06,5.352619172845912772e+02
4.657106680326588685e+05,5.249465364363865927e+06,5.352609172845913008e+02
4.657106680326588685e+05,5.249465364363865927e+06,5.352609172845913008e+02
4.657106680326588685e+05,5.249465364363865927e+06,5.352609172845913008e+02
4.657106680326588685e+05,5.249465364363865927e+06,5.352599172845912108e+02
4.657106680326588685e+05,5.249465364363865927e+06,5.352599172845912108e+02
4.657106680326588685e+05,5.249465364363865927e+06,5.352599172845912108e+02
4.657106680326588685e+05,5.249465364363865927e+06,5.352599172845912108e+02
4.657106680326588685e+05,5.249465364363865927e+06,5.352599172845912108e+02
4.657106680326588685e+05,5.249465364363865927e+06,5.352599172845912108e+02
4.657106680326588685e+05,5.249465364363865927e+06,5.352599172845912108e+02
4.657106680326588685e+05,5.249465364363865927e+06,5.352609172845913008e+02
4.657106680326588685e+05,5.249465364363865927e+06,5.352599172845912108e+02
4.657106680326588685e+05,5.249465364363865927e+06,5.352599172845912108e+02
4.657106680326588685e+05,5.249465364363865927e+06,5.352599172845912108e+02
4.657106680326588685e+05,5.249465364363865927e+06,5.352599172845912108e+02
4.657106680326588685e+05,5.249465364363865927e+06,5.352599172845912108e+02
4.657106680326588685e+05,5.249465364363865927e+06,5.352599172845912108e+02
4.657106680326588685e+05,5.249465364363865927e+06,5.352589172845912344e+02
4.657106680326588685e+05,5.249465364363865927e+06,5.352589172845912344e+02
4.657106680326588685e+05,5.249465364363865927e+06,5.352589172845912344e+02
4.657106680326588685e+05,5.249465364363865927e+06,5.352579172845912581e+02
4.657106680326588685e+05,5.249465364363865927e+06,5.352579172845912581e+02
4.657106680326588685e+05,5.249465364363865927e+06,5.352569172845912817e+02
4.657106680326588685e+05,5.249465364363865927e+06,5.352569172845912817e+02
4.657106604867237038e+05,5.249465364407917485e+06,5.352559174240740276e+02
4.657106604867237038e+05,5.249465364407917485e+06,5.352559174240740276e+02
4.657106680326588685e+05,5.249465364363865927e+06,5.352559172845913054e+02
4.657106680326588685e+05,5.249465364363865927e+06,5.352559172845913054e+02
4.657106680975368363e+05,5.249465375477249734e+06,5.352559173314328973e+02
4.657106680975368363e+05,5.249465375477249734e+06,5.352559173314328973e+02
4.657106680975368363e+05,5.249465375477249734e+06,5.352559173314328973e+02
4.657106680975368363e+05,5.249465375477249734e+06,5.352559173314328973e+02
4.657106680975368363e+05,5.249465375477249734e+06,5.352559173314328973e+02
4.657106680975368363e+05,5.249465375477249734e+06,5.352559173314328973e+02
4.657106680975368363e+05,5.249465375477249734e+06,5.352559173314328973e+02
4.657106680975368363e+05,5.249465375477249734e+06,5.352549173314328073e+02
4.657106680975368363e+05,5.249465375477249734e+06,5.352549173314328073e+02
4.657106680975368363e+05,5.249465375477249734e+06,5.352549173314328073e+02
4.657106680975368363e+05,5.249465375477249734e+06,5.352539173314328309e+02
4.657106680975368363e+05,5.249465375477249734e+06,5.352539173314328309e+02
4.657106680975368363e+05,5.249465375477249734e+06,5.352529173314328546e+02
4.657106680975368363e+05,5.249465375477249734e+06,5.352529173314328546e+02
4.657106680975368363e+05,5.249465375477249734e+06,5.352519173314328782e+02
4.657106680975368363e+05,5.249465375477249734e+06,5.352509173314327882e+02
4.657106680975368363e+05,5.249465375477249734e+06,5.352509173314327882e+02
4.657106680975368363e+05,5.249465375477249734e+06,5.352499173314328118e+02
4.657106680975368363e+05,5.249465375477249734e+06,5.352509173314327882e+02
4.657106680975368363e+05,5.249465375477249734e+06,5.352509173314327882e+02
4.657106680975368363e+05,5.249465375477249734e+06,5.352509173314327882e+02
4.657106680975368363e+05,5.249465375477249734e+06,5.352509173314327882e+02
4.657106680975368363e+05,5.249465375477249734e+06,5.352509173314327882e+02
4.657106680975368363e+05,5.249465375477249734e+06,5.352509173314327882e+02
4.657106680975368363e+05,5.249465375477249734e+06,5.352509173314327882e+02
4.657106680975368363e+05,5.249465375477249734e+06,5.352499173314328118e+02
4.657106680975368363e+05,5.249465375477249734e+06,5.352499173314328118e+02
4.657106680975368363e+05,5.249465375477249734e+06,5.352489173314328355e+02
4.657106680975368363e+05,5.249465375477249734e+06,5.352489173314328355e+02
4.657106680975368363e+05,5.249465375477249734e+06,5.352489173314328355e+02
4.657106680975368363e+05,5.249465375477249734e+06,5.352479173314328591e+02
4.657106680975368363e+05,5.249465375477249734e+06,5.352479173314328591e+02
4.657106680975368363e+05,5.249465375477249734e+06,5.352469173314328827e+02
4.657106680975368363e+05,5.249465375477249734e+06,5.352469173314328827e+02
4.657106680975368363e+05,5.249465375477249734e+06,5.352459173314327927e+02
4.657106680975368363e+05,5.249465375477249734e+06,5.352449173314328164e+02
4.657106680975368363e+05,5.249465375477249734e+06,5.352449173314328164e+02
4.657106680975368363e+05,5.249465375477249734e+06,5.352449173314328164e+02
4.657106680975368363e+05,5.249465375477249734e+06,5.352449173314328164e+02
4.657106680975368363e+05,5.249465375477249734e+06,5.352449173314328164e+02
4.657106680975368363e+05,5.249465375477249734e+06,5.352449173314328164e+02
4.657106680975368363e+05,5.249465375477249734e+06,5.352449173314328164e+02
4.657106680975368363e+05,5.249465375477249734e+06,5.352449173314328164e+02
4.657106680975368363e+05,5.249465375477249734e+06,5.352449173314328164e+02
4.657106680975368363e+05,5.249465375477249734e+06,5.352449173314328164e+02
4.657106680975368363e+05,5.249465375477249734e+06,5.352449173314328164e+02
4.657106680975368363e+05,5.249465375477249734e+06,5.352449173314328164e+02
4.657106680975368363e+05,5.249465375477249734e+06,5.352449173314328164e+02
4.657106680975368363e+05,5.249465375477249734e+06,5.352439173314328400e+02
4.657106680975368363e+05,5.249465375477249734e+06,5.352439173314328400e+02
4.657106680975368363e+05,5.249465375477249734e+06,5.352439173314328400e+02
4.657106680975368363e+05,5.249465375477249734e+06,5.352439173314328400e+02
4.657106680975368363e+05,5.249465375477249734e+06,5.352429173314328636e+02
4.657106680975368363e+05,5.249465375477249734e+06,5.352429173314328636e+02
4.657106680975368363e+05,5.249465375477249734e+06,5.352429173314328636e+02
4.657106680975368363e+05,5.249465375477249734e+06,5.352419173314328873e+02
4.657106680975368363e+05,5.249465375477249734e+06,5.352419173314328873e+02
4.657106680975368363e+05,5.249465375477249734e+06,5.352419173314328873e+02
4.657106680975368363e+05,5.249465375477249734e+06,5.352429173314328636e+02
4.657106680975368363e+05,5.249465375477249734e+06,5.352429173314328636e+02
4.657106680975368363e+05,5.249465375477249734e+06,5.352429173314328636e+02
4.657106680975368363e+05,5.249465375477249734e+06,5.352439173314328400e+02
4.657106680975368363e+05,5.249465375477249734e+06,5.352439173314328400e+02
4.657106680975368363e+05,5.249465375477249734e+06,5.352439173314328400e+02
4.657106756434720592e+05,5.249465375433197245e+06,5.352439171919501177e+02
4.657106756434720592e+05,5.249465375433197245e+06,5.352439171919501177e+02
4.657106756434720592e+05,5.249465375433197245e+06,5.352439171919501177e+02
4.657106756434720592e+05,5.249465375433197245e+06,5.352439171919501177e+02
4.657106756434720592e+05,5.249465375433197245e+06,5.352439171919501177e+02
4.657106756434720592e+05,5.249465375433197245e+06,5.352439171919501177e+02
4.657106756434720592e+05,5.249465375433197245e+06,5.352429171919500277e+02
4.657106680975368363e+05,5.249465375477249734e+06,5.352429173314328636e+02
4.657106680975368363e+05,5.249465375477249734e+06,5.352429173314328636e+02
4.657106680975368363e+05,5.249465375477249734e+06,5.352419173314328873e+02
4.657106680975368363e+05,5.249465375477249734e+06,5.352419173314328873e+02
4.657106680975368363e+05,5.249465375477249734e+06,5.352419173314328873e+02
4.657106680975368363e+05,5.249465375477249734e+06,5.352409173314327973e+02
4.657106680975368363e+05,5.249465375477249734e+06,5.352409173314327973e+02
4.657106680975368363e+05,5.249465375477249734e+06,5.352409173314327973e+02
4.657106680975368363e+05,5.249465375477249734e+06,5.352409173314327973e+02
4.657106756434720592e+05,5.249465375433197245e+06,5.352419171919500513e+02
4.657106756434720592e+05,5.249465375433197245e+06,5.352419171919500513e+02
4.657106756434720592e+05,5.249465375433197245e+06,5.352419171919500513e+02
4.657106756434720592e+05,5.249465375433197245e+06,5.352419171919500513e+02
4.657106756434720592e+05,5.249465375433197245e+06,5.352419171919500513e+02
4.657106756434720592e+05,5.249465375433197245e+06,5.352419171919500513e+02
4.657106755785941496e+05,5.249465364319813438e+06,5.352419171451085731e+02
4.657106755785941496e+05,5.249465364319813438e+06,5.352409171451084831e+02
4.657106755785941496e+05,5.249465364319813438e+06,5.352409171451084831e+02
4.657106755785941496e+05,5.249465364319813438e+06,5.352409171451084831e+02
4.657106755785941496e+05,5.249465364319813438e+06,5.352409171451084831e+02
4.657106755785941496e+05,5.249465364319813438e+06,5.352409171451084831e+02
4.657106755785941496e+05,5.249465364319813438e+06,5.352399171451085067e+02
4.657106755785941496e+05,5.249465364319813438e+06,5.352399171451085067e+02
4.657106755785941496e+05,5.249465364319813438e+06,5.352399171451085067e+02
4.657106755785941496e+05,5.249465364319813438e+06,5.352389171451085303e+02
4.657106680326588685e+05,5.249465364363865927e+06,5.352389172845912526e+02
4.657106755785941496e+05,5.249465364319813438e+06,5.352389171451085303e+02
4.657106755785941496e+05,5.249465364319813438e+06,5.352379171451085540e+02
4.657106755785941496e+05,5.249465364319813438e+06,5.352379171451085540e+02
4.657106755785941496e+05,5.249465364319813438e+06,5.352379171451085540e+02
4.657106755785941496e+05,5.249465364319813438e+06,5.352369171451085776e+02
4.657106755785941496e+05,5.249465364319813438e+06,5.352369171451085776e+02
4.657106755785941496e+05,5.249465364319813438e+06,5.352359171451084876e+02
4.657106755785941496e+05,5.249465364319813438e+06,5.352359171451084876e+02
4.657106755785941496e+05,5.249465364319813438e+06,5.352349171451085112e+02
4.657106755785941496e+05,5.249465364319813438e+06,5.352349171451085112e+02
4.657106755785941496e+05,5.249465364319813438e+06,5.352349171451085112e+02
4.657106755785941496e+05,5.249465364319813438e+06,5.352339171451085349e+02
4.657106755785941496e+05,5.249465364319813438e+06,5.352339171451085349e+02
4.657106755785941496e+05,5.249465364319813438e+06,5.352339171451085349e+02
4.657106755785941496e+05,5.249465364319813438e+06,5.352329171451085585e+02
4.657106755785941496e+05,5.249465364319813438e+06,5.352329171451085585e+02
4.657106755785941496e+05,5.249465364319813438e+06,5.352319171451085822e+02
4.657106755785941496e+05,5.249465364319813438e+06,5.352319171451085822e+02
4.657106755785941496e+05,5.249465364319813438e+06,5.352319171451085822e+02
4.657106755785941496e+05,5.249465364319813438e+06,5.352309171451084922e+02
4.657106755785941496e+05,5.249465364319813438e+06,5.352309171451084922e+02
4.657106755785941496e+05,5.249465364319813438e+06,5.352319171451085822e+02
4.657106831245293142e+05,5.249465364275761880e+06,5.352319170056257462e+02
4.657106831245293142e+05,5.249465364275761880e+06,5.352329170056257226e+02
4.657106831245293142e+05,5.249465364275761880e+06,5.352329170056257226e+02
4.657106831245293142e+05,5.249465364275761880e+06,5.352329170056257226e+02
4.657106831245293142e+05,5.249465364275761880e+06,5.352339170056256989e+02
4.657106831245293142e+05,5.249465364275761880e+06,5.352339170056256989e+02
4.657106831245293142e+05,5.249465364275761880e+06,5.352339170056256989e+02
4.657106831245293142e+05,5.249465364275761880e+06,5.352339170056256989e+02
4.657106831245293142e+05,5.249465364275761880e+06,5.352339170056256989e+02
4.657106831245293142e+05,5.249465364275761880e+06,5.352349170056257890e+02
4.657106831245293142e+05,5.249465364275761880e+06,5.352339170056256989e+02
4.657106831245293142e+05,5.249465364275761880e+06,5.352339170056256989e+02
4.657106831245293142e+05,5.249465364275761880e+06,5.352339170056256989e+02
4.657106831245293142e+05,5.249465364275761880e+06,5.352339170056256989e+02
4.657106831245293142e+05,5.249465364275761880e+06,5.352339170056256989e+02
4.657106831245293142e+05,5.249465364275761880e+06,5.352339170056256989e+02
4.657106831245293142e+05,5.249465364275761880e+06,5.352339170056256989e+02
4.657106831245293142e+05,5.249465364275761880e+06,5.352329170056257226e+02
4.657106831245293142e+05,5.249465364275761880e+06,5.352329170056257226e+02
4.657106831245293142e+05,5.249465364275761880e+06,5.352339170056256989e+02
4.657106831245293142e+05,5.249465364275761880e+06,5.352349170056257890e+02
4.657106831245293142e+05,5.249465364275761880e+06,5.352349170056257890e+02
4.657106831245293142e+05,5.249465364275761880e+06,5.352359170056257653e+02
4.657106831245293142e+05,5.249465364275761880e+06,5.352359170056257653e+02
4.657106831245293142e+05,5.249465364275761880e+06,5.352359170056257653e+02
4.657106906704644789e+05,5.249465364231709391e+06,5.352369168661430194e+02
4.657106906704644789e+05,5.249465364231709391e+06,5.352369168661430194e+02
4.657106906704644789e+05,5.249465364231709391e+06,5.352369168661430194e+02
4.657106906704644789e+05,5.249465364231709391e+06,5.352379168661429958e+02
4.657106906704644789e+05,5.249465364231709391e+06,5.352379168661429958e+02
4.657106906704644789e+05,5.249465364231709391e+06,5.352379168661429958e+02
4.657106906704644789e+05,5.249465364231709391e+06,5.352379168661429958e+02
4.657106906704644789e+05,5.249465364231709391e+06,5.352389168661429721e+02
4.657106906704644789e+05,5.249465364231709391e+06,5.352389168661429721e+02
4.657106906704644789e+05,5.249465364231709391e+06,5.352389168661429721e+02
4.657106906704644789e+05,5.249465364231709391e+06,5.352389168661429721e+02
4.657106906704644789e+05,5.249465364231709391e+06,5.352389168661429721e+02
4.657106906704644789e+05,5.249465364231709391e+06,5.352389168661429721e+02
4.657106906704644789e+05,5.249465364231709391e+06,5.352389168661429721e+02
4.657106906704644789e+05,5.249465364231709391e+06,5.352389168661429721e+02
4.657106906704644789e+05,5.249465364231709391e+06,5.352389168661429721e+02
4.657106906704644789e+05,5.249465364231709391e+06,5.352389168661429721e+02
4.657106906704644789e+05,5.249465364231709391e+06,5.352389168661429721e+02
4.657106906704644789e+05,5.249465364231709391e+06,5.352389168661429721e+02
4.657106906704644789e+05,5.249465364231709391e+06,5.352389168661429721e+02
4.657106906704644789e+05,5.249465364231709391e+06,5.352389168661429721e+02
4.657106906704644789e+05,5.249465364231709391e+06,5.352389168661429721e+02
4.657106982163997600e+05,5.249465364187658764e+06,5.352379167266602735e+02
4.657106982163997600e+05,5.249465364187658764e+06,5.352389167266602499e+02
4.657106982163997600e+05,5.249465364187658764e+06,5.352389167266602499e+02
4.657106982163997600e+05,5.249465364187658764e+06,5.352389167266602499e+02
4.657106982163997600e+05,5.249465364187658764e+06,5.352399167266602262e+02
4.657106982163997600e+05,5.249465364187658764e+06,5.352409167266602026e+02
4.657106982163997600e+05,5.249465364187658764e+06,5.352419167266602926e+02
4.657106982163997600e+05,5.249465364187658764e+06,5.352439167266602453e+02
4.657106982163997600e+05,5.249465364187658764e+06,5.352469167266602881e+02
4.657106982163997600e+05,5.249465364187658764e+06,5.352499167266602171e+02
4.657106982163997600e+05,5.249465364187658764e+06,5.352539167266602362e+02
4.657106982163997600e+05,5.249465364187658764e+06,5.352589167266602317e+02
4.657106982163997600e+05,5.249465364187658764e+06,5.352649167266602035e+02
4.657106982163997600e+05,5.249465364187658764e+06,5.352719167266602653e+02
4.657106982163997600e+05,5.249465364187658764e+06,5.352799167266603035e+02
4.657106982163997600e+05,5.249465364187658764e+06,5.352889167266602044e+02
4.657106982163997600e+05,5.249465364187658764e+06,5.352979167266602190e+02
4.657106982163997600e+05,5.249465364187658764e+06,5.353079167266602099e+02
4.657106982163997600e+05,5.249465364187658764e+06,5.353189167266602908e+02
4.657106982163997600e+05,5.249465364187658764e+06,5.353319167266602108e+02
4.657106982163997600e+05,5.249465364187658764e+06,5.353449167266602444e+02
4.657106906704644789e+05,5.249465364231709391e+06,5.353579168661430003e+02
4.657106906704644789e+05,5.249465364231709391e+06,5.353729168661429867e+02
4.657106906704644789e+05,5.249465364231709391e+06,5.353889168661430631e+02
4.657106906704644789e+05,5.249465364231709391e+06,5.354059168661430022e+02
4.657106906704644789e+05,5.249465364231709391e+06,5.354229168661429412e+02
4.657106906704644789e+05,5.249465364231709391e+06,5.354419168661429467e+02
4.657106906704644789e+05,5.249465364231709391e+06,5.354609168661429521e+02
4.657106906704644789e+05,5.249465364231709391e+06,5.354819168661430240e+02
4.657106906704644789e+05,5.249465364231709391e+06,5.355029168661429821e+02
4.657106906704644789e+05,5.249465364231709391e+06,5.355249168661430303e+02
4.657106906704644789e+05,5.249465364231709391e+06,5.355489168661429176e+02
4.657106831245293142e+05,5.249465364275761880e+06,5.355739170056258445e+02
4.657106831245293142e+05,5.249465364275761880e+06,5.355989170056257080e+02
4.657106831245293142e+05,5.249465364275761880e+06,5.356259170056257517e+02
4.657106831245293142e+05,5.249465364275761880e+06,5.356539170056257717e+02
4.657106831245293142e+05,5.249465364275761880e+06,5.356819170056257917e+02
4.657106831245293142e+05,5.249465364275761880e+06,5.357119170056257644e+02
4.657106831245293142e+05,5.249465364275761880e+06,5.357419170056257371e+02
4.657106831245293142e+05,5.249465364275761880e+06,5.357729170056257999e+02
4.657106831245293142e+05,5.249465364275761880e+06,5.358059170056258154e+02
4.657106831245293142e+05,5.249465364275761880e+06,5.358389170056257171e+02
4.657106831245293142e+05,5.249465364275761880e+06,5.358729170056258226e+02
4.657106831245293142e+05,5.249465364275761880e+06,5.359069170056257008e+02
4.657106831245293142e+05,5.249465364275761880e+06,5.359429170056257590e+02
4.657106831245293142e+05,5.249465364275761880e+06,5.359799170056257935e+02
4.657106831245293142e+05,5.249465364275761880e+06,5.360169170056258281e+02
4.657106831245293142e+05,5.249465364275761880e+06,5.360549170056258390e+02
4.657106831245293142e+05,5.249465364275761880e+06,5.360929170056258499e+02
4.657106831245293142e+05,5.249465364275761880e+06,5.361319170056258372e+02
4.657106831245293142e+05,5.249465364275761880e+06,5.361719170056258008e+02
4.657106755785941496e+05,5.249465364319813438e+06,5.362109171451085103e+02
4.657106755785941496e+05,5.249465364319813438e+06,5.362509171451084740e+02
4.657106755785941496e+05,5.249465364319813438e+06,5.362909171451085513e+02
4.657106755785941496e+05,5.249465364319813438e+06,5.363319171451084912e+02
4.657106755785941496e+05,5.249465364319813438e+06,5.363729171451085449e+02
4.657106680326588685e+05,5.249465364363865927e+06,5.364139172845912071e+02
4.657106680326588685e+05,5.249465364363865927e+06,5.364559172845912371e+02
4.657106680326588685e+05,5.249465364363865927e+06,5.364969172845912908e+02
4.657106680326588685e+05,5.249465364363865927e+06,5.365389172845912071e+02
4.657106604867237038e+05,5.249465364407917485e+06,5.365819174240739358e+02
4.657106604867237038e+05,5.249465364407917485e+06,5.366239174240740795e+02
4.657106604867237038e+05,5.249465364407917485e+06,5.366669174240739721e+02
4.657106604867237038e+05,5.249465364407917485e+06,5.367099174240739785e+02
4.657106604867237038e+05,5.249465364407917485e+06,5.367529174240739849e+02
4.657106530056665652e+05,5.249465375565353781e+06,5.367969176103983955e+02
4.657106530056665652e+05,5.249465375565353781e+06,5.368409176103983782e+02
4.657106530056665652e+05,5.249465375565353781e+06,5.368849176103983609e+02
4.657106530056665652e+05,5.249465375565353781e+06,5.369289176103984573e+02
4.657106530056665652e+05,5.249465375565353781e+06,5.369729176103984400e+02
4.657106530056665652e+05,5.249465375565353781e+06,5.370179176103983991e+02
4.657106454597312841e+05,5.249465375609405339e+06,5.370619177498811041e+02
4.657106454597312841e+05,5.249465375609405339e+06,5.371059177498812005e+02
4.657106454597312841e+05,5.249465375609405339e+06,5.371499177498810695e+02
4.657106454597312841e+05,5.249465375609405339e+06,5.371939177498811659e+02
4.657106379137961194e+05,5.249465375653457828e+06,5.372389178893638473e+02
4.657106379137961194e+05,5.249465375653457828e+06,5.372839178893639200e+02
4.657106379137961194e+05,5.249465375653457828e+06,5.373289178893639928e+02
4.657106379137961194e+05,5.249465375653457828e+06,5.373739178893639519e+02
4.657106379137961194e+05,5.249465375653457828e+06,5.374199178893638873e+02
4.657106303678608383e+05,5.249465375697508454e+06,5.374659180288467724e+02
4.657106303678608383e+05,5.249465375697508454e+06,5.375119180288467078e+02
4.657106303678608383e+05,5.249465375697508454e+06,5.375569180288466669e+02
4.657106303678608383e+05,5.249465375697508454e+06,5.376029180288467160e+02
4.657106303678608383e+05,5.249465375697508454e+06,5.376489180288467651e+02
4.657106303678608383e+05,5.249465375697508454e+06,5.376949180288467005e+02
4.657106228219256736e+05,5.249465375741560943e+06,5.377399181683294955e+02
4.657106228219256736e+05,5.249465375741560943e+06,5.377849181683294546e+02
4.657106228219256736e+05,5.249465375741560943e+06,5.378299181683294137e+02
4.657106228219256736e+05,5.249465375741560943e+06,5.378739181683295101e+02
4.657106228219256736e+05,5.249465375741560943e+06,5.379169181683294028e+02
4.657106228219256736e+05,5.249465375741560943e+06,5.379599181683294091e+02
4.657106228219256736e+05,5.249465375741560943e+06,5.380029181683294155e+02
4.657106228219256736e+05,5.249465375741560943e+06,5.380449181683294455e+02
4.657106228219256736e+05,5.249465375741560943e+06,5.380859181683294992e+02
4.657106228219256736e+05,5.249465375741560943e+06,5.381269181683294391e+02
4.657106228219256736e+05,5.249465375741560943e+06,5.381669181683294028e+02
4.657106152759905672e+05,5.249465375785612501e+06,5.382059183078122260e+02
4.657106152759905672e+05,5.249465375785612501e+06,5.382449183078122132e+02
4.657106152759905672e+05,5.249465375785612501e+06,5.382829183078122242e+02
4.657106152759905672e+05,5.249465375785612501e+06,5.383209183078122351e+02
4.657106152759905672e+05,5.249465375785612501e+06,5.383579183078122696e+02
4.657106152759905672e+05,5.249465375785612501e+06,5.383939183078122142e+02
4.657106152759905672e+05,5.249465375785612501e+06,5.384289183078121823e+02
4.657106152759905672e+05,5.249465375785612501e+06,5.384639183078122642e+02
4.657106152759905672e+05,5.249465375785612501e+06,5.384979183078121423e+02
4.657106152759905672e+05,5.249465375785612501e+06,5.385309183078122715e+02
4.657106152759905672e+05,5.249465375785612501e+06,5.385639183078121732e+02
4.657106152759905672e+05,5.249465375785612501e+06,5.385959183078122123e+02
4.657106152759905672e+05,5.249465375785612501e+06,5.386279183078122514e+02
4.657106152759905672e+05,5.249465375785612501e+06,5.386589183078122005e+02
4.657106152759905672e+05,5.249465375785612501e+06,5.386889183078121732e+02
4.657106152759905672e+05,5.249465375785612501e+06,5.387179183078121696e+02
4.657106152759905672e+05,5.249465375785612501e+06,5.387469183078121659e+02
4.657106152759905672e+05,5.249465375785612501e+06,5.387749183078121860e+02
4.657106152759905672e+05,5.249465375785612501e+06,5.388029183078122060e+02
4.657106152759905672e+05,5.249465375785612501e+06,5.388299183078122496e+02
4.657106152759905672e+05,5.249465375785612501e+06,5.388559183078122032e+02
4.657106228219256736e+05,5.249465375741560943e+06,5.388819181683294346e+02
4.657106228219256736e+05,5.249465375741560943e+06,5.389079181683293882e+02
4.657106228219256736e+05,5.249465375741560943e+06,5.389319181683295028e+02
4.657106228219256736e+05,5.249465375741560943e+06,5.389569181683293664e+02
4.657106228219256736e+05,5.249465375741560943e+06,5.389799181683295046e+02
4.657106228219256736e+05,5.249465375741560943e+06,5.390039181683293918e+02
4.657106228219256736e+05,5.249465375741560943e+06,5.390259181683294401e+02
4.657106228219256736e+05,5.249465375741560943e+06,5.390479181683294883e+02
4.657106228219256736e+05,5.249465375741560943e+06,5.390699181683294228e+02
4.657106228219256736e+05,5.249465375741560943e+06,5.390919181683293573e+02
4.657106228219256736e+05,5.249465375741560943e+06,5.391129181683294291e+02
4.657106228219256736e+05,5.249465375741560943e+06,5.391329181683294109e+02
4.657106228219256736e+05,5.249465375741560943e+06,5.391529181683295064e+02
4.657106228219256736e+05,5.249465375741560943e+06,5.391729181683294883e+02
4.657106228219256736e+05,5.249465375741560943e+06,5.391919181683294937e+02
4.657106228219256736e+05,5.249465375741560943e+06,5.392109181683294992e+02
4.657106228219256736e+05,5.249465375741560943e+06,5.392289181683294146e+02
4.657106228219256736e+05,5.249465375741560943e+06,5.392469181683294437e+02
4.657106228219256736e+05,5.249465375741560943e+06,5.392649181683293591e+02
4.657106228219256736e+05,5.249465375741560943e+06,5.392829181683293882e+02
4.657106228219256736e+05,5.249465375741560943e+06,5.392999181683294410e+02
4.657106228219256736e+05,5.249465375741560943e+06,5.393169181683294937e+02
4.657106228219256736e+05,5.249465375741560943e+06,5.393329181683294564e+02
4.657106228219256736e+05,5.249465375741560943e+06,5.393489181683294191e+02
4.657106228219256736e+05,5.249465375741560943e+06,5.393649181683294955e+02
4.657106228219256736e+05,5.249465375741560943e+06,5.393799181683293682e+02
4.657106303678608383e+05,5.249465375697508454e+06,5.393949180288466323e+02
4.657106303678608383e+05,5.249465375697508454e+06,5.394089180288467560e+02
4.657106303678608383e+05,5.249465375697508454e+06,5.394239180288466287e+02
4.657106303678608383e+05,5.249465375697508454e+06,5.394379180288467523e+02
4.657106303678608383e+05,5.249465375697508454e+06,5.394519180288466487e+02
4.657106303678608383e+05,5.249465375697508454e+06,5.394649180288467960e+02
4.657106303678608383e+05,5.249465375697508454e+06,5.394789180288466923e+02
4.657106303678608383e+05,5.249465375697508454e+06,5.394909180288466359e+02
4.657106303678608383e+05,5.249465375697508454e+06,5.395039180288467833e+02
4.657106303678608383e+05,5.249465375697508454e+06,5.395159180288467269e+02
4.657106303678608383e+05,5.249465375697508454e+06,5.395279180288466705e+02
4.657106303678608383e+05,5.249465375697508454e+06,5.395389180288466378e+02
4.657106303678608383e+05,5.249465375697508454e+06,5.395509180288466951e+02
4.657106303678608383e+05,5.249465375697508454e+06,5.395629180288467523e+02
4.657106303678608383e+05,5.249465375697508454e+06,5.395739180288467196e+02
4.657106303678608383e+05,5.249465375697508454e+06,5.395859180288466632e+02
4.657106379137961194e+05,5.249465375653457828e+06,5.395969178893639082e+02
4.657106379137961194e+05,5.249465375653457828e+06,5.396079178893639892e+02
4.657106379137961194e+05,5.249465375653457828e+06,5.396189178893639564e+02
4.657106379137961194e+05,5.249465375653457828e+06,5.396299178893639237e+02
4.657106379137961194e+05,5.249465375653457828e+06,5.396409178893638909e+02
4.657106379137961194e+05,5.249465375653457828e+06,5.396519178893638582e+02
4.657106379137961194e+05,5.249465375653457828e+06,5.396619178893638491e+02
4.657106379137961194e+05,5.249465375653457828e+06,5.396719178893639537e+02
4.657106379137961194e+05,5.249465375653457828e+06,5.396829178893639209e+02
4.657106379137961194e+05,5.249465375653457828e+06,5.396929178893639119e+02
4.657106379137961194e+05,5.249465375653457828e+06,5.397029178893640164e+02
4.657106379137961194e+05,5.249465375653457828e+06,5.397119178893639173e+02
4.657106379786741454e+05,5.249465386766841635e+06,5.397219179362057275e+02
4.657106379786741454e+05,5.249465386766841635e+06,5.397309179362057421e+02
4.657106379786741454e+05,5.249465386766841635e+06,5.397399179362057566e+02
4.657106379786741454e+05,5.249465386766841635e+06,5.397489179362057712e+02
4.657106379786741454e+05,5.249465386766841635e+06,5.397579179362057857e+02
4.657106379786741454e+05,5.249465386766841635e+06,5.397669179362058003e+02
4.657106379786741454e+05,5.249465386766841635e+06,5.397749179362057248e+02
4.657106455246093101e+05,5.249465386722789146e+06,5.397839177967230171e+02
4.657106455246093101e+05,5.249465386722789146e+06,5.397919177967230553e+02
4.657106455246093101e+05,5.249465386722789146e+06,5.397999177967229798e+02
4.657106455246093101e+05,5.249465386722789146e+06,5.398079177967230180e+02
4.657106455246093101e+05,5.249465386722789146e+06,5.398159177967230562e+02
4.657106455246093101e+05,5.249465386722789146e+06,5.398239177967229807e+02
4.657106455246093101e+05,5.249465386722789146e+06,5.398319177967230189e+02
4.657106455246093101e+05,5.249465386722789146e+06,5.398389177967229671e+02
4.657106455246093101e+05,5.249465386722789146e+06,5.398469177967230053e+02
4.657106455246093101e+05,5.249465386722789146e+06,5.398539177967229534e+02
4.657106455246093101e+05,5.249465386722789146e+06,5.398609177967230153e+02
4.657106455246093101e+05,5.249465386722789146e+06,5.398689177967230535e+02
4.657106455246093101e+05,5.249465386722789146e+06,5.398749177967230253e+02
4.657106455246093101e+05,5.249465386722789146e+06,5.398809177967229971e+02
4.657106455246093101e+05,5.249465386722789146e+06,5.398869177967229689e+02
4.657106455246093101e+05,5.249465386722789146e+06,5.398929177967230544e+02
4.657106455246093101e+05,5.249465386722789146e+06,5.398989177967230262e+02
4.657106455246093101e+05,5.249465386722789146e+06,5.399049177967229980e+02
4.657106455246093101e+05,5.249465386722789146e+06,5.399109177967229698e+02
4.657106455246093101e+05,5.249465386722789146e+06,5.399159177967229652e+02
4.657106455246093101e+05,5.249465386722789146e+06,5.399219177967230507e+02
4.657106455246093101e+05,5.249465386722789146e+06,5.399279177967230225e+02
4.657106455246093101e+05,5.249465386722789146e+06,5.399329177967230180e+02
4.657106455246093101e+05,5.249465386722789146e+06,5.399389177967229898e+02
4.657106455246093101e+05,5.249465386722789146e+06,5.399439177967229853e+02
4.657106455246093101e+05,5.249465386722789146e+06,5.399499177967229571e+02
4.657106455246093101e+05,5.249465386722789146e+06,5.399549177967229525e+02
4.657106455246093101e+05,5.249465386722789146e+06,5.399599177967229480e+02
4.657106455246093101e+05,5.249465386722789146e+06,5.399659177967230335e+02
4.657106455246093101e+05,5.249465386722789146e+06,5.399709177967230289e+02
4.657106455246093101e+05,5.249465386722789146e+06,5.399759177967230244e+02
4.657106455246093101e+05,5.249465386722789146e+06,5.399809177967230198e+02
4.657106455246093101e+05,5.249465386722789146e+06,5.399849177967230389e+02
4.657106455246093101e+05,5.249465386722789146e+06,5.399889177967229443e+02
4.657106455246093101e+05,5.249465386722789146e+06,5.399919177967229871e+02
4.657106455246093101e+05,5.249465386722789146e+06,5.399959177967230062e+02
4.657106455246093101e+05,5.249465386722789146e+06,5.399999177967230253e+02
4.657106455246093101e+05,5.249465386722789146e+06,5.400039177967230444e+02
4.657106455246093101e+05,5.249465386722789146e+06,5.400069177967229734e+02
4.657106455246093101e+05,5.249465386722789146e+06,5.400109177967229925e+02
4.657106455246093101e+05,5.249465386722789146e+06,5.400149177967230116e+02
4.657106455246093101e+05,5.249465386722789146e+06,5.400179177967230544e+02
4.657106455246093101e+05,5.249465386722789146e+06,5.400219177967229598e+02
4.657106455246093101e+05,5.249465386722789146e+06,5.400259177967229789e+02
4.657106455246093101e+05,5.249465386722789146e+06,5.400289177967230216e+02
4.657106455246093101e+05,5.249465386722789146e+06,5.400329177967230407e+02
4.657106455246093101e+05,5.249465386722789146e+06,5.400369177967229462e+02
4.657106455246093101e+05,5.249465386722789146e+06,5.400399177967229889e+02
4.657106455246093101e+05,5.249465386722789146e+06,5.400439177967230080e+02
4.657106455246093101e+05,5.249465386722789146e+06,5.400469177967230507e+02
4.657106455246093101e+05,5.249465386722789146e+06,5.400509177967229562e+02
4.657106530705445330e+05,5.249465386678737588e+06,5.400539176572401630e+02
4.657106530705445330e+05,5.249465386678737588e+06,5.400569176572402057e+02
4.657106530705445330e+05,5.249465386678737588e+06,5.400599176572402484e+02
4.657106455246093101e+05,5.249465386722789146e+06,5.400619177967230371e+02
4.657106455246093101e+05,5.249465386722789146e+06,5.400639177967229898e+02
4.657106455246093101e+05,5.249465386722789146e+06,5.400669177967230326e+02
4.657106455246093101e+05,5.249465386722789146e+06,5.400689177967229853e+02
4.657106455246093101e+05,5.249465386722789146e+06,5.400719177967230280e+02
4.657106455246093101e+05,5.249465386722789146e+06,5.400739177967229807e+02
4.657106530056665652e+05,5.249465375565353781e+06,5.400769176103983682e+02
4.657106530056665652e+05,5.249465375565353781e+06,5.400789176103984346e+02
4.657106530056665652e+05,5.249465375565353781e+06,5.400819176103983636e+02
4.657106530056665652e+05,5.249465375565353781e+06,5.400849176103984064e+02
4.657106530056665652e+05,5.249465375565353781e+06,5.400869176103983591e+02
4.657106530056665652e+05,5.249465375565353781e+06,5.400899176103984018e+02
4.657106530056665652e+05,5.249465375565353781e+06,5.400919176103983546e+02
4.657106530056665652e+05,5.249465375565353781e+06,5.400949176103983973e+02
4.657106530056665652e+05,5.249465375565353781e+06,5.400979176103984400e+02
4.657106530056665652e+05,5.249465375565353781e+06,5.400999176103983928e+02
4.657106530056665652e+05,5.249465375565353781e+06,5.401029176103984355e+02
4.657106530056665652e+05,5.249465375565353781e+06,5.401059176103983646e+02
4.657106530056665652e+05,5.249465375565353781e+06,5.401079176103984310e+02
4.657106530056665652e+05,5.249465375565353781e+06,5.401099176103983837e+02
4.657106530056665652e+05,5.249465375565353781e+06,5.401129176103984264e+02
4.657106530056665652e+05,5.249465375565353781e+06,5.401149176103983791e+02
4.657106530056665652e+05,5.249465375565353781e+06,5.401169176103984455e+02
4.657106530056665652e+05,5.249465375565353781e+06,5.401199176103983746e+02
4.657106530056665652e+05,5.249465375565353781e+06,5.401219176103984410e+02
4.657106530056665652e+05,5.249465375565353781e+06,5.401249176103983700e+02
4.657106530056665652e+05,5.249465375565353781e+06,5.401269176103984364e+02
4.657106530056665652e+05,5.249465375565353781e+06,5.401299176103983655e+02
4.657106530056665652e+05,5.249465375565353781e+06,5.401319176103984319e+02
4.657106530056665652e+05,5.249465375565353781e+06,5.401349176103983609e+02
4.657106530056665652e+05,5.249465375565353781e+06,5.401369176103984273e+02
4.657106530056665652e+05,5.249465375565353781e+06,5.401389176103983800e+02
4.657106530056665652e+05,5.249465375565353781e+06,5.401409176103984464e+02
4.657106530056665652e+05,5.249465375565353781e+06,5.401409176103984464e+02
4.657106530056665652e+05,5.249465375565353781e+06,5.401399176103983564e+02
4.657106605516016716e+05,5.249465375521301292e+06,5.401389174709156578e+02
4.657106605516016716e+05,5.249465375521301292e+06,5.401399174709156341e+02
4.657106606164796976e+05,5.249465386634685099e+06,5.401439175177574725e+02
4.657106681624148041e+05,5.249465386590633541e+06,5.401479173782746557e+02
4.657106757083500852e+05,5.249465386546581052e+06,5.401539172387917915e+02
4.657106833191631595e+05,5.249465397615911439e+06,5.401609171461509504e+02
4.657106984759114566e+05,5.249465408641193993e+06,5.401689169140271360e+02
4.657107060867244145e+05,5.249465419710525312e+06,5.401769168213864987e+02
4.657107287894077017e+05,5.249465430691753514e+06,5.401859164497799384e+02
4.657107440110336756e+05,5.249465452830417082e+06,5.401949162644988292e+02
4.657107667137167300e+05,5.249465463811646216e+06,5.402049158928924726e+02
4.657107894812775194e+05,5.249465485906258225e+06,5.402139155681288685e+02
4.657108197947730077e+05,5.249465507956820540e+06,5.402229151038824284e+02
4.657108426272111246e+05,5.249465541164815426e+06,5.402319148259626900e+02
4.657108729407061473e+05,5.249465563215375878e+06,5.402399143617169557e+02
4.657109108650135458e+05,5.249465596335269511e+06,5.402469138048320474e+02
4.657109411785081611e+05,5.249465618385830894e+06,5.402539133405867915e+02
4.657109791028146283e+05,5.249465651505724527e+06,5.402599127837027027e+02
4.657110170919981902e+05,5.249465695739002898e+06,5.402649122736643221e+02
4.657110550163040170e+05,5.249465728858896531e+06,5.402699117167818486e+02
4.657111004865439027e+05,5.249465761934741400e+06,5.402739110204163353e+02
4.657111384757257183e+05,5.249465806168019772e+06,5.402769105103811853e+02
4.657111840108415927e+05,5.249465850357246585e+06,5.402799098608635404e+02
4.657112294810799649e+05,5.249465883433091454e+06,5.402819091644998934e+02
4.657112750161945005e+05,5.249465927622319199e+06,5.402829085149842285e+02
4.657113206161852577e+05,5.249465982924933545e+06,5.402839079123178863e+02
4.657113736972327461e+05,5.249466027070110664e+06,5.402839071233206596e+02
4.657114192323450698e+05,5.249466071259338409e+06,5.402839064738089974e+02
4.657114723133910447e+05,5.249466115404519252e+06,5.402829056848139544e+02
4.657115254593126010e+05,5.249466170663082972e+06,5.402829049426700294e+02
4.657115786052331678e+05,5.249466225921645761e+06,5.402809042005280844e+02
4.657116316862765234e+05,5.249466270066826604e+06,5.402799034115369068e+02
4.657116848321951693e+05,5.249466325325391255e+06,5.402789026693984624e+02
4.657117379781127675e+05,5.249466380583956838e+06,5.402769019272622018e+02
4.657117911240294925e+05,5.249466435842521489e+06,5.402749011851278738e+02
4.657118518158790539e+05,5.249466491057039239e+06,5.402719003035100513e+02
4.657119049617936253e+05,5.249466546315605752e+06,5.402698995613798161e+02
4.657119656536408002e+05,5.249466601530121639e+06,5.402668986797656316e+02
4.657120187995533342e+05,5.249466656788691878e+06,5.402638979376393991e+02
4.657120794913982973e+05,5.249466712003209628e+06,5.402598970560289899e+02
4.657121402481175028e+05,5.249466778331112117e+06,5.402568962212769748e+02
4.657122009399600211e+05,5.249466833545629866e+06,5.402528953396707720e+02
4.657122616318015498e+05,5.249466888760151342e+06,5.402498944580663647e+02
4.657123148425835534e+05,5.249466955132106319e+06,5.402448937628089425e+02
4.657123755344226956e+05,5.249467010346626863e+06,5.402408928812087652e+02
4.657124362911354401e+05,5.249467076674533077e+06,5.402358920464703260e+02
4.657124970478467876e+05,5.249467143002439290e+06,5.402318912117349328e+02
4.657125577396821463e+05,5.249467198216962628e+06,5.402268903301412593e+02
4.657126184963909327e+05,5.249467264544870704e+06,5.402218894954114603e+02
4.657126791882240213e+05,5.249467319759394042e+06,5.402168886138219932e+02
4.657127399449302466e+05,5.249467386087301187e+06,5.402118877790974238e+02
4.657128007016349584e+05,5.249467452415212058e+06,5.402068869443762651e+02
4.657128613934643799e+05,5.249467507629738189e+06,5.402018860627931645e+02
4.657129221501665306e+05,5.249467573957649060e+06,5.401968852280773490e+02
4.657129828419936239e+05,5.249467629172176123e+06,5.401928843464985448e+02
4.657130435986929806e+05,5.249467695500088856e+06,5.401878835117881863e+02
4.657131043553911732e+05,5.249467761828000657e+06,5.401828826770808973e+02
4.657131650472145993e+05,5.249467817042530514e+06,5.401778817955087106e+02
4.657132258039100561e+05,5.249467883370443247e+06,5.401728809608068786e+02
4.657132864957310958e+05,5.249467938584974967e+06,5.401688800792387610e+02
4.657133397064922610e+05,5.249468004956938326e+06,5.401638793840319295e+02
4.657134003983108560e+05,5.249468060171470046e+06,5.401588785024680419e+02
4.657134611550012487e+05,5.249468126499388367e+06,5.401548776677774413e+02
4.657135218468177482e+05,5.249468181713919155e+06,5.401498767862176464e+02
4.657135749927013530e+05,5.249468236972502433e+06,5.401448760441498962e+02
4.657136357493879623e+05,5.249468303300420754e+06,5.401408752094672536e+02
4.657136888952694135e+05,5.249468358559003100e+06,5.401368744674039135e+02
4.657137495870811981e+05,5.249468413773538545e+06,5.401318735858521904e+02
4.657138027329606703e+05,5.249468469032123685e+06,5.401278728437929431e+02
4.657138559437111835e+05,5.249468535404090770e+06,5.401248721486116438e+02
4.657139166355196503e+05,5.249468590618627146e+06,5.401208712670661498e+02
4.657139697813959210e+05,5.249468645877213217e+06,5.401178705250135863e+02
4.657140229272712022e+05,5.249468701135799289e+06,5.401138697829629791e+02
4.657140760731455521e+05,5.249468756394385360e+06,5.401108690409145083e+02
4.657141292190187960e+05,5.249468811652973294e+06,5.401088682988680603e+02
4.657141823000198347e+05,5.249468855798176490e+06,5.401058675099442326e+02
4.657142354458912159e+05,5.249468911056764424e+06,5.401038667679013088e+02
4.657142810458310414e+05,5.249468966359399259e+06,5.401008661653522722e+02
4.657143341268294025e+05,5.249469010504604317e+06,5.400988653764325136e+02
4.657143872726982227e+05,5.249469065763194114e+06,5.400968646343953878e+02
4.657144328726353706e+05,5.249469121065830812e+06,5.400958640318524431e+02
4.657144859536312288e+05,5.249469165211038664e+06,5.400938632429366635e+02
4.657145314886959968e+05,5.249469209400290623e+06,5.400928625935143828e+02
4.657145770886308164e+05,5.249469264702928253e+06,5.400918619909771223e+02
4.657146226236941293e+05,5.249469308892183006e+06,5.400898613415578211e+02
4.657146681587568019e+05,5.249469353081436828e+06,5.400888606921396331e+02
4.657147136938188924e+05,5.249469397270693444e+06,5.400868600427227193e+02
4.657147592288801679e+05,5.249469441459948197e+06,5.400868593933071224e+02
4.657147972180108773e+05,5.249469485693251714e+06,5.400858588833858676e+02
4.657148427530708723e+05,5.249469529882507399e+06,5.400848582339726818e+02
4.657148807422003592e+05,5.249469574115809985e+06,5.400848577240542454e+02
4.657149262772591319e+05,5.249469618305067532e+06,5.400848570746437645e+02
4.657149642015175195e+05,5.249469651424984448e+06,5.400848565178398530e+02
4.657150021906453767e+05,5.249469695658288896e+06,5.400858560079251447e+02
4.657150401149028330e+05,5.249469728778208606e+06,5.400858554511228249e+02
4.657150781040296424e+05,5.249469773011513986e+06,5.400868549412105040e+02
4.657151160282861674e+05,5.249469806131433696e+06,5.400878543844098658e+02
4.657151540174118127e+05,5.249469850364739075e+06,5.400888538744998186e+02
4.657151919416676392e+05,5.249469883484660648e+06,5.400898533177007721e+02
4.657152298659228254e+05,5.249469916604581289e+06,5.400918527609021567e+02
4.657152602442482021e+05,5.249469949768549763e+06,5.400928523435984516e+02
4.657152981685026898e+05,5.249469982888470404e+06,5.400948517868012004e+02
4.657153285468273680e+05,5.249470016052438878e+06,5.400968513694990634e+02
4.657153589251518715e+05,5.249470049216406420e+06,5.400988509521976084e+02
4.657153893034759094e+05,5.249470082380375825e+06,5.401008505348970630e+02
4.657154196169305360e+05,5.249470104430959560e+06,5.401028500707041076e+02
4.657154499952540500e+05,5.249470137594928034e+06,5.401058496534046753e+02
4.657154803735770402e+05,5.249470170758896507e+06,5.401088492361060389e+02
4.657155106870309100e+05,5.249470192809481174e+06,5.401118487719141967e+02
4.657155335194244399e+05,5.249470226017496549e+06,5.401148484941118113e+02
4.657155638328778441e+05,5.249470248068080284e+06,5.401178480299204239e+02
4.657155866004021373e+05,5.249470270162712783e+06,5.401208477052244916e+02
4.657156169787237304e+05,5.249470303326682188e+06,5.401248472879287874e+02
4.657156397462476161e+05,5.249470325421312824e+06,5.401278469632336510e+02
4.657156625137712108e+05,5.249470347515944391e+06,5.401318466385389456e+02
4.657156852812946890e+05,5.249470369610574096e+06,5.401358463138443540e+02
4.657157080488180509e+05,5.249470391705206595e+06,5.401388459891501270e+02
4.657157308163412381e+05,5.249470413799840026e+06,5.401428456644563312e+02
4.657157535838642507e+05,5.249470435894470662e+06,5.401468453397626490e+02
4.657157763513869722e+05,5.249470457989102229e+06,5.401508450150694216e+02
4.657157990540412720e+05,5.249470468970349990e+06,5.401548446434793505e+02
4.657158142756352900e+05,5.249470491109027527e+06,5.401588444582821467e+02
4.657158370431576041e+05,5.249470513203657232e+06,5.401628441335897151e+02
4.657158521998830838e+05,5.249470524228951894e+06,5.401658439014955775e+02
4.657158749674051651e+05,5.249470546323584393e+06,5.401688435768035106e+02
4.657158901241304702e+05,5.249470557348878123e+06,5.401728433447095767e+02
4.657159053457237314e+05,5.249470579487554729e+06,5.401758431595138745e+02
4.657159280483772745e+05,5.249470590468803421e+06,5.401788427879242818e+02
4.657159432051023468e+05,5.249470601494098082e+06,5.401818425558305989e+02
4.657159584266954334e+05,5.249470623632775620e+06,5.401858423706355552e+02
4.657159735834202729e+05,5.249470634658068419e+06,5.401888421385420997e+02
4.657159887401451124e+05,5.249470645683361217e+06,5.401928419064486206e+02
4.657160038968700101e+05,5.249470656708654948e+06,5.401958416743552789e+02
4.657160115076663205e+05,5.249470667777993716e+06,5.401998415817581645e+02
4.657160266643910436e+05,5.249470678803288378e+06,5.402028413496649364e+02
4.657160418211155920e+05,5.249470689828583039e+06,5.402068411175716847e+02
4.657160494319119607e+05,5.249470700897921808e+06,5.402098410249748213e+02
4.657160645886363345e+05,5.249470711923214607e+06,5.402138407928817969e+02
4.657160721994325868e+05,5.249470722992554307e+06,5.402168407002850472e+02
4.657160873561569606e+05,5.249470734017848037e+06,5.402198404681921602e+02
4.657160949669530964e+05,5.249470745087187737e+06,5.402238403755956142e+02
4.657161025128812762e+05,5.249470745043142699e+06,5.402268402360992923e+02
4.657161176696056500e+05,5.249470756068435498e+06,5.402298400040065189e+02
4.657161252804016112e+05,5.249470767137775198e+06,5.402318399114101339e+02
4.657161328263299074e+05,5.249470767093730159e+06,5.402338397719136083e+02
4.657161404371258686e+05,5.249470778163067997e+06,5.402348396793173606e+02
4.657161479830540484e+05,5.249470778119022958e+06,5.402368395398209486e+02
4.657161555938500678e+05,5.249470789188363589e+06,5.402388394472246773e+02
4.657161555938500678e+05,5.249470789188363589e+06,5.402408394472247437e+02
4.657161631397781894e+05,5.249470789144318551e+06,5.402428393077282180e+02
4.657161707505740342e+05,5.249470800213657320e+06,5.402448392151320604e+02
4.657161782965023303e+05,5.249470800169612281e+06,5.402468390756355348e+02
4.657161782965023303e+05,5.249470800169612281e+06,5.402488390756356011e+02
4.657161858424304519e+05,5.249470800125567243e+06,5.402508389361389618e+02
4.657161859072981169e+05,5.249470811238952912e+06,5.402538389830394863e+02
4.657161934532262967e+05,5.249470811194907874e+06,5.402558388435429606e+02
4.657161934532262967e+05,5.249470811194907874e+06,5.402578388435429133e+02
4.657162009991545347e+05,5.249470811150862835e+06,5.402608387040464777e+02
4.657162009991545347e+05,5.249470811150862835e+06,5.402628387040464304e+02
4.657162085450826562e+05,5.249470811106817797e+06,5.402648385645497910e+02
4.657162085450826562e+05,5.249470811106817797e+06,5.402678385645499475e+02
4.657162085450826562e+05,5.249470811106817797e+06,5.402698385645499002e+02
4.657162085450826562e+05,5.249470811106817797e+06,5.402728385645498292e+02
4.657162160910107195e+05,5.249470811062774621e+06,5.402738384250533272e+02
4.657162160910107195e+05,5.249470811062774621e+06,5.402748384250533036e+02
4.657162160910107195e+05,5.249470811062774621e+06,5.402758384250532799e+02
4.657162160910107195e+05,5.249470811062774621e+06,5.402768384250532563e+02
4.657162160910107195e+05,5.249470811062774621e+06,5.402778384250533463e+02
4.657162160910107195e+05,5.249470811062774621e+06,5.402798384250532990e+02
4.657162160261430545e+05,5.249470799949388020e+06,5.402808383781529074e+02
4.657162160261430545e+05,5.249470799949388020e+06,5.402818383781528837e+02
4.657162160261430545e+05,5.249470799949388020e+06,5.402828383781529737e+02
4.657162160261430545e+05,5.249470799949388020e+06,5.402848383781529265e+02
4.657162160261430545e+05,5.249470799949388020e+06,5.402858383781529028e+02
4.657162159612755058e+05,5.249470788836005144e+06,5.402878383312527149e+02
4.657162084153473843e+05,5.249470788880049251e+06,5.402888384707491696e+02
4.657162084153473843e+05,5.249470788880049251e+06,5.402908384707492360e+02
4.657162083504797774e+05,5.249470777766664512e+06,5.402918384238491853e+02
4.657162083504797774e+05,5.249470777766664512e+06,5.402938384238491381e+02
4.657162008045515977e+05,5.249470777810709551e+06,5.402948385633455928e+02
4.657162007396839908e+05,5.249470766697326675e+06,5.402958385164456558e+02
4.657162007396839908e+05,5.249470766697326675e+06,5.402978385164456085e+02
4.657162007396839908e+05,5.249470766697326675e+06,5.402988385164455849e+02
4.657161931288880296e+05,5.249470755627986975e+06,5.402998386090422400e+02
4.657161931288880296e+05,5.249470755627986975e+06,5.403008386090422164e+02
4.657161930640203645e+05,5.249470744514604099e+06,5.403018385621426205e+02
4.657161855180921266e+05,5.249470744558649138e+06,5.403028387016389615e+02
4.657161855180921266e+05,5.249470744558649138e+06,5.403038387016390516e+02
4.657161854532245197e+05,5.249470733445265330e+06,5.403048386547393420e+02
4.657161779072962818e+05,5.249470733489310369e+06,5.403058387942357967e+02
4.657161778424285585e+05,5.249470722375925630e+06,5.403068387473364282e+02
4.657161778424285585e+05,5.249470722375925630e+06,5.403078387473364046e+02
4.657161702316325391e+05,5.249470711306585930e+06,5.403088388399335145e+02
4.657161702316325391e+05,5.249470711306585930e+06,5.403098388399334908e+02
4.657161626857043011e+05,5.249470711350630969e+06,5.403108389794297182e+02
4.657161626208365778e+05,5.249470700237248093e+06,5.403118389325305770e+02
4.657161550749082817e+05,5.249470700281293131e+06,5.403128390720269181e+02
4.657161550100405584e+05,5.249470689167910255e+06,5.403138390251278906e+02
4.657161474641121458e+05,5.249470689211954363e+06,5.403148391646241180e+02
4.657161473992444808e+05,5.249470678098569624e+06,5.403148391177252279e+02
4.657161398533161264e+05,5.249470678142614663e+06,5.403158392572215689e+02
4.657161397884483449e+05,5.249470667029229924e+06,5.403168392103227688e+02
4.657161322425200487e+05,5.249470667073274963e+06,5.403168393498190198e+02
4.657161321776523255e+05,5.249470655959891155e+06,5.403178393029203335e+02
4.657161321776523255e+05,5.249470655959891155e+06,5.403178393029203335e+02
4.657161245668560732e+05,5.249470644890552387e+06,5.403178393955180354e+02
4.657161245668560732e+05,5.249470644890552387e+06,5.403178393955180354e+02
4.657161169560599374e+05,5.249470633821213618e+06,5.403178394881158511e+02
4.657161169560599374e+05,5.249470633821213618e+06,5.403178394881158511e+02
4.657161093452638015e+05,5.249470622751875781e+06,5.403188395807137567e+02
4.657161093452638015e+05,5.249470622751875781e+06,5.403188395807137567e+02
4.657161017344674910e+05,5.249470611682536080e+06,5.403188396733116861e+02
4.657161017344674910e+05,5.249470611682536080e+06,5.403188396733116861e+02
4.657160941236713552e+05,5.249470600613198243e+06,5.403188397659098428e+02
4.657160941236713552e+05,5.249470600613198243e+06,5.403188397659098428e+02
4.657160865128749283e+05,5.249470589543857612e+06,5.403198398585079758e+02
4.657160865128749283e+05,5.249470589543857612e+06,5.403198398585079758e+02
4.657160789020786178e+05,5.249470578474518843e+06,5.403198399511063599e+02
4.657160789020786178e+05,5.249470578474518843e+06,5.403198399511063599e+02
4.657160712912823656e+05,5.249470567405179143e+06,5.403198400437047439e+02
4.657160712912823656e+05,5.249470567405179143e+06,5.403198400437047439e+02
4.657160636804858805e+05,5.249470556335841306e+06,5.403208401363033317e+02
4.657160561345574679e+05,5.249470556379886344e+06,5.403208402757993554e+02
4.657160560696895700e+05,5.249470545266502537e+06,5.403208402289019432e+02
4.657160485237610992e+05,5.249470545310547575e+06,5.403198403683978768e+02
4.657160484588931431e+05,5.249470534197161905e+06,5.403188403215007156e+02
4.657160409129645559e+05,5.249470534241206944e+06,5.403178404609965355e+02
4.657160333021680708e+05,5.249470523171869107e+06,5.403178405535953743e+02
4.657160333021680708e+05,5.249470523171869107e+06,5.403168405535953980e+02
4.657160256913716439e+05,5.249470512102530338e+06,5.403168406461943505e+02
4.657160256913716439e+05,5.249470512102530338e+06,5.403158406461943741e+02
4.657160181454428821e+05,5.249470512146574445e+06,5.403158407856901704e+02
4.657160180805749260e+05,5.249470501033191569e+06,5.403148407387933503e+02
4.657160105346465134e+05,5.249470501077236608e+06,5.403148408782891465e+02
4.657160029238500283e+05,5.249470490007898770e+06,5.403148409708882127e+02
4.657160029238500283e+05,5.249470490007898770e+06,5.403148409708882127e+02
4.657159953779211501e+05,5.249470490051943809e+06,5.403138411103841463e+02
4.657159953130531940e+05,5.249470478938560002e+06,5.403138410634875299e+02
4.657159877671246068e+05,5.249470478982605040e+06,5.403138412029832125e+02
4.657159877022565342e+05,5.249470467869221233e+06,5.403138411560868235e+02
4.657159801563281799e+05,5.249470467913266271e+06,5.403138412955825061e+02
4.657159801563281799e+05,5.249470467913266271e+06,5.403138412955825061e+02
4.657159725455313455e+05,5.249470456843927503e+06,5.403138413881819133e+02
4.657159649996027583e+05,5.249470456887972541e+06,5.403138415276775959e+02
4.657159649996027583e+05,5.249470456887972541e+06,5.403138415276775959e+02
4.657159574536741711e+05,5.249470456932016648e+06,5.403138416671733921e+02
4.657159573888060404e+05,5.249470445818631910e+06,5.403138416202771168e+02
4.657159498428773368e+05,5.249470445862676948e+06,5.403128417597727093e+02
4.657159498428773368e+05,5.249470445862676948e+06,5.403128417597727093e+02
4.657159422969487496e+05,5.249470445906721987e+06,5.403128418992683919e+02
4.657159422320806189e+05,5.249470434793339111e+06,5.403128418523722303e+02
4.657159346861519734e+05,5.249470434837385081e+06,5.403128419918679128e+02
4.657159346861519734e+05,5.249470434837385081e+06,5.403128419918679128e+02
4.657159271402232698e+05,5.249470434881430119e+06,5.403128421313635954e+02
4.657159270753551391e+05,5.249470423768046312e+06,5.403118420844675711e+02
4.657159195294264937e+05,5.249470423812091351e+06,5.403118422239631400e+02
4.657159195294264937e+05,5.249470423812091351e+06,5.403118422239631400e+02
4.657159119834978483e+05,5.249470423856136389e+06,5.403118423634588225e+02
4.657159119186296593e+05,5.249470412742753513e+06,5.403128423165628647e+02
4.657159119186296593e+05,5.249470412742753513e+06,5.403128423165628647e+02
4.657159043727008975e+05,5.249470412786798552e+06,5.403128424560584335e+02
4.657159043727008975e+05,5.249470412786798552e+06,5.403128424560584335e+02
4.657158968267722521e+05,5.249470412830842659e+06,5.403128425955540024e+02
4.657158968267722521e+05,5.249470412830842659e+06,5.403138425955540924e+02
4.657158892159754178e+05,5.249470401761502959e+06,5.403138426881538408e+02
4.657158892159754178e+05,5.249470401761502959e+06,5.403128426881537507e+02
4.657158816700466559e+05,5.249470401805548929e+06,5.403128428276493196e+02
4.657158816700466559e+05,5.249470401805548929e+06,5.403128428276493196e+02
4.657158741241179523e+05,5.249470401849593967e+06,5.403128429671448885e+02
4.657158741241179523e+05,5.249470401849593967e+06,5.403138429671449785e+02
4.657158665781893651e+05,5.249470401893639006e+06,5.403138431066404337e+02
4.657158665781893651e+05,5.249470401893639006e+06,5.403138431066404337e+02
4.657158665133211180e+05,5.249470390780255198e+06,5.403138430597447268e+02
4.657158589673923561e+05,5.249470390824300237e+06,5.403118431992402293e+02
4.657158589673923561e+05,5.249470390824300237e+06,5.403098431992402766e+02
4.657158514214636525e+05,5.249470390868346207e+06,5.403068433387358027e+02
4.657158514214636525e+05,5.249470390868346207e+06,5.403038433387357600e+02
4.657158514214636525e+05,5.249470390868346207e+06,5.403028433387357836e+02
4.657158513565953472e+05,5.249470379754961468e+06,5.403038432918401668e+02
4.657158513565953472e+05,5.249470379754961468e+06,5.403068432918400958e+02
4.657158588376558037e+05,5.249470368597531691e+06,5.403118431054491566e+02
4.657158663835846237e+05,5.249470368553486653e+06,5.403168429659536969e+02
4.657158738646449638e+05,5.249470357396058738e+06,5.403238427795629377e+02
4.657158812808372313e+05,5.249470335125246085e+06,5.403298425462774048e+02
4.657158963078266825e+05,5.249470323923771270e+06,5.403368422203918726e+02
4.657159113348161336e+05,5.249470312722297385e+06,5.403438418945064541e+02
4.657159338428663323e+05,5.249470290363394655e+06,5.403508413822319199e+02
4.657159488049877691e+05,5.249470268048536964e+06,5.403578410094534092e+02
4.657159713130382588e+05,5.249470245689633302e+06,5.403648404971804666e+02
4.657160013021499617e+05,5.249470212173301727e+06,5.403708397985202510e+02
4.657160238102008589e+05,5.249470189814398997e+06,5.403758392862494020e+02
4.657160537993130274e+05,5.249470156298065558e+06,5.403808385875925069e+02
4.657160837884255452e+05,5.249470122781736776e+06,5.403848378889373407e+02
4.657161213234674651e+05,5.249470089221359231e+06,5.403878370507891304e+02
4.657161513125808560e+05,5.249470055705029517e+06,5.403898363521378769e+02
4.657161888476235326e+05,5.249470022144652903e+06,5.403918355139936693e+02
4.657162263177991845e+05,5.249469977470893413e+06,5.403938346289625088e+02
4.657162638528429088e+05,5.249469943910520524e+06,5.403948337908227586e+02
4.657163088689490105e+05,5.249469899192715995e+06,5.403948327663028977e+02
4.657163538850556943e+05,5.249469854474911466e+06,5.403948317417863336e+02
4.657163913552337326e+05,5.249469809801155701e+06,5.403948308567678396e+02
4.657164363713417551e+05,5.249469765083353035e+06,5.403938298322582341e+02
4.657164813874505344e+05,5.249469720365550369e+06,5.403928288077521529e+02
4.657165339494895888e+05,5.249469675603706390e+06,5.403918276437551640e+02
4.657165789007327985e+05,5.249469619772518054e+06,5.403898265723730674e+02
4.657166314627734828e+05,5.249469575010674074e+06,5.403868254083840839e+02
4.657166764140184969e+05,5.249469519179491326e+06,5.403848243370114233e+02
4.657167289760608692e+05,5.249469474417646416e+06,5.403818231730303978e+02
4.657167814732374973e+05,5.249469418542419560e+06,5.403788219621733333e+02
4.657168339704153477e+05,5.249469362667190842e+06,5.403748207513217494e+02
4.657168864675938385e+05,5.249469306791964918e+06,5.403718195404753715e+02
4.657169389647735516e+05,5.249469250916738994e+06,5.403678183296344741e+02
4.657169990078844130e+05,5.249469194997469895e+06,5.403648169793052602e+02
4.657170515050662798e+05,5.249469139122243971e+06,5.403608157684749358e+02
4.657171040022489033e+05,5.249469083247018978e+06,5.403568145576500683e+02
4.657171640453631990e+05,5.249469027327752672e+06,5.403518132073372726e+02
4.657172165425478597e+05,5.249468971452528611e+06,5.403478119965230917e+02
4.657172765856643673e+05,5.249468915533261374e+06,5.403428106462212099e+02
4.657173365639164695e+05,5.249468848500613123e+06,5.403388092490549752e+02
4.657173890611045063e+05,5.249468792625390925e+06,5.403338080382579847e+02
4.657174491042243899e+05,5.249468736706124619e+06,5.403288066879734970e+02
4.657175090824802755e+05,5.249468669673476368e+06,5.403248052908276122e+02
4.657175691256025457e+05,5.249468613754215650e+06,5.403198039405551754e+02
4.657176216227951809e+05,5.249468557878993452e+06,5.403148027297806948e+02
4.657176816010547918e+05,5.249468490846347995e+06,5.403088013326553209e+02
4.657177416441806708e+05,5.249468434927086346e+06,5.403037999824001645e+02
4.657178016873075394e+05,5.249468379007824697e+06,5.402987986321505787e+02
4.657178616655712249e+05,5.249468311975181103e+06,5.402937972350457585e+02
4.657179217087004217e+05,5.249468256055920385e+06,5.402877958848082471e+02
4.657179817518310156e+05,5.249468200136660598e+06,5.402827945345761691e+02
4.657180417300985428e+05,5.249468133104018867e+06,5.402777931374918126e+02
4.657181017732313485e+05,5.249468077184761874e+06,5.402727917872717853e+02
4.657181542704336462e+05,5.249468021309546195e+06,5.402677905765488049e+02
4.657182143135687802e+05,5.249467965390291065e+06,5.402627892263396916e+02
4.657182742918413132e+05,5.249467898357649334e+06,5.402577878292822788e+02
4.657183343349788338e+05,5.249467842438395135e+06,5.402527864790851027e+02
4.657183943781174603e+05,5.249467786519139074e+06,5.402487851288935872e+02
4.657184468753251131e+05,5.249467730643926188e+06,5.402437839181985737e+02
4.657185068536029430e+05,5.249467663611290045e+06,5.402397825211678537e+02
4.657185593508127495e+05,5.249467607736076228e+06,5.402347813104846637e+02
4.657186193939559744e+05,5.249467551816825755e+06,5.402307799603158855e+02
4.657186718911679345e+05,5.249467495941615663e+06,5.402267787496432447e+02
4.657187319343133131e+05,5.249467440022363327e+06,5.402227773994854942e+02
4.657187844315273687e+05,5.249467384147155099e+06,5.402187761888236537e+02
4.657188369287423557e+05,5.249467328271944076e+06,5.402147749781672701e+02
4.657188969718910521e+05,5.249467272352695465e+06,5.402097736280256868e+02
4.657189495339705027e+05,5.249467227590872906e+06,5.402067724642224675e+02
4.657190020311885164e+05,5.249467171715664677e+06,5.402027712535812043e+02
4.657190545284074615e+05,5.249467115840458311e+06,5.401987700429451706e+02
4.657191070904895314e+05,5.249467071078635752e+06,5.401957688791542296e+02
4.657191595877104555e+05,5.249467015203430317e+06,5.401927676685279494e+02
4.657192120849323110e+05,5.249466959328223951e+06,5.401897664579070124e+02
4.657192571010838146e+05,5.249466914610444568e+06,5.401867654336182341e+02
4.657193095983077656e+05,5.249466858735240065e+06,5.401847642230069368e+02
4.657193621603940264e+05,5.249466813973418437e+06,5.401817630592363457e+02
4.657194071765478002e+05,5.249466769255639985e+06,5.401797620349589124e+02
4.657194521278408356e+05,5.249466713424477726e+06,5.401777609638509148e+02
4.657195046899294830e+05,5.249466668662659824e+06,5.401767598000919861e+02
4.657195497060855269e+05,5.249466623944881372e+06,5.401747587758256941e+02
4.657195947222422110e+05,5.249466579227101989e+06,5.401737577515629027e+02
4.657196397383995936e+05,5.249466534509325400e+06,5.401717567273036593e+02
4.657196847545575583e+05,5.249466489791549742e+06,5.401707557030478029e+02
4.657197297707163380e+05,5.249466445073771290e+06,5.401707546787954470e+02
4.657197672409417573e+05,5.249466400400036015e+06,5.401697537940355005e+02
4.657198122571019339e+05,5.249466355682259426e+06,5.401687527697899895e+02
4.657198497921893140e+05,5.249466322121908888e+06,5.401677519318637906e+02
4.657198948083505384e+05,5.249466277404131368e+06,5.401667509076244187e+02
4.657199322785785771e+05,5.249466232730397023e+06,5.401667500228771814e+02
4.657199698136674706e+05,5.249466199170046486e+06,5.401667491849582348e+02
4.657200073487567133e+05,5.249466165609695017e+06,5.401667483470412208e+02
4.657200448189863237e+05,5.249466120935961604e+06,5.401667474623023963e+02
4.657200823540766723e+05,5.249466087375611067e+06,5.401667466243900435e+02
4.657201198891674285e+05,5.249466053815261461e+06,5.401667457864797370e+02
4.657201498134641442e+05,5.249466009185567498e+06,5.401677450412375947e+02
4.657201873485557735e+05,5.249465975625216961e+06,5.401677442033317220e+02
4.657202173377133440e+05,5.249465942108907737e+06,5.401687435049159376e+02
4.657202548728057882e+05,5.249465908548559062e+06,5.401697426670141340e+02
4.657202848619641154e+05,5.249465875032247975e+06,5.401707419686023286e+02
4.657203148511227337e+05,5.249465841515940614e+06,5.401717412701923422e+02
4.657203448402818176e+05,5.249465807999630459e+06,5.401737405717842648e+02
4.657203748943008250e+05,5.249465785596706904e+06,5.401747399201962025e+02
4.657204048834606074e+05,5.249465752080395818e+06,5.401767392217914221e+02
4.657204348726205062e+05,5.249465718564088456e+06,5.401777385233883706e+02
4.657204649266402703e+05,5.249465696161163040e+06,5.401787378718039463e+02
4.657204873698661686e+05,5.249465662688894197e+06,5.401797373128919162e+02
4.657205174238865729e+05,5.249465640285968781e+06,5.401807366613096519e+02
4.657205398671129951e+05,5.249465606813699938e+06,5.401827361024006677e+02
4.657205623751988751e+05,5.249465584454817697e+06,5.401837355903081743e+02
4.657205924292198033e+05,5.249465562051892281e+06,5.401847349387290933e+02
4.657206149373061489e+05,5.249465539693007246e+06,5.401867344266383952e+02
4.657206374453926692e+05,5.249465517334122211e+06,5.401877339145485166e+02
4.657206598886201973e+05,5.249465483861854300e+06,5.401897333556463536e+02
4.657206823967070668e+05,5.249465461502968334e+06,5.401917328435586114e+02
4.657206973588590627e+05,5.249465439188123681e+06,5.401937324709589348e+02
4.657207198669462232e+05,5.249465416829239577e+06,5.401957319588728978e+02
4.657207424398925505e+05,5.249465405583739281e+06,5.401977314935993491e+02
4.657207574020449538e+05,5.249465383268893696e+06,5.401997311210018324e+02
4.657207799101325218e+05,5.249465360910010524e+06,5.402027306089180456e+02
4.657207948722850415e+05,5.249465338595163077e+06,5.402047302363221206e+02
4.657208174452317762e+05,5.249465327349665575e+06,5.402067297710503908e+02
4.657208324073847034e+05,5.249465305034819059e+06,5.402087293984557164e+02
4.657208473695378052e+05,5.249465282719972543e+06,5.402107290258618377e+02
4.657208623965494335e+05,5.249465271518511698e+06,5.402107287000783344e+02
4.657208773587025935e+05,5.249465249203667976e+06,5.402097283274856636e+02
4.657208923857146874e+05,5.249465238002206199e+06,5.402087280017027524e+02
4.657208998019326827e+05,5.249465215731400065e+06,5.402097277685982135e+02
4.657209072830092045e+05,5.249465204573976807e+06,5.402127275823027048e+02
4.657209146992275491e+05,5.249465182303172536e+06,5.402167273491992319e+02
4.657209221154457191e+05,5.249465160032365471e+06,5.402227271160966211e+02
4.657209219857285498e+05,5.249465137805596925e+06,5.402297270224812564e+02
4.657209218560113804e+05,5.249465115578830242e+06,5.402387269288665266e+02
4.657209217262942693e+05,5.249465093352061696e+06,5.402467268352523888e+02
4.657209140506416443e+05,5.249465071169332601e+06,5.402557268811253834e+02
4.657209063101300271e+05,5.249465037873221561e+06,5.402647268801927112e+02
4.657208910885418882e+05,5.249465015734530985e+06,5.402747270655536340e+02
4.657208758020945243e+05,5.249464982482457533e+06,5.402837272041092547e+02
4.657208605156472186e+05,5.249464949230382219e+06,5.402927273426660122e+02
4.657208376184052322e+05,5.249464904908964410e+06,5.403007275739055331e+02
4.657208147860216559e+05,5.249464871700930409e+06,5.403077278519508582e+02
4.657207918887790293e+05,5.249464827379509807e+06,5.403137280831936096e+02
4.657207690563949291e+05,5.249464794171476737e+06,5.403197283612412321e+02
4.657207386132158572e+05,5.249464749894095585e+06,5.403247287319729821e+02
4.657207081700362614e+05,5.249464705616717227e+06,5.403287291027063475e+02
4.657206777268560836e+05,5.249464661339339800e+06,5.403317294734413281e+02
4.657206396728802938e+05,5.249464605992615223e+06,5.403337299368624826e+02
4.657206016837630887e+05,5.249464561759273522e+06,5.403357304470866893e+02
4.657205636946452432e+05,5.249464517525936477e+06,5.403367309573121702e+02
4.657205180947312037e+05,5.249464462223250419e+06,5.403367315602249619e+02
4.657204800407526782e+05,5.249464406876528636e+06,5.403377320236551213e+02
4.657204345056964667e+05,5.249464362687230110e+06,5.403377326733708514e+02
4.657203889057800407e+05,5.249464307384546846e+06,5.403367332762900332e+02
4.657203433058627415e+05,5.249464252081863582e+06,5.403367338792116925e+02
4.657202901600080659e+05,5.249464196823219769e+06,5.403357346216201904e+02
4.657202445600889623e+05,5.249464141520540230e+06,5.403347352245463071e+02
4.657201914142321912e+05,5.249464086261897348e+06,5.403327359669590351e+02
4.657201382683744887e+05,5.249464031003256328e+06,5.403317367093737857e+02
4.657200926035926095e+05,5.249463964587193914e+06,5.403297372655129038e+02
4.657200394577326952e+05,5.249463909328551032e+06,5.403277380079325667e+02
4.657199787659349386e+05,5.249463854113950394e+06,5.403257388898379077e+02
4.657199255552126560e+05,5.249463787741929293e+06,5.403237395854696388e+02
4.657198724093498313e+05,5.249463732483291067e+06,5.403207403278959191e+02
4.657198117175485822e+05,5.249463677268691361e+06,5.403187412098075129e+02
4.657197585068229237e+05,5.249463610896670260e+06,5.403157419054479078e+02
4.657196978150194045e+05,5.249463555682072416e+06,5.403127427873637316e+02
4.657196370583537500e+05,5.249463489354093559e+06,5.403087436224927842e+02
4.657195763665479026e+05,5.249463434139497578e+06,5.403047445044127244e+02
4.657195231558172964e+05,5.249463367767477408e+06,5.403017452000649428e+02
4.657194624640090042e+05,5.249463312552882358e+06,5.402967460819891130e+02
4.657193941614003852e+05,5.249463246268944815e+06,5.402927470566114607e+02
4.657193334695897647e+05,5.249463191054352559e+06,5.402887479385397000e+02
4.657192727129162522e+05,5.249463124726374634e+06,5.402847487736851235e+02
4.657192120211029542e+05,5.249463069511785172e+06,5.402807496556175693e+02
4.657191512644268805e+05,5.249463003183808178e+06,5.402767504907685634e+02
4.657190905726114288e+05,5.249462947969217785e+06,5.402727513727052155e+02
4.657190222699944279e+05,5.249462881685284898e+06,5.402687523473426836e+02
4.657189615781764733e+05,5.249462826470696367e+06,5.402647532292833148e+02
4.657189008214949281e+05,5.249462760142723098e+06,5.402607540644451092e+02
4.657188401296746451e+05,5.249462704928134568e+06,5.402567549463898331e+02
4.657187793729906552e+05,5.249462638600163162e+06,5.402527557815569708e+02
4.657187111352292704e+05,5.249462583429617807e+06,5.402497568029863260e+02
4.657186504434052040e+05,5.249462528215032071e+06,5.402457576849368479e+02
4.657185897515801480e+05,5.249462473000446334e+06,5.402417585668891888e+02
4.657185289948908612e+05,5.249462406672477722e+06,5.402387594020664210e+02
4.657184683030634769e+05,5.249462351457892917e+06,5.402347602840229683e+02
4.657184076112348703e+05,5.249462296243309975e+06,5.402307611659812210e+02
4.657183469194049248e+05,5.249462241028725170e+06,5.402267620479412926e+02
4.657182862275741063e+05,5.249462185814143158e+06,5.402227629299031832e+02
4.657182255357421236e+05,5.249462130599561147e+06,5.402187638118667792e+02
4.657181648439089768e+05,5.249462075384980068e+06,5.402147646938321941e+02
4.657181041520746076e+05,5.249462020170398988e+06,5.402117655757992907e+02
4.657180434602391906e+05,5.249461964955819771e+06,5.402077664577683436e+02
4.657179903143421398e+05,5.249461909697197378e+06,5.402047672002604486e+02
4.657179296225045691e+05,5.249461854482618161e+06,5.402017680822331158e+02
4.657178765414697700e+05,5.249461810337381437e+06,5.401997688714996002e+02
4.657178158496300457e+05,5.249461755122803152e+06,5.401967697534754507e+02
4.657177627685935586e+05,5.249461710977567360e+06,5.401947705427442088e+02
4.657177020767516806e+05,5.249461655762991868e+06,5.401917714247232425e+02
4.657176489957134472e+05,5.249461611617757007e+06,5.401897722139943880e+02
4.657175958498094114e+05,5.249461556359139271e+06,5.401877729564987476e+02
4.657175427687694901e+05,5.249461512213902548e+06,5.401867737457723706e+02
4.657174896877287538e+05,5.249461468068669550e+06,5.401847745350470404e+02
4.657174366066871444e+05,5.249461423923437484e+06,5.401837753243227098e+02
4.657173835256448365e+05,5.249461379778203554e+06,5.401827761135992887e+02
4.657173304446015973e+05,5.249461335632971488e+06,5.401817769028770044e+02
4.657172773635576596e+05,5.249461291487741284e+06,5.401797776921556533e+02
4.657172242825130234e+05,5.249461247342509218e+06,5.401787784814354154e+02
4.657171787474078010e+05,5.249461203153234906e+06,5.401787791312392528e+02
4.657171256663615932e+05,5.249461159008005634e+06,5.401777799205209476e+02
4.657170801312551484e+05,5.249461114818729460e+06,5.401777805703271724e+02
4.657170346610139241e+05,5.249461081742841750e+06,5.401777812668974548e+02
4.657169815799654461e+05,5.249461037597612478e+06,5.401777820561819681e+02
4.657169361097230576e+05,5.249461004521723837e+06,5.401777827527533873e+02
4.657168906394799124e+05,5.249460971445835195e+06,5.401777834493251476e+02
4.657168451043702080e+05,5.249460927256563678e+06,5.401787840991360099e+02
4.657167996341261896e+05,5.249460894180675969e+06,5.401787847957089070e+02
4.657167617098226328e+05,5.249460861060745083e+06,5.401797853528064479e+02
4.657167162395774503e+05,5.249460827984857373e+06,5.401807860493802309e+02
4.657166707693319186e+05,5.249460794908971526e+06,5.401817867459546960e+02
4.657166328450268484e+05,5.249460761789039709e+06,5.401827873030538285e+02
4.657165949207214289e+05,5.249460728669112548e+06,5.401837878601535294e+02
4.657165494504743838e+05,5.249460695593225770e+06,5.401857885567292215e+02
4.657165115261680330e+05,5.249460662473295815e+06,5.401867891138301729e+02
4.657164736667282996e+05,5.249460640466750599e+06,5.401877897176899523e+02
4.657164357424211921e+05,5.249460607346821576e+06,5.401887902747916996e+02
4.657163978181135608e+05,5.249460574226891622e+06,5.401897908318940154e+02
4.657163599586728378e+05,5.249460552220347337e+06,5.401907914357545906e+02
4.657163296451729839e+05,5.249460530169758014e+06,5.401917919001399468e+02
4.657162917208643048e+05,5.249460497049828991e+06,5.401927924572435131e+02
4.657162538614227087e+05,5.249460475043286569e+06,5.401937930611044294e+02
4.657162235479220399e+05,5.249460452992697246e+06,5.401947935254904678e+02
4.657161932344213128e+05,5.249460430942107923e+06,5.401967939898768236e+02
4.657161553749787272e+05,5.249460408935564570e+06,5.401977945937379673e+02
4.657161250614775345e+05,5.249460386884976178e+06,5.401997950581246641e+02
4.657160947479761089e+05,5.249460364834386855e+06,5.402017955225114747e+02
4.657160644344742759e+05,5.249460342783802189e+06,5.402037959868985126e+02
4.657160416669140104e+05,5.249460320689167827e+06,5.402047963118111511e+02
4.657160113534118864e+05,5.249460298638580367e+06,5.402067967761986438e+02
4.657159811047773110e+05,5.249460287701375782e+06,5.402097972873413028e+02
4.657159583372163470e+05,5.249460265606743284e+06,5.402117976122545997e+02
4.657159280237136991e+05,5.249460243556156754e+06,5.402137980766424334e+02
4.657159053210204584e+05,5.249460232574907131e+06,5.402157984483108066e+02
4.657158825534591451e+05,5.249460210480277427e+06,5.402177987732246720e+02
4.657158523048239294e+05,5.249460199543073773e+06,5.402207992843671036e+02
4.657158296021303395e+05,5.249460188561826013e+06,5.402217996560355004e+02
4.657158068345686188e+05,5.249460166467194445e+06,5.402237999809497069e+02
4.657157841318749124e+05,5.249460155485945754e+06,5.402248003526181037e+02
4.657157614291810896e+05,5.249460144504698925e+06,5.402258007242863869e+02
4.657157387264870340e+05,5.249460133523450233e+06,5.402278010959547601e+02
4.657157160237929784e+05,5.249460122542202473e+06,5.402298014676230196e+02
4.657156933210989810e+05,5.249460111560953781e+06,5.402308018392913027e+02
4.657156781643468421e+05,5.249460100535660982e+06,5.402328020714855938e+02
4.657156554616525536e+05,5.249460089554413222e+06,5.402348024431539670e+02
4.657156403049001819e+05,5.249460078529121354e+06,5.402368026753483718e+02
4.657156176022057189e+05,5.249460067547873594e+06,5.402388030470166314e+02
4.657156024454532308e+05,5.249460056522581726e+06,5.402408032792111499e+02
4.657155873535693390e+05,5.249460056610672735e+06,5.402428035581586983e+02
4.657155721968167345e+05,5.249460045585379004e+06,5.402448037903532168e+02
4.657155570400640718e+05,5.249460034560087137e+06,5.402468040225478489e+02
4.657155419481800636e+05,5.249460034648177214e+06,5.402488043014951700e+02
4.657155267914272845e+05,5.249460023622884415e+06,5.402508045336896885e+02
4.657155116995431599e+05,5.249460023710976355e+06,5.402528048126370095e+02
4.657154965427904972e+05,5.249460012685684487e+06,5.402558050448315043e+02
4.657154813860376016e+05,5.249460001660391688e+06,5.402578052770261365e+02
4.657154738400954520e+05,5.249460001704436727e+06,5.402598054164997166e+02
4.657154587482114439e+05,5.249460001792528667e+06,5.402608056954468339e+02
4.657154435914583737e+05,5.249459990767236799e+06,5.402618059276413760e+02
4.657154360455163405e+05,5.249459990811282769e+06,5.402638060671149560e+02
4.657154209536321578e+05,5.249459990899373777e+06,5.402648063460619596e+02
4.657154133428212372e+05,5.249459979830035008e+06,5.402668064387829645e+02
4.657153982509370544e+05,5.249459979918126017e+06,5.402688067177300582e+02
4.657153907049949630e+05,5.249459979962171987e+06,5.402698068572035481e+02
4.657153831590528134e+05,5.249459980006217957e+06,5.402718069966770145e+02
4.657153756131107803e+05,5.249459980050263926e+06,5.402738071361504808e+02
4.657153680022998014e+05,5.249459968980925158e+06,5.402758072288714857e+02
4.657153604563575936e+05,5.249459969024971128e+06,5.402768073683449757e+02
4.657153529104155023e+05,5.249459969069017097e+06,5.402788075078183283e+02
4.657153453644734691e+05,5.249459969113062136e+06,5.402808076472919083e+02
4.657153378185312613e+05,5.249459969157108106e+06,5.402828077867653747e+02
4.657153302725892281e+05,5.249459969201154076e+06,5.402848079262388410e+02
4.657153227266471367e+05,5.249459969245200045e+06,5.402868080657121936e+02
4.657153227266471367e+05,5.249459969245200045e+06,5.402878080657122837e+02
4.657153151807049871e+05,5.249459969289246015e+06,5.402898082051856363e+02
4.657153151807049871e+05,5.249459969289246015e+06,5.402918082051857027e+02
4.657153076347628958e+05,5.249459969333291054e+06,5.402928083446590790e+02
4.657153000888208044e+05,5.249459969377337024e+06,5.402928084841325926e+02
4.657153001536898664e+05,5.249459980490721762e+06,5.402928085308852815e+02
4.657152926077477168e+05,5.249459980534767732e+06,5.402938086703587715e+02
4.657152926077477168e+05,5.249459980534767732e+06,5.402938086703587715e+02
4.657152926077477168e+05,5.249459980534767732e+06,5.402948086703587478e+02
4.657152850618056837e+05,5.249459980578813702e+06,5.402948088098322614e+02
4.657152851266748621e+05,5.249459991692198440e+06,5.402958088565851540e+02
4.657152851266748621e+05,5.249459991692198440e+06,5.402968088565852440e+02
4.657152851266748621e+05,5.249459991692198440e+06,5.402968088565852440e+02
4.657152775807328289e+05,5.249459991736244410e+06,5.402978089960586203e+02
4.657152776456019492e+05,5.249460002849627286e+06,5.402988090428117403e+02
4.657152776456019492e+05,5.249460002849627286e+06,5.402998090428118303e+02
4.657152776456019492e+05,5.249460002849627286e+06,5.403008090428118066e+02
4.657152776456019492e+05,5.249460002849627286e+06,5.403018090428117830e+02
4.657152777104711276e+05,5.249460013963011093e+06,5.403018090895650403e+02
4.657152777104711276e+05,5.249460013963011093e+06,5.403028090895650166e+02
4.657152777104711276e+05,5.249460013963011093e+06,5.403038090895651067e+02
4.657152853212822811e+05,5.249460025032348000e+06,5.403048089968449403e+02
4.657152853212822811e+05,5.249460025032348000e+06,5.403058089968449167e+02
4.657152853212822811e+05,5.249460025032348000e+06,5.403068089968448930e+02
4.657152853861514013e+05,5.249460036145731807e+06,5.403058090435984013e+02
4.657152853861514013e+05,5.249460036145731807e+06,5.403058090435984013e+02
4.657152854510205798e+05,5.249460047259115614e+06,5.403058090903522270e+02
4.657152854510205798e+05,5.249460047259115614e+06,5.403058090903522270e+02
4.657152854510205798e+05,5.249460047259115614e+06,5.403058090903522270e+02
4.657152930618316168e+05,5.249460058328454383e+06,5.403058089976324254e+02
4.657152930618316168e+05,5.249460058328454383e+06,5.403058089976324254e+02
4.657152931267007953e+05,5.249460069441837259e+06,5.403068090443864548e+02
4.657153006726428866e+05,5.249460069397791289e+06,5.403068089049127138e+02
4.657153006726428866e+05,5.249460069397791289e+06,5.403068089049127138e+02
4.657153007375120069e+05,5.249460080511175096e+06,5.403068089516668806e+02
4.657153082834539237e+05,5.249460080467129126e+06,5.403078088121932296e+02
4.657153083483229857e+05,5.249460091580512002e+06,5.403078088589475101e+02
4.657153158942649025e+05,5.249460091536466032e+06,5.403078087194737691e+02
4.657153159591340227e+05,5.249460102649848908e+06,5.403088087662281396e+02
4.657153159591340227e+05,5.249460102649848908e+06,5.403088087662281396e+02
4.657153235050759977e+05,5.249460102605803870e+06,5.403088086267543986e+02
4.657153311158869183e+05,5.249460113675142638e+06,5.403098085340352554e+02
4.657153311158869183e+05,5.249460113675142638e+06,5.403098085340352554e+02
4.657153311807560385e+05,5.249460124788527377e+06,5.403098085807898769e+02
4.657153387266978971e+05,5.249460124744481407e+06,5.403098084413161359e+02
4.657153387915669591e+05,5.249460135857864283e+06,5.403088084880708948e+02
4.657153387915669591e+05,5.249460135857864283e+06,5.403088084880708948e+02
4.657153463375089341e+05,5.249460135813818313e+06,5.403078083485970637e+02
4.657153464023779379e+05,5.249460146927203052e+06,5.403078083953519126e+02
4.657153539483197383e+05,5.249460146883157082e+06,5.403078082558781716e+02
4.657153540131888003e+05,5.249460157996539958e+06,5.403078083026331342e+02
4.657153540131888003e+05,5.249460157996539958e+06,5.403068083026331578e+02
4.657153616239996045e+05,5.249460169065878727e+06,5.403068082099144931e+02
4.657153616239996045e+05,5.249460169065878727e+06,5.403068082099144931e+02
4.657153691699415212e+05,5.249460169021832757e+06,5.403068080704406384e+02
4.657153692348105251e+05,5.249460180135216564e+06,5.403068081171959420e+02
4.657153767807522672e+05,5.249460180091170594e+06,5.403068079777219737e+02
4.657153768456212711e+05,5.249460191204554401e+06,5.403068080244775047e+02
4.657153843915630714e+05,5.249460191160509363e+06,5.403068078850035363e+02
4.657153919375049300e+05,5.249460191116463393e+06,5.403068077455295679e+02
4.657153920023738756e+05,5.249460202229846269e+06,5.403068077922850989e+02
4.657153995483156177e+05,5.249460202185801230e+06,5.403068076528111305e+02
4.657153996131845633e+05,5.249460213299185038e+06,5.403068076995667752e+02
4.657154071591263055e+05,5.249460213255139068e+06,5.403068075600928069e+02
4.657154071591263055e+05,5.249460213255139068e+06,5.403058075600928305e+02
4.657154147699370515e+05,5.249460224324475043e+06,5.403058074673745068e+02
4.657154147699370515e+05,5.249460224324475043e+06,5.403048074673745305e+02
4.657154223807477392e+05,5.249460235393811949e+06,5.403048073746564341e+02
4.657154223807477392e+05,5.249460235393811949e+06,5.403038073746564578e+02
4.657154299266894232e+05,5.249460235349766910e+06,5.403038072351823757e+02
4.657154299915583688e+05,5.249460246463151649e+06,5.403028072819383851e+02
4.657154375375001691e+05,5.249460246419105679e+06,5.403028071424644168e+02
4.657154375375001691e+05,5.249460246419105679e+06,5.403028071424644168e+02
4.657154451483106823e+05,5.249460257488444448e+06,5.403028070497464341e+02
4.657154526942524244e+05,5.249460257444399409e+06,5.403018069102723757e+02
4.657154526942524244e+05,5.249460257444399409e+06,5.403018069102723757e+02
4.657154603050630540e+05,5.249460268513736315e+06,5.403018068175545068e+02
4.657154603050630540e+05,5.249460268513736315e+06,5.403008068175545304e+02
4.657154678510047379e+05,5.249460268469690345e+06,5.403008066780803347e+02
4.657154754618151928e+05,5.249460279539029114e+06,5.403008065853625794e+02
4.657154754618151928e+05,5.249460279539029114e+06,5.403008065853625794e+02
4.657154830077569932e+05,5.249460279494984075e+06,5.403008064458883837e+02
4.657154830077569932e+05,5.249460279494984075e+06,5.403008064458883837e+02
4.657154906185673317e+05,5.249460290564320982e+06,5.402998063531707658e+02
4.657154906185673317e+05,5.249460290564320982e+06,5.402988063531706757e+02
4.657154981645091320e+05,5.249460290520275012e+06,5.402978062136965036e+02
4.657154982293779030e+05,5.249460301633659750e+06,5.402958062604531051e+02
4.657155057753195288e+05,5.249460301589614712e+06,5.402948061209789330e+02
4.657155057753195288e+05,5.249460301589614712e+06,5.402938061209788430e+02
4.657155133212611545e+05,5.249460301545568742e+06,5.402928059815046709e+02
4.657155133861298091e+05,5.249460312658952549e+06,5.402918060282613624e+02
4.657155209320716676e+05,5.249460312614907511e+06,5.402898058887872139e+02
4.657155209320716676e+05,5.249460312614907511e+06,5.402898058887872139e+02
4.657155284780132351e+05,5.249460312570861541e+06,5.402888057493128144e+02
4.657155285428819479e+05,5.249460323684245348e+06,5.402878057960697333e+02
4.657155360888235155e+05,5.249460323640199378e+06,5.402868056565953339e+02
4.657155360888235155e+05,5.249460323640199378e+06,5.402868056565953339e+02
4.657155436347652576e+05,5.249460323596154340e+06,5.402858055171211618e+02
4.657155436347652576e+05,5.249460323596154340e+06,5.402858055171211618e+02
4.657155511807068833e+05,5.249460323552108370e+06,5.402848053776468760e+02
4.657155512455755379e+05,5.249460334665491246e+06,5.402848054244037712e+02
4.657155587915171054e+05,5.249460334621445276e+06,5.402848052849294618e+02
4.657155587915171054e+05,5.249460334621445276e+06,5.402838052849293717e+02
4.657155663374588476e+05,5.249460334577401169e+06,5.402838051454550623e+02
4.657155663374588476e+05,5.249460334577401169e+06,5.402828051454550859e+02
4.657155739482690115e+05,5.249460345646739937e+06,5.402808050527378327e+02
4.657155739482690115e+05,5.249460345646739937e+06,5.402778050527377900e+02
4.657155739482690115e+05,5.249460345646739937e+06,5.402738050527377709e+02
4.657155814942105790e+05,5.249460345602694899e+06,5.402708049132634187e+02
4.657155815590791753e+05,5.249460356716076843e+06,5.402688049600205886e+02
4.657155815590791753e+05,5.249460356716076843e+06,5.402698049600205650e+02
4.657155740780062624e+05,5.249460367873505689e+06,5.402718051462521771e+02
4.657155740780062624e+05,5.249460367873505689e+06,5.402748051462522199e+02
4.657155665969332913e+05,5.249460379030934535e+06,5.402798053324841021e+02
4.657155591158603202e+05,5.249460390188363381e+06,5.402848055187162117e+02
4.657155440888458979e+05,5.249460401389838196e+06,5.402908058444228345e+02
4.657155366726415814e+05,5.249460423660651781e+06,5.402978060774134974e+02
4.657155140996857663e+05,5.249460434906172566e+06,5.403038065425953391e+02
4.657154991375403479e+05,5.249460457221031189e+06,5.403108069150616757e+02
4.657154766294534202e+05,5.249460479579935782e+06,5.403168074270035959e+02
4.657154541862356127e+05,5.249460513052223250e+06,5.403228079857058219e+02
4.657154316781491507e+05,5.249460535411127843e+06,5.403278084976496984e+02
4.657154016889904160e+05,5.249460568927461281e+06,5.403318091958296918e+02
4.657153716998322052e+05,5.249460602443795651e+06,5.403358098940117316e+02
4.657153417106741108e+05,5.249460635960129090e+06,5.403368105921955475e+02
4.657153041755752638e+05,5.249460669520510361e+06,5.403378114298562878e+02
4.657152666404768243e+05,5.249460703080890700e+06,5.403388122675189607e+02
4.657152291702480870e+05,5.249460747754656710e+06,5.403388131519471926e+02
4.657151916351505206e+05,5.249460781315035187e+06,5.403378139896144603e+02
4.657151541649228893e+05,5.249460825988801196e+06,5.403368148740486276e+02
4.657151091487549129e+05,5.249460870706612244e+06,5.403358158979614245e+02
4.657150641325874021e+05,5.249460915424423292e+06,5.403348169218776320e+02
4.657150191164207645e+05,5.249460960142235272e+06,5.403328179457973874e+02
4.657149741002548253e+05,5.249461004860047251e+06,5.403308189697205535e+02
4.657149291489592870e+05,5.249461060691243969e+06,5.403288200404160762e+02
4.657148841327947448e+05,5.249461105409057811e+06,5.403268210643469729e+02
4.657148316355603165e+05,5.249461161284300499e+06,5.403238222745275152e+02
4.657147866842674557e+05,5.249461217115499079e+06,5.403208233452376135e+02
4.657147341221648967e+05,5.249461261877359822e+06,5.403188245086564621e+02
4.657146816249332041e+05,5.249461317752601579e+06,5.403158257188520111e+02
4.657146291277026758e+05,5.249461373627849855e+06,5.403128269290529033e+02
4.657145766304731369e+05,5.249461429503095336e+06,5.403088281392591625e+02
4.657145241332445876e+05,5.249461485378340818e+06,5.403058293494707414e+02
4.657144640900769737e+05,5.249461541297635995e+06,5.403018306991640429e+02
4.657144115928505198e+05,5.249461597172882408e+06,5.402958319093863793e+02
4.657143516145559843e+05,5.249461664205560461e+06,5.402908333058694552e+02
4.657142991173317423e+05,5.249461720080807805e+06,5.402848345161035013e+02
4.657142390741685522e+05,5.249461776000105776e+06,5.402798358658196776e+02
4.657141790310065262e+05,5.249461831919402815e+06,5.402738372155413344e+02
4.657141265986568178e+05,5.249461898908034898e+06,5.402688384725743163e+02
4.657140665554971201e+05,5.249461954827331938e+06,5.402628398223079103e+02
4.657140065123387030e+05,5.249462010746631771e+06,5.402578411720469376e+02
4.657139465340531315e+05,5.249462077779314481e+06,5.402518425685774446e+02
4.657138864908970427e+05,5.249462133698615246e+06,5.402468439183285227e+02
4.657138265126140905e+05,5.249462200731299818e+06,5.402418453148731032e+02
4.657137664694604464e+05,5.249462256650599651e+06,5.402368466646361185e+02
4.657137140371191781e+05,5.249462323639239185e+06,5.402318479217170761e+02
4.657136539939678623e+05,5.249462379558540881e+06,5.402268492714919148e+02
4.657135940156902070e+05,5.249462446591226384e+06,5.402218506680644623e+02
4.657135339725412778e+05,5.249462502510529943e+06,5.402168520178513518e+02
4.657134739293933380e+05,5.249462558429834433e+06,5.402118533676438119e+02
4.657134139511194662e+05,5.249462625462520868e+06,5.402068547642369367e+02
4.657133539079742040e+05,5.249462681381827220e+06,5.402028561140414240e+02
4.657133014756413759e+05,5.249462748370467685e+06,5.401968573711701538e+02
4.657132414324984420e+05,5.249462804289774969e+06,5.401918587209864882e+02
4.657131813893564977e+05,5.249462860209083185e+06,5.401858600708083031e+02
4.657131213462157757e+05,5.249462916128390469e+06,5.401808614206356651e+02
4.657130613030761597e+05,5.249462972047698684e+06,5.401758627704684841e+02
4.657130013248113100e+05,5.249463039080391638e+06,5.401718641671091063e+02
4.657129488276121556e+05,5.249463094955652021e+06,5.401668653774750055e+02
4.657128887844760320e+05,5.249463150874960236e+06,5.401628667273253086e+02
4.657128287413411890e+05,5.249463206794272177e+06,5.401588680771810687e+02
4.657127762441451778e+05,5.249463262669536285e+06,5.401548692875632014e+02
4.657127237469502725e+05,5.249463318544796668e+06,5.401508704979505637e+02
4.657126637038185145e+05,5.249463374464110471e+06,5.401478718478226710e+02
4.657126112066256464e+05,5.249463430339373648e+06,5.401438730582208336e+02
4.657125587094337679e+05,5.249463486214636825e+06,5.401408742686244295e+02
4.657125061473684618e+05,5.249463530976519920e+06,5.401388754322225623e+02
4.657124536501786206e+05,5.249463586851784028e+06,5.401358766426358216e+02
4.657124011529895361e+05,5.249463642727050930e+06,5.401328778530543104e+02
4.657123485909269657e+05,5.249463687488932163e+06,5.401308790166649487e+02
4.657122960937398020e+05,5.249463743364199996e+06,5.401288802270933047e+02
4.657122435316788033e+05,5.249463788126083091e+06,5.401268813907119011e+02
4.657121985804308788e+05,5.249463843957300298e+06,5.401248824616696993e+02
4.657121460183715681e+05,5.249463888719184324e+06,5.401228836252962537e+02
4.657121010671252734e+05,5.249463944550402462e+06,5.401198846962635116e+02
4.657120560510043870e+05,5.249463989268239588e+06,5.401178857204175756e+02
4.657120034889474628e+05,5.249464034030121751e+06,5.401158868840556124e+02
4.657119584728280897e+05,5.249464078747959808e+06,5.401148879082168150e+02
4.657119134567095316e+05,5.249464123465796933e+06,5.401128889323813382e+02
4.657118684405914973e+05,5.249464168183632195e+06,5.401118899565493621e+02
4.657118234244741616e+05,5.249464212901468389e+06,5.401108909807207965e+02
4.657117859542942024e+05,5.249464257575257681e+06,5.401108918654148283e+02
4.657117409381782054e+05,5.249464302293093875e+06,5.401108928895932877e+02
4.657116959220630233e+05,5.249464347010931931e+06,5.401098939137750676e+02
4.657116584518848686e+05,5.249464391684719361e+06,5.401108947984791939e+02
4.657116133708947455e+05,5.249464425289174542e+06,5.401108957758422093e+02
4.657115759007178131e+05,5.249464469962962903e+06,5.401118966605524747e+02
4.657115383656650083e+05,5.249464503523367457e+06,5.401118974984387933e+02
4.657115008954890654e+05,5.249464548197157681e+06,5.401128983831549704e+02
4.657114633604372502e+05,5.249464581757561304e+06,5.401138992210459264e+02
4.657114258253859589e+05,5.249464615317965858e+06,5.401159000589390189e+02
4.657113883552115294e+05,5.249464659991757013e+06,5.401169009436636088e+02
4.657113583660972654e+05,5.249464693508111872e+06,5.401179016420795733e+02
4.657113208310470800e+05,5.249464727068516426e+06,5.401179024799791932e+02
4.657112832959974185e+05,5.249464760628923774e+06,5.401179033178807458e+02
4.657112533068842604e+05,5.249464794145279564e+06,5.401189040163026220e+02
4.657112233177712769e+05,5.249464827661635354e+06,5.401199047147263173e+02
4.657111857827228378e+05,5.249464861222040839e+06,5.401209055526338716e+02
4.657111557936104946e+05,5.249464894738398492e+06,5.401219062510614322e+02
4.657111257396215806e+05,5.249464917141370475e+06,5.401239069026569268e+02
4.657110957505100523e+05,5.249464950657728128e+06,5.401249076010876706e+02
4.657110657613986405e+05,5.249464984174083918e+06,5.401269082995203235e+02
4.657110432533461135e+05,5.249465006533005275e+06,5.401279088116372122e+02
4.657110132642355748e+05,5.249465040049361996e+06,5.401299095100730483e+02
4.657109832102478831e+05,5.249465062452334911e+06,5.401319101616744547e+02
4.657109607021959382e+05,5.249465084811257198e+06,5.401339106737943894e+02
4.657109382590216701e+05,5.249465118283563294e+06,5.401359112327525054e+02
4.657109082050346769e+05,5.249465140686535276e+06,5.401389118843569577e+02
4.657108856969833141e+05,5.249465163045457564e+06,5.401409123964799619e+02
4.657108631889322423e+05,5.249465185404379852e+06,5.401439129086037383e+02
4.657108406808812288e+05,5.249465207763302140e+06,5.401459134207284478e+02
4.657108181728303898e+05,5.249465230122226290e+06,5.401489139328540432e+02
4.657107956647798419e+05,5.249465252481148578e+06,5.401509144449804580e+02
4.657107731567293522e+05,5.249465274840069935e+06,5.401529149571077824e+02
4.657107581946143182e+05,5.249465297154941596e+06,5.401549153297534076e+02
4.657107356865641777e+05,5.249465319513862953e+06,5.401569158418823235e+02
4.657107206595716416e+05,5.249465330715350807e+06,5.401589161676885169e+02
4.657106981515217922e+05,5.249465353074274026e+06,5.401609166798189108e+02
4.657106831894072238e+05,5.249465375389145687e+06,5.401639170524672409e+02
4.657106681624148041e+05,5.249465386590633541e+06,5.401659173782745711e+02
4.657106456543653039e+05,5.249465408949556760e+06,5.401689178904071014e+02
4.657106306273730588e+05,5.249465420151043683e+06,5.401709182162151137e+02
4.657106156652590726e+05,5.249465442465915345e+06,5.401739185888659449e+02
4.657106006382669439e+05,5.249465453667402267e+06,5.401769189146747294e+02
4.657105856112749316e+05,5.249465464868890122e+06,5.401789192404836513e+02
4.657105781302180840e+05,5.249465476026325487e+06,5.401819194268098272e+02
4.657105631681042723e+05,5.249465498341197148e+06,5.401849197994628184e+02
4.657105481411125511e+05,5.249465509542685933e+06,5.401879201252725125e+02
4.657105331141206552e+05,5.249465520744171925e+06,5.401909204510825475e+02
4.657105256330639822e+05,5.249465531901608221e+06,5.401939206374097466e+02
4.657105106060722610e+05,5.249465543103096075e+06,5.401959209632202601e+02
4.657105031250155880e+05,5.249465554260531440e+06,5.401989211495479140e+02
4.657104956439589150e+05,5.249465565417967737e+06,5.402009213358758188e+02
4.657104881629023585e+05,5.249465576575404033e+06,5.402029215222038374e+02
4.657104731359108118e+05,5.249465587776892819e+06,5.402039218480151703e+02
4.657104656548543135e+05,5.249465598934328184e+06,5.402059220343436436e+02
4.657104581737978733e+05,5.249465610091762617e+06,5.402069222206722543e+02
4.657104506927412585e+05,5.249465621249198914e+06,5.402089224070010687e+02
4.657104431468065013e+05,5.249465621293251403e+06,5.402099225464842220e+02
4.657104432116848766e+05,5.249465632406635210e+06,5.402119225933300868e+02
4.657104357306284946e+05,5.249465643564072438e+06,5.402139227796593559e+02
4.657104281846935628e+05,5.249465643608124927e+06,5.402159229191425993e+02
4.657104207036372973e+05,5.249465654765559360e+06,5.402169231054720058e+02
4.657104207685156725e+05,5.249465665878942236e+06,5.402189231523184390e+02
4.657104132225809153e+05,5.249465665922994725e+06,5.402209232918016824e+02
4.657104057415245334e+05,5.249465677080429159e+06,5.402229234781315199e+02
4.657104057415245334e+05,5.249465677080429159e+06,5.402249234781315863e+02
4.657103982604683260e+05,5.249465688237867318e+06,5.402269236644615376e+02
4.657103982604683260e+05,5.249465688237867318e+06,5.402289236644616039e+02
4.657103983253467595e+05,5.249465699351250194e+06,5.402309237113084919e+02
4.657103907794120023e+05,5.249465699395302683e+06,5.402329238507918490e+02
4.657103907794120023e+05,5.249465699395302683e+06,5.402349238507918017e+02
4.657103908442905522e+05,5.249465710508687422e+06,5.402359238976389406e+02
4.657103832983557368e+05,5.249465710552739911e+06,5.402369240371223214e+02
4.657103832983557368e+05,5.249465710552739911e+06,5.402379240371222977e+02
4.657103832983557368e+05,5.249465710552739911e+06,5.402379240371222977e+02
4.657103833632342285e+05,5.249465721666122787e+06,5.402389240839695503e+02
4.657103833632342285e+05,5.249465721666122787e+06,5.402399240839695267e+02
4.657103833632342285e+05,5.249465721666122787e+06,5.402409240839695030e+02
4.657103833632342285e+05,5.249465721666122787e+06,5.402419240839695931e+02
4.657103833632342285e+05,5.249465721666122787e+06,5.402429240839695694e+02
4.657103833632342285e+05,5.249465721666122787e+06,5.402449240839695221e+02
4.657103833632342285e+05,5.249465721666122787e+06,5.402459240839694985e+02
4.657103909091690439e+05,5.249465721622070298e+06,5.402469239444861842e+02
4.657103909091690439e+05,5.249465721622070298e+06,5.402489239444862505e+02
4.657103909091690439e+05,5.249465721622070298e+06,5.402499239444862269e+02
4.657103909091690439e+05,5.249465721622070298e+06,5.402519239444861796e+02
4.657103909091690439e+05,5.249465721622070298e+06,5.402529239444861560e+02
4.657103984551037429e+05,5.249465721578017808e+06,5.402549238050028180e+02
4.657103984551037429e+05,5.249465721578017808e+06,5.402559238050027943e+02
4.657103984551037429e+05,5.249465721578017808e+06,5.402579238050027470e+02
4.657103984551037429e+05,5.249465721578017808e+06,5.402589238050028371e+02
4.657104060010385001e+05,5.249465721533965319e+06,5.402599236655194090e+02
4.657104060010385001e+05,5.249465721533965319e+06,5.402599236655194090e+02
4.657104060010385001e+05,5.249465721533965319e+06,5.402599236655194090e+02
4.657104135469733155e+05,5.249465721489914693e+06,5.402609235260360947e+02
4.657104135469733155e+05,5.249465721489914693e+06,5.402609235260360947e+02
4.657104210280295229e+05,5.249465710332479328e+06,5.402609233397055277e+02
4.657104210280295229e+05,5.249465710332479328e+06,5.402619233397055041e+02
4.657104285739642801e+05,5.249465710288426839e+06,5.402619232002220997e+02
4.657104285739642801e+05,5.249465710288426839e+06,5.402619232002220997e+02
4.657104361198990955e+05,5.249465710244374350e+06,5.402629230607387854e+02
4.657104361198990955e+05,5.249465710244374350e+06,5.402629230607387854e+02
4.657104436009554775e+05,5.249465699086937122e+06,5.402639228744084221e+02
4.657104436009554775e+05,5.249465699086937122e+06,5.402639228744084221e+02
4.657104511468901765e+05,5.249465699042884633e+06,5.402649227349251078e+02
4.657104511468901765e+05,5.249465699042884633e+06,5.402659227349250841e+02
4.657104586279466166e+05,5.249465687885450199e+06,5.402659225485949719e+02
4.657104586279466166e+05,5.249465687885450199e+06,5.402669225485949482e+02
4.657104661738813738e+05,5.249465687841397710e+06,5.402679224091116339e+02
4.657104661738813738e+05,5.249465687841397710e+06,5.402679224091116339e+02
4.657104736549377558e+05,5.249465676683960482e+06,5.402689222227818391e+02
4.657104736549377558e+05,5.249465676683960482e+06,5.402699222227818154e+02
4.657104812008726294e+05,5.249465676639907993e+06,5.402699220832984111e+02
4.657104812008726294e+05,5.249465676639907993e+06,5.402699220832984111e+02
4.657104886819290114e+05,5.249465665482472628e+06,5.402699218969687536e+02
4.657104886819290114e+05,5.249465665482472628e+06,5.402699218969687536e+02
4.657104962278637686e+05,5.249465665438421071e+06,5.402699217574854629e+02
4.657105037737987004e+05,5.249465665394368581e+06,5.402699216180021722e+02
4.657105037089203834e+05,5.249465654280985706e+06,5.402709215711561228e+02
4.657105112548551988e+05,5.249465654236933216e+06,5.402709214316728321e+02
4.657105112548551988e+05,5.249465654236933216e+06,5.402709214316728321e+02
4.657105188007900142e+05,5.249465654192881659e+06,5.402709212921895414e+02
4.657105187359116971e+05,5.249465643079498783e+06,5.402719212453436057e+02
4.657105262818466290e+05,5.249465643035448156e+06,5.402719211058603150e+02
4.657105262818466290e+05,5.249465643035448156e+06,5.402719211058603150e+02
4.657105337629031856e+05,5.249465631878010929e+06,5.402719209195313397e+02
4.657105413088380010e+05,5.249465631833958440e+06,5.402729207800480253e+02
4.657105413088380010e+05,5.249465631833958440e+06,5.402729207800480253e+02
4.657105487898946740e+05,5.249465620676523075e+06,5.402729205937192773e+02
4.657105487898946740e+05,5.249465620676523075e+06,5.402739205937192537e+02
4.657105563358295476e+05,5.249465620632470585e+06,5.402739204542360767e+02
4.657105562709513470e+05,5.249465609519086778e+06,5.402739204073907331e+02
4.657105638168862206e+05,5.249465609475034289e+06,5.402739202679074424e+02
4.657105638168862206e+05,5.249465609475034289e+06,5.402739202679074424e+02
4.657105712979430100e+05,5.249465598317597993e+06,5.402729200815791728e+02
4.657105788438778254e+05,5.249465598273546435e+06,5.402729199420959958e+02
4.657105788438778254e+05,5.249465598273546435e+06,5.402729199420959958e+02
4.657105863249345566e+05,5.249465587116112001e+06,5.402729197557678162e+02
4.657105863249345566e+05,5.249465587116112001e+06,5.402719197557678399e+02
4.657105938708695467e+05,5.249465587072060443e+06,5.402719196162845492e+02
4.657105938059914624e+05,5.249465575958675705e+06,5.402719195694398877e+02
4.657106013519262779e+05,5.249465575914624147e+06,5.402719194299565970e+02
4.657106013519262779e+05,5.249465575914624147e+06,5.402719194299565970e+02
4.657106088329830673e+05,5.249465564757187851e+06,5.402729192436289622e+02
4.657106088329830673e+05,5.249465564757187851e+06,5.402729192436289622e+02
4.657106163789181155e+05,5.249465564713136293e+06,5.402729191041457852e+02
4.657106163140399731e+05,5.249465553599752486e+06,5.402729190573014648e+02
4.657106238599749049e+05,5.249465553555699997e+06,5.402729189178182878e+02
4.657106238599749049e+05,5.249465553555699997e+06,5.402739189178182642e+02
4.657106313410318107e+05,5.249465542398263700e+06,5.402739187314909941e+02
4.657106313410318107e+05,5.249465542398263700e+06,5.402739187314909941e+02
4.657106388869668008e+05,5.249465542354212143e+06,5.402729185920078407e+02
4.657106388220887748e+05,5.249465531240828335e+06,5.402729185451638614e+02
4.657106388220887748e+05,5.249465531240828335e+06,5.402719185451637713e+02
4.657106463680237648e+05,5.249465531196776778e+06,5.402709184056807317e+02
4.657106463031456806e+05,5.249465520083392970e+06,5.402709183588369797e+02
4.657106463031456806e+05,5.249465520083392970e+06,5.402699183588368896e+02
4.657106538490807870e+05,5.249465520039341412e+06,5.402689182193538500e+02
4.657106538490807870e+05,5.249465520039341412e+06,5.402689182193538500e+02
4.657106537842028192e+05,5.249465508925959468e+06,5.402679181725102353e+02
4.657106613301376929e+05,5.249465508881906979e+06,5.402679180330271720e+02
4.657106613301376929e+05,5.249465508881906979e+06,5.402679180330271720e+02
4.657106613301376929e+05,5.249465508881906979e+06,5.402679180330271720e+02
4.657106612652597250e+05,5.249465497768522240e+06,5.402669179861836710e+02
4.657106688111947151e+05,5.249465497724469751e+06,5.402669178467006077e+02
4.657106688111947151e+05,5.249465497724469751e+06,5.402669178467006077e+02
4.657106688111947151e+05,5.249465497724469751e+06,5.402669178467006077e+02
4.657106687463167473e+05,5.249465486611085944e+06,5.402669177998573105e+02
4.657106762922518537e+05,5.249465486567034386e+06,5.402669176603743608e+02
4.657106762922518537e+05,5.249465486567034386e+06,5.402639176603743181e+02
4.657106762273738859e+05,5.249465475453650579e+06,5.402599176135312291e+02
4.657106762273738859e+05,5.249465475453650579e+06,5.402529176135312809e+02
4.657106837733089342e+05,5.249465475409598090e+06,5.402439174740483168e+02
4.657106837733089342e+05,5.249465475409598090e+06,5.402319174740482595e+02
4.657106837733089342e+05,5.249465475409598090e+06,5.402189174740482258e+02
4.657106913192439242e+05,5.249465475365546532e+06,5.402039173345651761e+02
4.657106912543660146e+05,5.249465464252163656e+06,5.401879172877222572e+02
4.657106912543660146e+05,5.249465464252163656e+06,5.401699172877223418e+02
4.657106988003011793e+05,5.249465464208112098e+06,5.401519171482393631e+02
4.657106988003011793e+05,5.249465464208112098e+06,5.401319171482393813e+02
4.657106988003011793e+05,5.249465464208112098e+06,5.401119171482393995e+02
4.657106987354232115e+05,5.249465453094728291e+06,5.400919171013965752e+02
4.657107062813582015e+05,5.249465453050676733e+06,5.400699169619136910e+02
4.657107062813582015e+05,5.249465453050676733e+06,5.400489169619136192e+02
4.657107062813582015e+05,5.249465453050676733e+06,5.400269169619136846e+02
4.657107062813582015e+05,5.249465453050676733e+06,5.400039169619136601e+02
4.657107137624152820e+05,5.249465441893241368e+06,5.399819167755881608e+02
4.657107137624152820e+05,5.249465441893241368e+06,5.399589167755881363e+02
4.657107137624152820e+05,5.249465441893241368e+06,5.399359167755881117e+02
4.657107137624152820e+05,5.249465441893241368e+06,5.399129167755882008e+02
4.657107137624152820e+05,5.249465441893241368e+06,5.398899167755881763e+02
4.657107212434726534e+05,5.249465430735806003e+06,5.398659165892628380e+02
4.657107212434726534e+05,5.249465430735806003e+06,5.398409165892628607e+02
4.657107212434726534e+05,5.249465430735806003e+06,5.398169165892628598e+02
4.657107212434726534e+05,5.249465430735806003e+06,5.397919165892628826e+02
4.657107287894077017e+05,5.249465430691753514e+06,5.397679164497799320e+02
4.657107287894077017e+05,5.249465430691753514e+06,5.397429164497799547e+02
4.657107287894077017e+05,5.249465430691753514e+06,5.397189164497799538e+02
4.657107287245298503e+05,5.249465419578369707e+06,5.396939164029378162e+02
4.657107287245298503e+05,5.249465419578369707e+06,5.396699164029378153e+02
4.657107362704648986e+05,5.249465419534318149e+06,5.396459162634548647e+02
4.657107362704648986e+05,5.249465419534318149e+06,5.396219162634548638e+02
4.657107362704648986e+05,5.249465419534318149e+06,5.395979162634548629e+02
4.657107362704648986e+05,5.249465419534318149e+06,5.395739162634548620e+02
4.657107362055870472e+05,5.249465408420934342e+06,5.395499162166129281e+02
4.657107362055870472e+05,5.249465408420934342e+06,5.395259162166129272e+02
4.657107362055870472e+05,5.249465408420934342e+06,5.395019162166129263e+02
4.657107362055870472e+05,5.249465408420934342e+06,5.394779162166129254e+02
4.657107437515222700e+05,5.249465408376881853e+06,5.394539160771299748e+02
4.657107437515222700e+05,5.249465408376881853e+06,5.394309160771299503e+02
4.657107437515222700e+05,5.249465408376881853e+06,5.394069160771299494e+02
4.657107436866444768e+05,5.249465397263497114e+06,5.393819160302881528e+02
4.657107436866444768e+05,5.249465397263497114e+06,5.393579160302881519e+02
4.657107436866444768e+05,5.249465397263497114e+06,5.393329160302881746e+02
4.657107436866444768e+05,5.249465397263497114e+06,5.393079160302881974e+02
4.657107436866444768e+05,5.249465397263497114e+06,5.392839160302881965e+02
4.657107436866444768e+05,5.249465397263497114e+06,5.392599160302881955e+02
4.657107512325795833e+05,5.249465397219445556e+06,5.392359158908052450e+02
4.657107512325795833e+05,5.249465397219445556e+06,5.392109158908053814e+02
4.657107512325795833e+05,5.249465397219445556e+06,5.391869158908052668e+02
4.657107512325795833e+05,5.249465397219445556e+06,5.391629158908053796e+02
4.657107512325795833e+05,5.249465397219445556e+06,5.391399158908052414e+02
4.657107511677017319e+05,5.249465386106063612e+06,5.391159158439636485e+02
4.657107511677017319e+05,5.249465386106063612e+06,5.390919158439636476e+02
4.657107511677017319e+05,5.249465386106063612e+06,5.390689158439636230e+02
4.657107511677017319e+05,5.249465386106063612e+06,5.390449158439637358e+02
4.657107511677017319e+05,5.249465386106063612e+06,5.390219158439635976e+02
4.657107511677017319e+05,5.249465386106063612e+06,5.389989158439636867e+02
4.657107511677017319e+05,5.249465386106063612e+06,5.389749158439636858e+02
4.657107511677017319e+05,5.249465386106063612e+06,5.389519158439636612e+02
4.657107511677017319e+05,5.249465386106063612e+06,5.389289158439637504e+02
4.657107511677017319e+05,5.249465386106063612e+06,5.389049158439636358e+02
4.657107511677017319e+05,5.249465386106063612e+06,5.388799158439636585e+02
4.657107511677017319e+05,5.249465386106063612e+06,5.388559158439636576e+02
4.657107511677017319e+05,5.249465386106063612e+06,5.388319158439636567e+02
4.657107511677017319e+05,5.249465386106063612e+06,5.388069158439636794e+02
4.657107511677017319e+05,5.249465386106063612e+06,5.387829158439636785e+02
4.657107511677017319e+05,5.249465386106063612e+06,5.387589158439636776e+02
4.657107511677017319e+05,5.249465386106063612e+06,5.387349158439636767e+02
4.657107511028239387e+05,5.249465374992679805e+06,5.387109157971221975e+02
4.657107511028239387e+05,5.249465374992679805e+06,5.386879157971221730e+02
4.657107511028239387e+05,5.249465374992679805e+06,5.386639157971221721e+02
4.657107511028239387e+05,5.249465374992679805e+06,5.386399157971221712e+02
4.657107511028239387e+05,5.249465374992679805e+06,5.386169157971221466e+02
4.657107511028239387e+05,5.249465374992679805e+06,5.385939157971221221e+02
4.657107511028239387e+05,5.249465374992679805e+06,5.385699157971221211e+02
4.657107511028239387e+05,5.249465374992679805e+06,5.385469157971222103e+02
4.657107511028239387e+05,5.249465374992679805e+06,5.385239157971221857e+02
4.657107511028239387e+05,5.249465374992679805e+06,5.385009157971221612e+02
4.657107511028239387e+05,5.249465374992679805e+06,5.384779157971221366e+02
4.657107511028239387e+05,5.249465374992679805e+06,5.384549157971221121e+02
4.657107511028239387e+05,5.249465374992679805e+06,5.384319157971222012e+02
4.657107511028239387e+05,5.249465374992679805e+06,5.384079157971222003e+02
4.657107511028239387e+05,5.249465374992679805e+06,5.383839157971221994e+02
4.657107511028239387e+05,5.249465374992679805e+06,5.383599157971221985e+02
4.657107511028239387e+05,5.249465374992679805e+06,5.383369157971221739e+02
4.657107511028239387e+05,5.249465374992679805e+06,5.383129157971221730e+02
4.657107511028239387e+05,5.249465374992679805e+06,5.382899157971221484e+02
4.657107511028239387e+05,5.249465374992679805e+06,5.382669157971221239e+02
4.657107511028239387e+05,5.249465374992679805e+06,5.382429157971221230e+02
4.657107511028239387e+05,5.249465374992679805e+06,5.382199157971222121e+02
4.657107511028239387e+05,5.249465374992679805e+06,5.381969157971221875e+02
4.657107511028239387e+05,5.249465374992679805e+06,5.381749157971221393e+02
4.657107511028239387e+05,5.249465374992679805e+06,5.381519157971221148e+02
4.657107511028239387e+05,5.249465374992679805e+06,5.381289157971222039e+02
4.657107511028239387e+05,5.249465374992679805e+06,5.381059157971221794e+02
4.657107511028239387e+05,5.249465374992679805e+06,5.380829157971221548e+02
4.657107511028239387e+05,5.249465374992679805e+06,5.380609157971221066e+02
4.657107511028239387e+05,5.249465374992679805e+06,5.380379157971221957e+02
4.657107511028239387e+05,5.249465374992679805e+06,5.380159157971221475e+02
4.657107511028239387e+05,5.249465374992679805e+06,5.379929157971221230e+02
4.657107511028239387e+05,5.249465374992679805e+06,5.379699157971222121e+02
4.657107511028239387e+05,5.249465374992679805e+06,5.379459157971222112e+02
4.657107511028239387e+05,5.249465374992679805e+06,5.379219157971222103e+02
4.657107511028239387e+05,5.249465374992679805e+06,5.378979157971222094e+02
4.657107511028239387e+05,5.249465374992679805e+06,5.378749157971221848e+02
4.657107586487591034e+05,5.249465374948628247e+06,5.378509156576393480e+02
4.657107586487591034e+05,5.249465374948628247e+06,5.378269156576393470e+02
4.657107586487591034e+05,5.249465374948628247e+06,5.378039156576394362e+02
4.657107586487591034e+05,5.249465374948628247e+06,5.377809156576394116e+02
4.657107586487591034e+05,5.249465374948628247e+06,5.377579156576393871e+02
4.657107586487591034e+05,5.249465374948628247e+06,5.377339156576393862e+02
4.657107586487591034e+05,5.249465374948628247e+06,5.377109156576393616e+02
4.657107586487591034e+05,5.249465374948628247e+06,5.376889156576394271e+02
4.657107586487591034e+05,5.249465374948628247e+06,5.376659156576394025e+02
4.657107586487591034e+05,5.249465374948628247e+06,5.376429156576393780e+02
4.657107586487591034e+05,5.249465374948628247e+06,5.376199156576393534e+02
4.657107586487591034e+05,5.249465374948628247e+06,5.375979156576394189e+02
4.657107586487591034e+05,5.249465374948628247e+06,5.375749156576393943e+02
4.657107586487591034e+05,5.249465374948628247e+06,5.375529156576393461e+02
4.657107586487591034e+05,5.249465374948628247e+06,5.375299156576394353e+02
4.657107586487591034e+05,5.249465374948628247e+06,5.375069156576394107e+02
4.657107586487591034e+05,5.249465374948628247e+06,5.374839156576393862e+02
4.657107586487591034e+05,5.249465374948628247e+06,5.374599156576393852e+02
4.657107586487591034e+05,5.249465374948628247e+06,5.374369156576393607e+02
4.657107586487591034e+05,5.249465374948628247e+06,5.374139156576393361e+02
4.657107586487591034e+05,5.249465374948628247e+06,5.373909156576394253e+02
4.657107586487591034e+05,5.249465374948628247e+06,5.373679156576394007e+02
4.657107586487591034e+05,5.249465374948628247e+06,5.373449156576393761e+02
4.657107586487591034e+05,5.249465374948628247e+06,5.373219156576393516e+02
4.657107586487591034e+05,5.249465374948628247e+06,5.372989156576393270e+02
4.657107586487591034e+05,5.249465374948628247e+06,5.372759156576394162e+02
4.657107586487591034e+05,5.249465374948628247e+06,5.372539156576393680e+02
4.657107586487591034e+05,5.249465374948628247e+06,5.372309156576393434e+02
4.657107586487591034e+05,5.249465374948628247e+06,5.372089156576394089e+02
4.657107586487591034e+05,5.249465374948628247e+06,5.371869156576393607e+02
4.657107586487591034e+05,5.249465374948628247e+06,5.371639156576393361e+02
4.657107586487591034e+05,5.249465374948628247e+06,5.371419156576394016e+02
4.657107586487591034e+05,5.249465374948628247e+06,5.371199156576393534e+02
4.657107586487591034e+05,5.249465374948628247e+06,5.370979156576394189e+02
4.657107586487591034e+05,5.249465374948628247e+06,5.370759156576393707e+02
4.657107585838812520e+05,5.249465363835244440e+06,5.370539156107980716e+02
4.657107585838812520e+05,5.249465363835244440e+06,5.370309156107980471e+02
4.657107585838812520e+05,5.249465363835244440e+06,5.370079156107980225e+02
4.657107585838812520e+05,5.249465363835244440e+06,5.369849156107979979e+02
4.657107585838812520e+05,5.249465363835244440e+06,5.369629156107980634e+02
4.657107585838812520e+05,5.249465363835244440e+06,5.369399156107980389e+02
4.657107585838812520e+05,5.249465363835244440e+06,5.369179156107979907e+02
4.657107585838812520e+05,5.249465363835244440e+06,5.368949156107980798e+02
4.657107585838812520e+05,5.249465363835244440e+06,5.368729156107980316e+02
4.657107585838812520e+05,5.249465363835244440e+06,5.368509156107979834e+02
4.657107585838812520e+05,5.249465363835244440e+06,5.368289156107980489e+02
4.657107585838812520e+05,5.249465363835244440e+06,5.368069156107981144e+02
4.657107585838812520e+05,5.249465363835244440e+06,5.367849156107980662e+02
4.657107585838812520e+05,5.249465363835244440e+06,5.367629156107980180e+02
4.657107585838812520e+05,5.249465363835244440e+06,5.367409156107980834e+02
4.657107585838812520e+05,5.249465363835244440e+06,5.367189156107980352e+02
4.657107585838812520e+05,5.249465363835244440e+06,5.366979156107979634e+02
4.657107585838812520e+05,5.249465363835244440e+06,5.366759156107980289e+02
4.657107585838812520e+05,5.249465363835244440e+06,5.366539156107980943e+02
4.657107585838812520e+05,5.249465363835244440e+06,5.366319156107980461e+02
4.657107585838812520e+05,5.249465363835244440e+06,5.366099156107979979e+02
4.657107585190034006e+05,5.249465352721859701e+06,5.365879155639569262e+02
4.657107585190034006e+05,5.249465352721859701e+06,5.365649155639569017e+02
4.657107585190034006e+05,5.249465352721859701e+06,5.365429155639568535e+02
4.657107585190034006e+05,5.249465352721859701e+06,5.365209155639569190e+02
4.657107585190034006e+05,5.249465352721859701e+06,5.364979155639568944e+02
4.657107585190034006e+05,5.249465352721859701e+06,5.364759155639568462e+02
4.657107585190034006e+05,5.249465352721859701e+06,5.364539155639569117e+02
4.657107585190034006e+05,5.249465352721859701e+06,5.364309155639568871e+02
4.657107585190034006e+05,5.249465352721859701e+06,5.364089155639568389e+02
4.657107585190034006e+05,5.249465352721859701e+06,5.363869155639569044e+02
4.657107585190034006e+05,5.249465352721859701e+06,5.363649155639568562e+02
4.657107585190034006e+05,5.249465352721859701e+06,5.363429155639569217e+02
4.657107585190034006e+05,5.249465352721859701e+06,5.363209155639568735e+02
4.657107585190034006e+05,5.249465352721859701e+06,5.362989155639568253e+02
4.657107585190034006e+05,5.249465352721859701e+06,5.362769155639568908e+02
4.657107585190034006e+05,5.249465352721859701e+06,5.362559155639569326e+02
4.657107585190034006e+05,5.249465352721859701e+06,5.362339155639568844e+02
4.657107585190034006e+05,5.249465352721859701e+06,5.362119155639568362e+02
4.657107585190034006e+05,5.249465352721859701e+06,5.361899155639569017e+02
4.657107585190034006e+05,5.249465352721859701e+06,5.361679155639568535e+02
4.657107585190034006e+05,5.249465352721859701e+06,5.361459155639569190e+02
4.657107585190034006e+05,5.249465352721859701e+06,5.361239155639568708e+02
4.657107585190034006e+05,5.249465352721859701e+06,5.361019155639568226e+02
4.657107585190034006e+05,5.249465352721859701e+06,5.360799155639568880e+02
4.657107585190034006e+05,5.249465352721859701e+06,5.360579155639568398e+02
4.657107585190034006e+05,5.249465352721859701e+06,5.360369155639568817e+02
4.657107585190034006e+05,5.249465352721859701e+06,5.360149155639568335e+02
4.657107585190034006e+05,5.249465352721859701e+06,5.359929155639568989e+02
4.657107509730682359e+05,5.249465352765910327e+06,5.359709157034395730e+02
4.657107509730682359e+05,5.249465352765910327e+06,5.359499157034396148e+02
4.657107509730682359e+05,5.249465352765910327e+06,5.359279157034395666e+02
4.657107509730682359e+05,5.249465352765910327e+06,5.359069157034396085e+02
4.657107509730682359e+05,5.249465352765910327e+06,5.358849157034395603e+02
4.657107509730682359e+05,5.249465352765910327e+06,5.358639157034396021e+02
4.657107509730682359e+05,5.249465352765910327e+06,5.358419157034395539e+02
4.657107509730682359e+05,5.249465352765910327e+06,5.358209157034395957e+02
4.657107509730682359e+05,5.249465352765910327e+06,5.357989157034395475e+02
4.657107509730682359e+05,5.249465352765910327e+06,5.357779157034395894e+02
4.657107509730682359e+05,5.249465352765910327e+06,5.357569157034396312e+02
4.657107509730682359e+05,5.249465352765910327e+06,5.357349157034395830e+02
4.657107509730682359e+05,5.249465352765910327e+06,5.357129157034396485e+02
4.657107509730682359e+05,5.249465352765910327e+06,5.356909157034396003e+02
4.657107509730682359e+05,5.249465352765910327e+06,5.356689157034395521e+02
4.657107509730682359e+05,5.249465352765910327e+06,5.356469157034396176e+02
4.657107509730682359e+05,5.249465352765910327e+06,5.356249157034395694e+02
4.657107509730682359e+05,5.249465352765910327e+06,5.356029157034396349e+02
4.657107509081904427e+05,5.249465341652526520e+06,5.355819156565985395e+02
4.657107509081904427e+05,5.249465341652526520e+06,5.355599156565986050e+02
4.657107433622552198e+05,5.249465341696578078e+06,5.355379157960812790e+02
4.657107509081904427e+05,5.249465341652526520e+06,5.355339156565985377e+02
4.657107509081904427e+05,5.249465341652526520e+06,5.355339156565985377e+02
4.657107509081904427e+05,5.249465341652526520e+06,5.355339156565985377e+02
4.657107509081904427e+05,5.249465341652526520e+06,5.355339156565985377e+02
4.657107509081904427e+05,5.249465341652526520e+06,5.355339156565985377e+02
4.657107509730682359e+05,5.249465352765910327e+06,5.355349157034396512e+02
4.657107509730682359e+05,5.249465352765910327e+06,5.355349157034396512e+02
4.657107509730682359e+05,5.249465352765910327e+06,5.355349157034396512e+02
4.657107509730682359e+05,5.249465352765910327e+06,5.355349157034396512e+02
4.657107509730682359e+05,5.249465352765910327e+06,5.355359157034396276e+02
4.657107509730682359e+05,5.249465352765910327e+06,5.355349157034396512e+02
4.657107509730682359e+05,5.249465352765910327e+06,5.355349157034396512e+02
4.657107509730682359e+05,5.249465352765910327e+06,5.355349157034396512e+02
4.657107509081904427e+05,5.249465341652526520e+06,5.355339156565985377e+02
4.657107509081904427e+05,5.249465341652526520e+06,5.355339156565985377e+02
4.657107509081904427e+05,5.249465341652526520e+06,5.355339156565985377e+02
4.657107509081904427e+05,5.249465341652526520e+06,5.355339156565985377e+02
4.657107509081904427e+05,5.249465341652526520e+06,5.355339156565985377e+02
4.657107509081904427e+05,5.249465341652526520e+06,5.355329156565985613e+02
4.657107509081904427e+05,5.249465341652526520e+06,5.355339156565985377e+02
4.657107509081904427e+05,5.249465341652526520e+06,5.355329156565985613e+02
4.657107509081904427e+05,5.249465341652526520e+06,5.355329156565985613e+02
4.657107509081904427e+05,5.249465341652526520e+06,5.355329156565985613e+02
4.657107509081904427e+05,5.249465341652526520e+06,5.355329156565985613e+02
4.657107509081904427e+05,5.249465341652526520e+06,5.355329156565985613e+02
4.657107509081904427e+05,5.249465341652526520e+06,5.355329156565985613e+02
4.657107509081904427e+05,5.249465341652526520e+06,5.355329156565985613e+02
4.657107509081904427e+05,5.249465341652526520e+06,5.355329156565985613e+02
4.657107509730682359e+05,5.249465352765910327e+06,5.355329157034395848e+02
4.657107509730682359e+05,5.249465352765910327e+06,5.355329157034395848e+02
4.657107509730682359e+05,5.249465352765910327e+06,5.355319157034396085e+02
4.657107584541256074e+05,5.249465341608475894e+06,5.355309155171158864e+02
4.657107584541256074e+05,5.249465341608475894e+06,5.355299155171159100e+02
4.657107584541256074e+05,5.249465341608475894e+06,5.355289155171158200e+02
4.657107584541256074e+05,5.249465341608475894e+06,5.355279155171158436e+02
4.657107584541256074e+05,5.249465341608475894e+06,5.355279155171158436e+02
4.657107584541256074e+05,5.249465341608475894e+06,5.355269155171158673e+02
4.657107584541256074e+05,5.249465341608475894e+06,5.355269155171158673e+02
4.657107584541256074e+05,5.249465341608475894e+06,5.355259155171158909e+02
4.657107584541256074e+05,5.249465341608475894e+06,5.355259155171158909e+02
4.657107584541256074e+05,5.249465341608475894e+06,5.355249155171158009e+02
4.657107584541256074e+05,5.249465341608475894e+06,5.355249155171158009e+02
4.657107584541256074e+05,5.249465341608475894e+06,5.355249155171158009e+02
4.657107584541256074e+05,5.249465341608475894e+06,5.355239155171158245e+02
4.657107584541256074e+05,5.249465341608475894e+06,5.355239155171158245e+02
4.657107584541256074e+05,5.249465341608475894e+06,5.355239155171158245e+02
4.657107584541256074e+05,5.249465341608475894e+06,5.355229155171158482e+02
4.657107584541256074e+05,5.249465341608475894e+06,5.355229155171158482e+02
4.657107584541256074e+05,5.249465341608475894e+06,5.355229155171158482e+02
4.657107584541256074e+05,5.249465341608475894e+06,5.355229155171158482e+02
4.657107584541256074e+05,5.249465341608475894e+06,5.355219155171158718e+02
4.657107584541256074e+05,5.249465341608475894e+06,5.355199155171158054e+02
4.657107584541256074e+05,5.249465341608475894e+06,5.355179155171158527e+02
4.657107584541256074e+05,5.249465341608475894e+06,5.355169155171158764e+02
4.657107584541256074e+05,5.249465341608475894e+06,5.355149155171158100e+02
4.657107584541256074e+05,5.249465341608475894e+06,5.355139155171158336e+02
4.657107584541256074e+05,5.249465341608475894e+06,5.355129155171158573e+02
4.657107584541256074e+05,5.249465341608475894e+06,5.355109155171159045e+02
4.657107584541256074e+05,5.249465341608475894e+06,5.355099155171158145e+02
4.657107584541256074e+05,5.249465341608475894e+06,5.355089155171158382e+02
4.657107584541256074e+05,5.249465341608475894e+06,5.355079155171158618e+02
4.657107584541256074e+05,5.249465341608475894e+06,5.355069155171158855e+02
4.657107584541256074e+05,5.249465341608475894e+06,5.355059155171159091e+02
4.657107584541256074e+05,5.249465341608475894e+06,5.355049155171158191e+02
4.657107584541256074e+05,5.249465341608475894e+06,5.355039155171158427e+02
