2.031063288450241089e-02,8.500063791872271290e-03,9.805480957031250000e+00,1.370169688016176224e-03,-6.486392521765111535e-05,-2.342596184462308884e-03
-5.523393303155899048e-02,-1.604204811155676355e-02,9.786892890930175781e+00,-1.520523568615317345e-03,2.809014869853854179e-03,-1.636551460251212554e-03
-5.754903331398963928e-02,-2.161590941250204206e-02,9.808854103088378906e+00,2.474384848028421402e-03,-2.697904128581287645e-04,-1.599987270310521126e-03
-4.582078009843826294e-02,-6.865688133983603725e-03,9.802420616149902344e+00,9.903972968459129333e-04,1.580379670485853932e-03,-2.204510383307933807e-03
-5.481912195682525635e-02,-3.494596853852151991e-02,9.789163589477539062e+00,4.435422364622354507e-03,7.202017004601651970e-04,-4.310946445912122726e-03
-2.912352234125137329e-02,-9.743439033626311377e-03,9.785657882690429688e+00,1.494859112426638603e-03,-2.429498359560966492e-03,1.126679853769022228e-04
-4.815685749053955078e-02,-6.610359530894749716e-03,9.788158416748046875e+00,-2.575037069618701935e-03,-5.757787730544806611e-04,-1.178349717520177364e-03
-3.762706369161605835e-02,7.709547411651616194e-03,9.776430130004882812e+00,2.407238120213150978e-03,-1.761733437888324261e-03,4.723512683995070242e-04
-1.408080291002988815e-02,2.475471235812911220e-03,9.805393218994140625e+00,1.998499035835266113e-03,4.031618591398000717e-03,-3.207573434337974028e-03
-6.431139260530471802e-02,1.304346416145682822e-02,9.779444694519042969e+00,6.379701080732047558e-04,-1.017726492136716843e-03,5.514479125849903714e-04
-3.735414706170558929e-03,1.630910113453984747e-02,9.777974128723144531e+00,3.204680979251861572e-03,-3.507049987092614716e-04,-5.833515315316617489e-04
-8.724180050194263458e-03,1.632339507341504931e-02,9.815999031066894531e+00,3.243857645429670811e-04,6.510222447104750980e-04,-6.535130669362844121e-04
-2.495704032480716705e-02,1.437451411038756337e-02,9.725290298461914062e+00,7.174370693974196911e-04,4.037794657051563263e-03,1.071692677214741273e-03
-3.090672194957733154e-02,6.919998675584912440e-02,9.801201820373535156e+00,-1.032453961670398712e-03,-2.332326024770736694e-03,-1.203013234771787903e-03
-4.519921168684959412e-02,1.604826003313184618e-02,9.809255599975585938e+00,1.189103117212653160e-03,3.472777898423370447e-04,-2.673839684575796127e-03
-1.945485174655914307e-02,7.709631230683333322e-03,9.784942626953125000e+00,-2.024419140070676804e-03,-4.248674027621746063e-03,-1.461918232962488694e-03
-2.909160405397415161e-02,8.575398474932915613e-03,9.783370971679687500e+00,1.933765364810824394e-03,-4.867719020694494247e-03,-6.502062315121287647e-04
-6.525418162345886230e-02,-6.252637133001085097e-03,9.769930839538574219e+00,-3.373899031430482864e-03,-2.593399956822395325e-03,4.783389740623536978e-04
-1.127358339726924896e-02,2.665401622653126856e-02,9.745996475219726562e+00,-1.717399456538259983e-03,-3.305423771962523460e-03,-1.203928492031991048e-03
-5.217644572257995605e-02,1.332520623692578935e-03,9.789461135864257812e+00,-1.337769906967878342e-03,1.030838000588119247e-03,1.384928356856107495e-03
-5.252643674612045288e-02,-5.222264211623662070e-03,9.786020278930664062e+00,3.509661881253123283e-03,2.010902971960614016e-05,8.089669863693416119e-04
-1.294823084026575089e-02,1.235872879624486630e-02,9.791133880615234375e+00,3.014384303241968155e-03,-3.781058127060532570e-03,3.929171944037084690e-04
-5.099177360534667969e-02,2.286800555884957800e-02,9.786270141601562500e+00,9.181255009025335312e-04,-3.126067342236638069e-03,6.882497109472755954e-04
-1.078245975077152252e-02,2.158327028155446886e-02,9.800779342651367188e+00,-5.323680583387613297e-03,-3.464448731392621994e-03,4.408807144500319526e-04
-2.606596425175666809e-02,5.100188776851894736e-03,9.749337196350097656e+00,1.493675517849624157e-04,3.325847676023840471e-03,-2.248382894322276549e-03
-5.227161571383476257e-02,4.131517931819082140e-02,9.806773185729980469e+00,-3.836346091702580452e-03,-3.017455572262406349e-03,-1.330252154730259938e-03
-2.003528364002704620e-02,-1.774069969541124331e-03,9.800340652465820312e+00,1.964910421520471573e-03,9.593111462891099669e-04,-1.499136211350560405e-03
-2.225029841065406799e-02,2.193472906947255968e-02,9.805169105529785156e+00,-4.983146209269762039e-04,-8.879417437128718331e-04,3.713716985657811165e-03
-7.198319770395755768e-03,4.500374570489049791e-02,9.799016952514648438e+00,2.250342862680554390e-03,-2.615505829453468323e-03,-8.530333871021863546e-04
-5.305205285549163818e-02,-4.519436974077218998e-03,9.784101486206054688e+00,5.966603755950927734e-03,8.052233024500310421e-04,-2.098260301863775741e-04
-1.709380559623241425e-02,1.535352785140396172e-02,9.820843696594238281e+00,-9.943504119291901588e-04,-1.565083395689726310e-03,-3.565146587789058685e-03
-2.401995658874511719e-02,6.244610995054365038e-02,9.786383628845214844e+00,2.284331247210502625e-03,2.641404047608375549e-03,8.712983981240508217e-05
-3.413103893399238586e-02,-1.980380387975566505e-03,9.793070793151855469e+00,-2.606328635010868311e-04,-1.895286142826080322e-03,-4.258934641256926276e-04
-9.344314457848668098e-04,1.837490499019742499e-02,9.761942863464355469e+00,-1.760453102178871632e-03,1.845568884164095142e-03,1.834125490859150670e-03
-2.107369899749755859e-02,-2.482997626066088190e-02,9.772404670715332031e+00,-2.183425240218639374e-04,-3.863283433020114899e-03,-1.358828973025083108e-03
-1.954840309917926788e-02,1.306749414652706547e-02,9.838006973266601562e+00,1.040090573951601982e-03,3.143651643767952919e-03,-8.402101229876664384e-06
-3.514900803565979004e-02,8.400757797063595697e-03,9.787304878234863281e+00,3.483779146336019039e-04,-6.072237738408410022e-06,-2.133770147338509560e-03
-5.856494605541229248e-02,-4.018846899269819598e-03,9.731827735900878906e+00,2.872456330806016922e-03,-4.938686033710833027e-04,3.632244188338518143e-03
-2.206703089177608490e-02,1.066125743091226458e-02,9.796645164489746094e+00,2.016646089032292366e-03,-3.578127361834048791e-03,3.564473008736968474e-03
-3.145455941557884216e-02,2.842797338962674975e-02,9.796315193176269531e+00,4.535898333415389061e-04,3.202687657903883134e-04,2.513241255655884743e-03
-4.198106005787849426e-02,-1.874774694442629328e-02,9.774724960327148438e+00,-3.514228854328393936e-03,-1.025333622237666764e-04,5.515587981790304184e-04
-4.880180582404136658e-02,-1.191406603902458831e-02,9.763170242309570312e+00,-1.201411709189414978e-03,-3.227214328944683075e-04,-1.345151977147906748e-04
-3.354898840188980103e-02,-2.850970439612745405e-02,9.801527976989746094e+00,1.817427575588226318e-03,4.679869161918753925e-04,-4.317440092563629150e-03
9.341152384877204895e-03,1.430886052549005388e-02,9.809032440185546875e+00,1.937555498443543911e-03,3.909064980689425355e-05,-8.795487228780984879e-04
-5.070669203996658325e-02,-1.893980614840864996e-02,9.757031440734863281e+00,-1.214982941746711731e-03,-1.933727529831230424e-03,1.111600431613624313e-03
-2.332108095288276672e-02,-5.412501096725344518e-02,9.765309333801269531e+00,-1.436221646144986153e-03,8.388605201616878941e-04,-3.859469899907708168e-03
-2.825296856462955475e-02,-3.527992591261744360e-02,9.766355514526367188e+00,-2.229616511613130569e-03,-2.059952355921268463e-03,5.724750226363541864e-04
-4.159201309084892273e-02,-2.784363366663336267e-02,9.774129867553710938e+00,-6.426144391298294067e-04,-1.697051571682094877e-03,5.409734789282083511e-03
-3.802207484841346741e-02,-4.932091757655024389e-02,9.765740394592285156e+00,1.658003893680870533e-04,-1.875533023849129894e-03,-1.053369604051112912e-03
3.178590536117553711e-02,-1.644055359065412988e-02,9.780878067016601562e+00,-9.810511255636811256e-04,4.491915460675954819e-03,2.830356534104788843e-04
-1.760075241327285767e-02,-4.414226487278818944e-02,9.772119522094726562e+00,-3.922677598893642426e-03,-3.915177658200255846e-04,6.480047944933176041e-03
-4.337056726217269897e-02,-2.827230468392252088e-02,9.788806915283203125e+00,-6.183040677569806576e-04,-2.067325869575142860e-03,8.331562275998296522e-04
-5.273162387311458588e-03,9.206032380462894973e-03,9.815575599670410156e+00,-7.487486582249403000e-04,-1.105770352296530984e-03,1.890855492092669227e-03
-4.600222408771514893e-02,4.302517697215199610e-02,9.765037536621093750e+00,2.347140340134501457e-03,-1.999897416681051254e-03,9.973247069865467333e-04
-9.010098874568939209e-03,-7.693080604076266149e-02,9.801390647888183594e+00,3.752825548872351646e-03,-6.056996644474563814e-04,1.845202990807592869e-03
-3.708887845277786255e-02,-2.049211785197138300e-02,9.779387474060058594e+00,-5.195545381866395473e-04,2.093300689011812210e-03,4.178360104560849340e-04
-5.730830878019332886e-02,-2.095199655740253176e-03,9.800092697143554688e+00,1.786428620107471943e-03,-2.469192957505583763e-03,6.979135650908604277e-05
-5.284325778484344482e-02,-5.198275204746720043e-03,9.758665084838867188e+00,9.791436605155467987e-04,-1.951872603967785835e-03,5.957790417596699976e-04
-5.209060013294219971e-02,1.969620771706224321e-02,9.793237686157226562e+00,-4.061392974108457565e-05,-9.542707120999694955e-04,-5.306515377014874328e-04
-2.831616252660751343e-02,6.369772553444029428e-02,9.818722724914550781e+00,8.283411152660846710e-04,-1.540096942335367420e-03,-1.594965811818837903e-03
-7.870553061366081238e-03,-2.478184551000475050e-02,9.791893959045410156e+00,3.687439020723104477e-04,-5.344737321138381958e-03,-1.491441042162477320e-03
-2.365591563284397125e-02,-7.209070026862631191e-04,9.726001739501953125e+00,1.539535121992230415e-03,1.818227814510464451e-03,-1.265426864847541072e-03
-3.255334123969078064e-02,4.764571320266729366e-03,9.777615547180175781e+00,-4.933643504045903683e-04,-2.515691798180341721e-03,-3.336255322210487451e-04
-4.206533730030059814e-02,-1.179701648652434036e-02,9.765342712402343750e+00,-2.345511456951498985e-03,1.511740032583475547e-03,2.661121543496847153e-03
-6.085957214236259460e-02,1.043966040015340685e-02,9.797905921936035156e+00,-3.220676910132169724e-03,-1.476039178669452884e-03,-1.473973272368311665e-03
-3.872071206569671631e-02,2.859994396567464361e-02,9.785408973693847656e+00,-4.496213048696517944e-03,-1.549004227854311466e-03,-3.782335552386937899e-04
-6.191236153244972229e-02,2.288483828306318163e-02,9.814115524291992188e+00,4.347142763435840607e-03,-6.823682342655956745e-04,4.273715312592686307e-04
-3.178241103887557983e-02,3.100887686014295111e-02,9.779480934143066406e+00,-8.550044149160385132e-04,-3.834017552435398102e-03,1.112021738663316207e-03
-1.001175958663225174e-02,1.073973439633966152e-02,9.783041000366210938e+00,-4.392252885736525059e-04,4.281027708202600479e-03,2.624346641823648973e-03
-6.011908128857612610e-02,1.285562873819182236e-03,9.814700126647949219e+00,2.734702080488204956e-03,2.775413217023014589e-03,-2.535229781642556624e-03
-3.951330482959747314e-02,2.470263279974579951e-02,9.737321853637695312e+00,1.534586190246045589e-03,1.855958485975861333e-03,-1.374143175780773380e-03
-2.103890478610992432e-02,3.969326242804647326e-02,9.785493850708007812e+00,-2.841082634404301643e-03,-1.473692595027387576e-03,-3.491525305435061455e-03
-4.137780889868736267e-02,3.810188965873128383e-03,9.783554077148437500e+00,1.940964022651314735e-03,7.592172478325669334e-04,3.211402567103505135e-03
-8.012735843658447266e-02,1.011553592980027512e-02,9.759317398071289062e+00,-2.667835913598537445e-03,-6.066639616619824699e-05,-2.392332535237073898e-03
-6.269297003746032715e-02,4.365833476185917994e-02,9.769354820251464844e+00,-1.703391550108790398e-03,-2.100347308441996574e-03,1.468051690608263233e-03
-4.198361560702323914e-02,1.095467433333517128e-02,9.815503120422363281e+00,-1.911301980726420879e-03,-2.498262329027056694e-03,1.759460777975619056e-03
-5.554272234439849854e-02,1.427493523807535055e-03,9.810748100280761719e+00,-1.449809875339269638e-03,-1.004347577691078186e-03,7.219335529953242432e-04
2.427271567285060883e-02,1.806494593620419989e-02,9.769140243530273438e+00,5.634152330458164215e-06,-1.783636282198130868e-03,2.540505491197109656e-03
-5.643031001091003418e-02,3.391122817993284105e-02,9.795944213867187500e+00,1.617597532458603382e-03,-1.076520886272191785e-03,2.510290127247571945e-03
-4.920960962772369385e-02,-1.137895230203746742e-02,9.819440841674804688e+00,-8.082357235252857208e-04,8.758215699344874513e-04,5.936436937190591205e-04
-5.034809466451406479e-03,2.536078542471051356e-02,9.744974136352539062e+00,-2.540995832532644272e-03,8.873980841599405896e-04,8.957967511378227580e-04
-2.862780913710594177e-02,-1.907816738820371097e-03,9.757680892944335938e+00,1.874126959592103958e-03,6.727564614266157150e-04,3.860470314975826848e-04
-6.184032931923866272e-02,1.998074539005876074e-02,9.767915725708007812e+00,3.853360540233552456e-04,3.144216490909456773e-03,-1.898134243674576716e-03
-2.889118529856204987e-02,1.077430322767504445e-03,9.801493644714355469e+00,8.259295718744397163e-04,9.451775113120671834e-04,-2.791039645671844482e-03
-6.030067428946495056e-02,2.838860452175260077e-02,9.769508361816406250e+00,3.020141273736953735e-03,1.571708824485540173e-03,-9.629050036892297052e-04
-5.804889649152755737e-02,8.041174151004561177e-03,9.800132751464843750e+00,4.986532148905098438e-04,-2.750782296061515808e-03,6.280975649133327876e-04
-1.767646148800849915e-02,1.050912961363912462e-02,9.805521011352539062e+00,9.907297790050506592e-04,-2.104253275319933891e-03,1.293077482841909149e-03
-5.258505791425704956e-02,-5.877503659574980638e-03,9.774131774902343750e+00,-1.690211007371544838e-03,6.602106150239707124e-04,8.461245452053843845e-04
-2.366387099027633667e-02,2.588033862412095557e-02,9.785486221313476562e+00,-3.632472595199942589e-03,7.260453421622514725e-04,3.676720371004192937e-04
-3.140148520469665527e-02,7.112084422261720669e-03,9.783603668212890625e+00,1.590310595929622650e-03,-2.873383346013784096e-05,-4.851743113249540329e-03
-4.672753438353538513e-02,-2.497762441633935744e-03,9.765157699584960938e+00,-7.564497063867747784e-04,-4.667745437473058701e-03,-3.292691835667932031e-04
-7.500555366277694702e-03,3.904897719621778368e-02,9.775116920471191406e+00,8.428894798271358013e-04,1.187356421723961613e-03,-1.035761088132858493e-03
-4.606898874044418335e-02,2.063470147550226091e-02,9.802471160888671875e+00,-3.722058027051389217e-04,-4.644865170121192932e-03,-6.920514279045159164e-04
-1.869919523596763611e-02,1.616869680583596716e-02,9.777378082275390625e+00,-1.982830464839935303e-03,-6.199003546498720214e-04,-3.266285173594951630e-03
-4.100888222455978394e-02,-2.148205973207830202e-02,9.829792022705078125e+00,1.006108243018388748e-03,3.969144017901267787e-04,-3.290754277259111404e-03
-3.472355380654335022e-02,2.508915588259816656e-02,9.782383918762207031e+00,2.767653902992606163e-03,-3.491572861094029926e-04,-1.573446788825094700e-03
-2.221001870930194855e-02,6.433734670282603707e-03,9.748184204101562500e+00,4.442281089723110199e-03,1.518785837106406689e-03,6.413411465473470904e-04
-1.275490969419479370e-02,-3.178017958998560766e-02,9.755602836608886719e+00,1.311140018515288830e-03,3.489304799586534066e-03,-4.971520043909549713e-03
-4.881626367568969727e-02,-4.440925642847895483e-02,9.755477905273437500e+00,5.208023358136415482e-03,-3.202815540134906769e-03,1.289390958845615821e-03
-2.674787491559982300e-02,-1.672222092747568251e-02,9.791898727416992188e+00,-5.616326234303414822e-05,2.884327841456962911e-05,-1.368329860270023346e-03
-2.298866398632526398e-02,-9.255664423106898728e-03,9.821396827697753906e+00,-3.007846884429454803e-03,-3.033167216926813559e-03,-3.468023845925926728e-03
-3.192208707332611084e-02,6.175002083183531859e-03,9.775366783142089844e+00,-1.005123835057020187e-03,-3.828171640634536743e-03,-5.084106232970948651e-04
-6.229674816131591797e-02,-5.497814621775143698e-03,9.791375160217285156e+00,-1.584087731316685677e-03,6.553252460435033929e-04,5.543876904994248260e-04
-5.460235476493835449e-02,-2.910366281866907587e-02,9.767666816711425781e+00,1.552733010612428188e-04,-1.241087447851896069e-03,1.900090486742556312e-03
-6.767017394304275513e-02,-9.695451706646675966e-03,9.772132873535156250e+00,-1.625075703486800194e-03,-9.810740593820812486e-04,-1.089271972887217782e-03
-7.393984496593475342e-02,4.253695718945270550e-03,9.781211853027343750e+00,-3.834294620901346207e-03,-6.351726478897034038e-04,8.128484478220344674e-04
-3.546100109815597534e-02,9.161652065814738372e-03,9.767786026000976562e+00,1.018461189232766628e-03,-1.426518661901354790e-03,9.638135088607686495e-05
-4.718759655952453613e-02,-3.064301982521890760e-02,9.803381919860839844e+00,5.624402547255158424e-05,2.315935213118792014e-03,2.134697511792182489e-03
-7.445880025625228882e-02,1.965525746345639715e-02,9.785789489746093750e+00,-1.747450092807412148e-03,-1.297676935791969299e-03,-2.674106508493421836e-04
-6.647948920726776123e-02,-1.098560914397119989e-02,9.777930259704589844e+00,-6.364191067405045033e-04,-1.487332861870527051e-03,9.983896743506195329e-04
-4.006654396653175354e-02,2.740735560655713568e-02,9.775927543640136719e+00,-6.904106703586876392e-04,1.019478891976177692e-03,-4.290779470466078412e-04
-5.974163115024566650e-02,-3.313467651605486036e-02,9.805460929870605469e+00,-7.536023040302097797e-04,1.267626357730483198e-04,4.262131638824939728e-03
-3.311524167656898499e-02,-1.000834442674993635e-02,9.808987617492675781e+00,6.147239473648369312e-04,-1.426569069735705419e-03,2.743461867794394493e-03
-4.291069880127906799e-02,-3.781879693269609571e-02,9.784434318542480469e+00,-2.900532679632306099e-03,8.131500799208882723e-04,2.296914579346776009e-03
-4.649930447340011597e-02,3.168279305100561022e-02,9.787997245788574219e+00,7.294670213013887405e-04,-2.912052208557724519e-03,5.189519375562667847e-03
-5.953483283519744873e-02,1.079160347581029772e-02,9.803839683532714844e+00,-2.878680825233459473e-03,5.193165270611648128e-04,3.565709572285413742e-03
-4.775027930736541748e-02,2.941640466451764593e-02,9.763874053955078125e+00,-4.872170742601156235e-03,-2.314671728527170960e-04,1.947118318639695644e-03
-5.743681639432907104e-02,4.571288824082618725e-03,9.778026580810546875e+00,-3.185688517987728119e-03,5.335551686584951662e-04,2.172194421291351318e-03
-5.872051790356636047e-02,1.263286173343778490e-02,9.795216560363769531e+00,8.461849647574126720e-04,5.463901325128973615e-04,9.387499885633586753e-04
-5.155488103628158569e-02,-1.647615060210107576e-02,9.826385498046875000e+00,1.455795834772288799e-03,-7.317030394915504895e-05,-1.114282174967229366e-03
-3.086161427199840546e-02,4.947426170110822558e-02,9.802210807800292969e+00,1.100189634598791599e-03,2.292480552569031715e-03,-5.710879340767863665e-04
-6.458111107349395752e-02,2.878217399120450506e-02,9.784165382385253906e+00,-1.025612000375986099e-03,1.579288800712677296e-04,2.070357324555516243e-03
-7.018315792083740234e-02,1.463165506720662604e-02,9.776393890380859375e+00,-2.521698595955967903e-03,1.464519184082746289e-03,-1.945594791322946765e-03
-6.685771793127059937e-02,5.655128136277318834e-02,9.801638603210449219e+00,-6.109134410507977009e-04,-1.484642736613750241e-03,1.362778595648706176e-03
-7.139235734939575195e-02,-7.880832068620913580e-03,9.781678199768066406e+00,-8.255740976892411709e-05,1.465114881284534931e-03,6.289774319157002188e-04
-8.022371679544448853e-02,3.968666866421819567e-02,9.819475173950195312e+00,-1.917194691486656666e-03,-1.583727076649666049e-03,-1.644411473535001061e-03
-6.978727877140045166e-02,4.892048239708066820e-02,9.796223640441894531e+00,-2.179487782996147871e-04,-1.957270083948969407e-03,3.973173908889293671e-03
-1.689322106540203094e-02,4.339190199971319079e-02,9.776911735534667969e+00,-1.218120334669947624e-03,-5.348086706362661447e-04,2.222408074885606766e-03
-1.153078675270080566e-02,-6.868812488380004154e-04,9.791667938232421875e+00,-2.859976608306169510e-03,4.121539648622274399e-03,3.300952957943076977e-04
-4.445489495992660522e-02,2.516124770045400499e-02,9.791738510131835938e+00,1.872763969004154205e-04,1.227412139996886253e-03,8.333512814715503562e-04
-6.382597237825393677e-02,-8.055154234169718472e-03,9.764977455139160156e+00,1.922992523759603500e-03,-4.187087528407573700e-03,7.177818770287609936e-05
-4.361471161246299744e-02,1.816274598242049315e-03,9.773398399353027344e+00,-7.735175313428044319e-05,-2.061551436781883240e-03,-1.338550588116049550e-03
-5.357657000422477722e-02,-2.375737763941168298e-02,9.765974998474121094e+00,3.362245624884963036e-04,4.472511354833841866e-04,6.040875450707970966e-04
-2.851127833127975464e-02,-2.636238001286863794e-02,9.761870384216308594e+00,-9.205570095218718052e-04,-3.746655303984880447e-03,-1.233282499015330835e-03
1.645317673683166504e-02,1.988068222999692450e-02,9.766002655029296875e+00,-4.366386681795120239e-03,-1.738577149808406613e-03,2.422218210995197296e-03
-5.765886977314949036e-02,-9.756963700054880825e-03,9.765569686889648438e+00,-1.121608773246407509e-03,8.731358684599402819e-04,3.029582090675830841e-03
-7.259078323841094971e-02,1.586779952049374720e-02,9.751087188720703125e+00,-2.287573413923382759e-03,-6.785638397559521414e-04,2.085243118926882744e-03
-6.765819340944290161e-02,5.850693956017614245e-02,9.774490356445312500e+00,1.440878841094672680e-04,3.248253604397177696e-03,7.679906557314093545e-04
-2.664587460458278656e-02,2.791131474077821611e-02,9.792216300964355469e+00,4.009548574686050415e-03,1.563698519021272876e-03,2.279990818351507187e-03
-4.178386554121971130e-02,7.095192372799040414e-02,9.837965011596679688e+00,-8.248880039900541306e-04,-1.030411105602979877e-03,-1.865517115220427296e-03
-2.443011477589607239e-02,5.132690444588781237e-02,9.805940628051757812e+00,3.132855985313653946e-03,-2.780709764920170739e-04,3.496883204206824303e-03
-2.550366893410682678e-02,5.504255369305730700e-02,9.812211990356445312e+00,3.757081227377057076e-03,-1.821487530833111569e-04,-1.049245940521359444e-03
-3.049332089722156525e-02,5.097923427820325037e-02,9.770797729492187500e+00,-5.595618393272161484e-03,9.318439988419412482e-04,-1.005734666250646331e-03
-2.333323657512664795e-02,4.258411377668500780e-02,9.776293754577636719e+00,1.332616317085921764e-03,5.583224992733451454e-05,2.308288821950554848e-04
-1.895728521049022675e-02,1.910906098783135901e-02,9.783163070678710938e+00,2.894036937505006790e-03,-6.123032653704265293e-05,1.613952103070914745e-03
-9.468748420476913452e-02,-1.524272374808668257e-02,9.802185058593750000e+00,3.166379407048225403e-03,7.897113682702182639e-04,-7.185387657955289971e-04
-1.217922754585742950e-02,6.289031822235588258e-03,9.768634796142578125e+00,-4.404031787998974323e-04,4.749902058392763138e-03,-1.489256974309683497e-03
-1.875123754143714905e-02,-3.362473798914544267e-03,9.793419837951660156e+00,-2.302577719092369080e-03,3.084626980125903650e-03,-2.530453260987997489e-03
-4.517497867345809937e-02,-1.242254488170027246e-02,9.771863937377929688e+00,3.895116969943046570e-04,-1.152943703345954418e-03,-6.711428286507724631e-04
-4.475913941860198975e-02,5.736613646149755358e-02,9.823400497436523438e+00,-1.022896380163729191e-03,-1.775891287252306721e-03,1.824251841753721454e-03
-8.686147630214691162e-02,-8.642047643660295125e-03,9.830719947814941406e+00,7.307586492970585823e-04,-1.866602251539002764e-04,3.317372407764196396e-03
-7.044292241334915161e-02,5.747484508903032314e-03,9.784344673156738281e+00,1.082972623407840729e-03,-3.799623227678238261e-04,6.859714630991220474e-04
-5.149929970502853394e-02,3.821353241801381251e-02,9.755891799926757812e+00,-8.756299503147602081e-04,-1.477011945098638751e-03,-2.287287265062332153e-03
-6.010138988494873047e-02,-3.087127394974112371e-02,9.754315376281738281e+00,-1.461531734094023705e-03,2.227791585028171539e-03,-1.772979157976833608e-05
-5.709679797291755676e-02,-4.101303964853167394e-02,9.768451690673828125e+00,-2.897331956773996353e-03,-2.387341810390353203e-03,6.776198861189189826e-04
-6.731784343719482422e-02,1.672470942139745592e-02,9.813749313354492188e+00,-1.136483333539217710e-04,-1.129187759943306012e-03,3.639533650130033493e-03
-8.909559249877929688e-02,-8.350924588738673285e-03,9.784105300903320312e+00,-3.209848655387759209e-04,2.990406472235918045e-03,9.190479759126898374e-04
-5.303246527910232544e-02,-1.672840118408083776e-02,9.755713462829589844e+00,-4.865566734224557877e-04,-1.700223947409537975e-04,2.052345080301165581e-03
-4.903852939605712891e-02,2.574016526341558336e-02,9.804508209228515625e+00,4.593401681631803513e-04,-7.670522900298236716e-04,7.157438667491079461e-04
-1.279373280704021454e-02,-5.538469552993655065e-02,9.773420333862304688e+00,-3.638991620391607285e-03,-5.304180667735631897e-04,3.110973164439201355e-03
-2.596182003617286682e-02,1.305050589144349758e-02,9.787167549133300781e+00,-6.529355887323617935e-04,-3.915512468665838242e-03,-2.600866602733730836e-03
-8.860267698764801025e-02,3.661401197314382433e-02,9.830464363098144531e+00,-3.089759266003966331e-03,-3.256725147366524176e-03,-2.730240346863865419e-03
-3.741565719246864319e-02,1.079444889911718034e-03,9.790057182312011719e+00,-9.411944774910807610e-04,-4.443422949407232071e-05,1.456794096156954765e-03
-4.242487996816635132e-02,-3.492620307950968211e-03,9.777169227600097656e+00,-1.774185686372220516e-03,3.775450633838773207e-03,3.576430026441812082e-03
-5.460809171199798584e-02,1.634868793189645647e-02,9.796959877014160156e+00,5.943016149103641510e-04,-1.265250961296260574e-03,-2.264531794935464859e-03
-6.196514144539833069e-02,-1.709944808561546681e-05,9.756552696228027344e+00,1.094787498004734516e-03,1.902773365145548365e-04,-6.862588925287127495e-04
-3.368014469742774963e-02,-1.258674822747587671e-02,9.779124259948730469e+00,3.379601403139531612e-04,-2.546773292124271393e-03,3.051978419534865294e-04
-7.556138932704925537e-02,8.929769508541822096e-03,9.736088752746582031e+00,4.609221941791474819e-04,5.836653290316460348e-04,-1.871804241091012955e-03
-2.495501376688480377e-02,1.190820150077463377e-02,9.825674057006835938e+00,9.451538207940757275e-04,-6.802280549891293049e-04,-1.553401525598018548e-04
-5.224855989217758179e-02,-2.595165558159231653e-02,9.765321731567382812e+00,2.668459899723529816e-03,4.035758785903453827e-03,-9.347943123430019078e-04
-3.484872728586196899e-02,2.167357504367948412e-02,9.797994613647460938e+00,-6.038359133526682854e-04,-4.150462918914854527e-04,9.617201430955907163e-05
-1.904417946934700012e-02,1.944226957857728491e-02,9.765888214111328125e+00,-7.037278846837580204e-04,1.006868697004391117e-04,-1.286028185859322548e-03
-6.661406159400939941e-02,3.986568376422048449e-02,9.803782463073730469e+00,-1.808808185160160065e-03,2.782102092169223590e-04,-1.381086884066462517e-03
-9.215252939611673355e-04,-2.961861342191576124e-02,9.802486419677734375e+00,1.196947181597352028e-03,6.523694901261474597e-05,-3.158882609568536282e-04
-5.271340161561965942e-02,3.145818039775014757e-02,9.802114486694335938e+00,-2.064740983769297600e-03,3.037085290998220010e-03,-4.003881476819515228e-03
-7.890598475933074951e-02,8.387664332987080154e-03,9.816053390502929688e+00,3.782078856602311134e-04,-3.182301297783851190e-03,3.037055023014545874e-03
-3.595896437764167786e-02,3.420551493764043688e-02,9.823818206787109375e+00,-1.784482738003134727e-03,5.186539492569863796e-04,3.157735336571931297e-04
-1.688375696539878845e-02,4.179023578763127467e-02,9.735816955566406250e+00,-1.660010544583201408e-03,4.756154026836156845e-03,-2.193068619817495780e-03
-3.711303323507308960e-02,4.894699901342511317e-02,9.756986618041992188e+00,5.367499543353915215e-04,1.488224952481687069e-03,-7.183281704783441805e-04
-5.401828140020370483e-02,1.711088977754235754e-02,9.760545730590820312e+00,1.721745822578668594e-03,-2.632542280480265617e-03,-8.154399110935625162e-04
-1.474124751985073090e-02,4.787076264619947313e-02,9.785612106323242188e+00,-1.486366149038076401e-03,1.657281187362968705e-03,-1.130622345954179981e-03
-4.672035202383995056e-02,3.236427158117414354e-02,9.795221328735351562e+00,7.689679623581469059e-04,-1.782192557584496792e-04,-1.984425587579607964e-03
-4.795527830719947815e-02,7.972216606140256068e-02,9.748647689819335938e+00,5.579251446761190891e-04,-6.568992102984317315e-05,1.810370828025043011e-03
-4.902449995279312134e-02,1.323175616562486182e-02,9.774353027343750000e+00,2.615388482809066772e-03,1.035850727930664799e-03,-2.202575094997882843e-03
-1.695576682686805725e-02,5.587175861001134752e-02,9.782238960266113281e+00,9.755516075529158115e-04,4.839532193727789683e-04,-1.411421457305550575e-03
-5.461646616458892822e-02,3.045661747455716620e-02,9.787776947021484375e+00,-8.906500879675149918e-04,-1.365430420264601274e-03,3.496904158964753151e-03
-3.146266564726829529e-02,-8.656288497148749081e-03,9.763775825500488281e+00,-2.086872700601816177e-03,-7.806427311152217604e-04,2.097132150083780289e-03
-5.587341636419296265e-02,5.593126639723897814e-02,9.804965019226074219e+00,1.954935258254408836e-03,1.222435617819428227e-03,-1.095221959985792854e-03
-5.979622155427932739e-02,3.130763396620870470e-02,9.802993774414062500e+00,5.458103260025382042e-05,2.069407142698764801e-03,6.946555222384629465e-04
-5.086781457066535950e-02,6.294763833284497401e-02,9.783626556396484375e+00,-3.668623510748147964e-03,1.655887579545378251e-03,-3.006658749654889107e-03
-3.021246567368507385e-02,1.712711341679215571e-02,9.753149986267089844e+00,-2.196100074797868729e-03,-5.311294225975872170e-04,-8.106317254714666713e-04
-7.193578779697418213e-02,6.377221643924832484e-02,9.771679878234863281e+00,-2.259487751871347427e-03,-8.462309488095346366e-04,-2.663788851350545883e-03
-4.871460795402526855e-02,2.196590602398038397e-02,9.768058776855468750e+00,-6.234715692698955536e-04,-1.374431187286973000e-03,6.412268267013134741e-04
-5.954119563102722168e-02,5.766300018877988827e-03,9.783226013183593750e+00,-9.223675588145852089e-04,-5.848526488989588346e-04,3.065161406993865967e-03
-5.736840143799781799e-02,1.171784289181351975e-02,9.759582519531250000e+00,-9.107333607971668243e-04,-1.278190524317324378e-03,-1.260196324437856457e-03
-5.835816264152526855e-02,5.651839450001835963e-02,9.767864227294921875e+00,8.799668285064399242e-04,-3.104721195995807214e-03,3.650616854429245429e-03
-7.195500191301107407e-03,3.171447664499402880e-02,9.774188041687011719e+00,1.698714215308427811e-03,1.378918648697435639e-03,-2.250466495752334595e-03
-3.216405585408210754e-02,4.838610067963720202e-02,9.796752929687500000e+00,-6.760475807823240757e-04,8.539023110643027045e-04,-1.745024695992469788e-03
-7.006143033504486084e-02,2.328023314476132880e-02,9.769266128540039062e+00,-1.251605688594281673e-03,1.950956997461617210e-03,1.022428856231272004e-03
-1.949852518737316132e-02,4.729795828461767077e-02,9.802955627441406250e+00,7.168357260525226593e-04,3.111645637545731391e-04,-2.505381358787417412e-03
-4.678513854742050171e-02,4.222361370921254298e-02,9.763283729553222656e+00,-4.032554570585489273e-03,9.652039734646683392e-04,4.236232489347457886e-03
-8.767533302307128906e-02,1.649640686810136675e-02,9.811382293701171875e+00,1.560422591865062714e-03,1.174892066046595573e-03,-4.197515372652562099e-04
-1.993952691555023193e-02,2.458577975630879889e-02,9.769606590270996094e+00,-1.791672315448522568e-03,6.961723556742095145e-05,1.905509503558278084e-03
-3.896515071392059326e-02,2.942917868495107184e-02,9.773656845092773438e+00,1.220869482494890690e-03,-3.226605011150240898e-03,-4.950114525854583218e-04
-6.290639936923980713e-02,-1.247785612940668226e-02,9.805699348449707031e+00,6.049697985872626305e-04,-3.366822784300896256e-04,-2.323426539078354836e-03
-1.246725767850875854e-02,-2.047207951545595983e-02,9.733320236206054688e+00,6.931508542038500309e-04,-1.381662325002253272e-03,-2.054765587672591209e-03
-2.341036498546600342e-02,-6.197640322960291026e-05,9.784968376159667969e+00,-1.436974620446562767e-03,-1.460716011933982589e-03,-1.481841201893985055e-03
-7.123697549104690552e-02,-1.705591008067011347e-02,9.780421257019042969e+00,3.173853736370801926e-03,2.789492718875408715e-04,4.095650219824164564e-04
-4.550017043948173523e-02,1.186750596401206259e-04,9.824755668640136719e+00,8.999735582619905472e-04,1.558452378958463669e-03,-7.501759100705387377e-04
-5.530416965484619141e-02,2.431593835353971014e-02,9.786485671997070312e+00,-2.388836815953254700e-03,4.683209408540238016e-05,-3.339466638863086700e-03
-1.897075399756431580e-02,-3.429586812853693129e-02,9.799601554870605469e+00,-9.018197306431829929e-04,-3.976243082433938980e-03,1.662908005528152423e-03
-1.330648455768823624e-02,2.439461275935292037e-02,9.725405693054199219e+00,-1.163512468338012695e-03,1.249186461791395924e-03,-2.447620267048478127e-03
-7.411737740039825439e-02,2.425276860594869494e-02,9.814862251281738281e+00,2.423668280243873596e-03,5.453798803500837903e-05,5.390151636675000191e-04
-2.694345638155937195e-02,9.754147380591639271e-03,9.795315742492675781e+00,2.944238483905792236e-03,-3.933141706511379915e-04,-1.344167976640164852e-03
-5.398983508348464966e-02,-4.880645126104235509e-02,9.758830070495605469e+00,1.325057470239698887e-03,8.401804952882232450e-04,1.961133442819118500e-03
-4.713930934667587280e-02,-2.577054500579714635e-02,9.754701614379882812e+00,-5.084661301225423813e-03,1.636813161894678636e-03,-4.331469070166349411e-03
-9.251404553651809692e-03,-4.190354049205659986e-02,9.818282127380371094e+00,-5.921226693317294121e-04,-5.026548169553279877e-04,-4.391974071040749008e-04
-3.759130835533142090e-02,2.140926010906816362e-02,9.789866447448730469e+00,-7.476105820387601852e-04,1.976927509531378746e-03,-1.719350693747401454e-03
-4.551497474312782288e-02,-1.235807500779508537e-02,9.811191558837890625e+00,-1.432402408681809902e-03,3.329882863909006119e-03,9.897548006847496464e-04
-6.611689180135726929e-02,5.864217132330060145e-02,9.768753051757812500e+00,6.988570676185190678e-04,8.544689626432954181e-04,-8.963919244706631791e-04
-3.909291326999664307e-02,-1.781099289655565035e-02,9.819208145141601562e+00,2.532118000090122223e-03,6.713359616696832396e-04,-2.007449278607964516e-03
-8.051199465990066528e-02,6.149208545684933802e-02,9.758677482604980469e+00,-6.150815170258283615e-04,2.238640096038579941e-03,-8.880083914846185122e-04
-4.894202947616577148e-02,9.977567009629014286e-03,9.764227867126464844e+00,-3.176008583977818489e-03,2.176756737753748894e-03,-1.021158532239496925e-03
-5.160786211490631104e-02,6.912368815393458814e-03,9.822570800781250000e+00,6.386781460605561733e-04,2.805166179314256148e-03,4.209935199469327927e-03
-3.369721025228500366e-02,-9.329054737451632565e-04,9.766923904418945312e+00,-4.926204564981162548e-04,-7.147892029024693113e-05,-2.705363789573311806e-03
-1.887311786413192749e-02,7.977727800619677971e-04,9.795980453491210938e+00,-1.822644495405256748e-03,-6.442372687160964444e-04,3.356711240485310555e-03
-4.148031771183013916e-02,4.406917095184446215e-02,9.803384780883789062e+00,-4.294039099477231503e-04,-7.947078556753698264e-04,-2.781474962830543518e-03
-5.128804594278335571e-02,4.224483668804288050e-02,9.769769668579101562e+00,-1.896772650070488453e-03,-4.406670108437538147e-03,-1.329492195509373708e-03
-3.948882967233657837e-02,2.192590944469095110e-02,9.796576499938964844e+00,1.038453076034784317e-03,6.707315915264192496e-04,2.611249452456831932e-03
-3.907677531242370605e-02,-2.877373434603094221e-02,9.802192687988281250e+00,-8.140801219269633293e-04,1.396829611621792477e-04,-3.808829467743635178e-03
-2.280941233038902283e-02,4.602808132767796656e-02,9.766632080078125000e+00,2.266260096803307533e-03,1.193076022900640097e-03,-6.386373192071914673e-03
-7.304689288139343262e-02,-1.669499091802829297e-03,9.785186767578125000e+00,1.413398422300815582e-03,-3.949105273932217684e-03,4.584621172398329648e-03
-4.094750434160232544e-02,5.156384781003118395e-02,9.816490173339843750e+00,7.635903311893343925e-04,3.223666222766041322e-03,-1.976982923224568801e-03
-1.457935106009244919e-02,4.323140904307485460e-02,9.775068283081054688e+00,-3.356058150529861450e-03,2.240153495222329660e-03,-2.946935128420591788e-03
-4.086460918188095093e-02,-2.529693394899248243e-02,9.812446594238281250e+00,3.074610838666558266e-03,1.710276352241635756e-03,2.991021610796451569e-03
-7.481522858142852783e-02,-2.012912556528925409e-02,9.783018112182617188e+00,1.109849195927381516e-03,1.757809426635503552e-03,-1.559594529680907943e-03
-4.475974664092063904e-02,2.072070166468740343e-02,9.791049957275390625e+00,1.848845276981592178e-03,-1.568779116496443965e-03,-1.806632382795214436e-03
-4.368904978036880493e-02,-1.512849144637464643e-02,9.806455612182617188e+00,-2.664051717147231102e-03,2.238837070763110681e-03,-3.290708875283599334e-03
-4.286609590053558350e-02,-6.172669306397318006e-02,9.810790061950683594e+00,-1.933560473844408989e-03,2.476715482771396203e-03,-2.037512836977839904e-03
-4.560047388076782227e-02,-2.286981232464193464e-02,9.803019523620605469e+00,6.698460783809423447e-04,5.884242802858352661e-02,-8.813634049147439035e-04
-4.728497564792633057e-02,5.634841509164578363e-03,9.790640830993652344e+00,-9.495598496869206429e-04,4.885634407401087068e-04,1.946873147971928120e-03
-6.646485626697540283e-02,1.268023438751817930e-02,9.831422805786132812e+00,-4.938950296491384506e-04,-1.976256025955078547e-04,1.892345841042697430e-03
-5.888310074806213379e-02,-1.811994239687799227e-02,9.819046020507812500e+00,1.892159460112452507e-03,-2.113539725542068481e-03,1.100512919947505214e-03
-6.314147263765335083e-02,2.123253419995428312e-02,9.823065757751464844e+00,5.956055596470832825e-03,1.636054483242332935e-03,2.577764098532477893e-05
-5.748964101076126099e-02,-7.623991114075397450e-04,9.803247451782226562e+00,9.339213138446211815e-04,-2.241030568256974220e-03,-1.562539138831197999e-03
-2.144417352974414825e-02,1.632411777973295439e-02,9.816651344299316406e+00,-3.207569243386387825e-04,2.362932078540325598e-03,3.780317958444356485e-03
-7.166045159101486206e-02,2.547174878418565630e-02,9.808608055114746094e+00,1.237379387021064758e-03,-1.963101327419281006e-03,3.774054930545391821e-04
-5.923931300640106201e-02,2.093590982258440245e-02,9.821856498718261719e+00,-1.742017630022019148e-04,-1.764776068739593246e-03,-2.124448074027895927e-03
-5.273522436618804932e-02,-2.402697131037592054e-02,9.809015274047851562e+00,9.859757265076041222e-04,2.772591542452573343e-03,-5.068092606961727142e-03
-8.179174363613128662e-02,1.359247695654750704e-02,9.795695304870605469e+00,-3.614325542002916336e-04,-2.523665782064199014e-03,3.740199608728290038e-03
-5.752085894346237183e-02,-4.893947858362186938e-03,9.821278572082519531e+00,-2.225343137979507446e-03,2.254894934594630761e-03,-2.644655760377645926e-03
-4.917107522487640381e-02,2.191737666726232409e-02,9.807999610900878906e+00,-5.694863386452198029e-03,-5.261762416921554912e-04,7.572306785732508790e-04
-5.001499503850936890e-02,1.025816332548976431e-02,9.776678085327148438e+00,1.935072708874940872e-03,-1.713955425657331727e-03,1.049029757268727043e-03
-8.750511705875396729e-02,1.297031249851108431e-02,9.802415847778320312e+00,2.193173393607139587e-03,-2.168418606743216515e-03,-6.058434955775735594e-04
-6.048999354243278503e-02,-2.511727856470934162e-03,9.803867340087890625e+00,-2.311795949935913086e-03,-2.650860231369733810e-03,-1.625599339604377530e-03
-2.886633388698101044e-02,-2.822086773812650801e-02,9.800045967102050781e+00,2.175772329792380333e-03,1.408252166584133885e-03,-2.611437346786260605e-03
-5.858191102743148804e-02,1.666679792106271624e-02,9.807847023010253906e+00,2.024736255407333374e-03,-4.401626065373416921e-04,3.172751283273100853e-03
-3.858448565006256104e-02,-2.141211368143438459e-02,9.809653282165527344e+00,3.890998894348740578e-03,1.991056837141514258e-03,1.811870606616139195e-03
-4.582601040601730347e-02,-1.779459975659726870e-02,9.823645591735839844e+00,-1.078348432201892138e-04,-2.824966330081224442e-03,4.655534867197278414e-04
-6.003694236278533936e-02,-2.554398088238341263e-04,9.772534370422363281e+00,-1.929356483742594719e-03,1.798029756173491912e-03,4.373690113425254822e-03
-4.280328750610351562e-02,2.771884016692758787e-02,9.816480636596679688e+00,-2.098176395520567894e-03,7.308957865461707115e-04,4.196762456558643687e-04
-3.751067072153091431e-02,-1.851270534098028303e-02,9.803445816040039062e+00,9.286624263040721416e-04,-1.932522282004356384e-03,1.806855580070989783e-04
-2.981299348175525665e-02,9.516044519842869684e-03,9.790174484252929688e+00,-1.410998869687318802e-03,-2.142171142622828050e-03,1.827412866987288215e-03
-7.030158489942550659e-02,2.372152544558168291e-02,9.793769836425781250e+00,3.174365730956196785e-03,2.626357600092887878e-03,1.145060406997799657e-03
-8.366391062736511230e-02,4.796462133527999890e-03,9.779850006103515625e+00,-1.548425294458866119e-03,1.370265497826039574e-03,-1.844463869929313877e-03
-2.308641001582145691e-02,-1.819483563303827753e-02,9.785876274108886719e+00,-2.050603739917278290e-03,4.491942527238284460e-04,3.815952921286225319e-03
-2.103487402200698853e-02,1.408900786191345615e-02,9.840776443481445312e+00,-2.622921718284487724e-03,-1.882784999907016537e-03,9.977128356695177339e-04
-6.251002848148345947e-02,-1.297264732420324446e-02,9.798824310302734375e+00,1.974344020709395409e-03,-2.072465606033802032e-03,-5.261866608634588934e-04
-5.862020328640937805e-02,-1.611931622028230787e-02,9.795034408569335938e+00,3.697775537148118019e-04,8.301647612825039301e-04,2.785534365102648735e-03
-5.970504879951477051e-02,1.541109662503124464e-02,9.833602905273437500e+00,8.320114575326442719e-04,3.708131844177841707e-03,-4.618491511791945371e-03
-6.596882641315460205e-02,2.610866911710507318e-03,9.789237976074218750e+00,-3.221674414817243814e-04,7.881725905463099480e-04,1.890497514978041699e-05
-5.305426195263862610e-02,-2.402009908108702040e-03,9.810267448425292969e+00,-3.730813739821314812e-03,-7.863851496949790824e-04,7.261227001436055791e-04
-8.793448656797409058e-02,2.988393791020036924e-02,9.843585014343261719e+00,2.392352325841784477e-03,-8.729656692594287611e-04,1.473297248594462872e-03
-3.962521255016326904e-02,-4.332016408443330191e-02,9.841779708862304688e+00,4.027491435408592224e-03,3.039307193830610189e-03,5.851074587553739548e-03
-2.592966426163911819e-03,-1.078478526323913174e-02,9.844256401062011719e+00,-1.566259888932108879e-03,2.602637978270650344e-03,3.318127710372209115e-03
-4.586073011159896851e-02,-3.500083088874696852e-02,9.789397239685058594e+00,1.512189512141048908e-03,-1.816171687096357129e-03,2.197428839281201796e-03
-2.433984726667404175e-02,-1.083666924387096525e-02,9.804931640625000000e+00,2.034622011706233025e-03,5.092485807836056840e-04,4.567095893435179645e-04
-4.032310098409652710e-02,-2.800452290101637740e-03,9.811753273010253906e+00,2.811098936945199966e-03,-2.538342960178852623e-04,-3.496139834169297868e-04
-4.824730008840560913e-02,-1.289396360516427940e-02,9.819774627685546875e+00,-7.017339579761028290e-03,-1.399481203407049396e-03,-1.045900629833340428e-03
-7.771220058202743530e-02,1.332771405577779997e-02,9.827554702758789062e+00,-1.374455401673913002e-03,-7.986269192770122398e-04,6.642742664553226125e-04
-4.808961227536201477e-02,3.056794637815368493e-03,9.835465431213378906e+00,3.860850119963288307e-05,4.885553498752419517e-04,3.348746802657842636e-03
-4.545531794428825378e-02,-1.794593781232713819e-02,9.808285713195800781e+00,-3.204934764653444290e-03,-4.381408914923667908e-03,1.350291888229549365e-03
-7.853886485099792480e-02,6.899499893188597299e-02,9.822663307189941406e+00,9.526385692879557610e-04,1.019866904243827083e-03,1.327922102063894055e-03
-3.480559214949607849e-02,-7.504782173781383153e-03,9.828449249267578125e+00,-1.900538336485624313e-03,-1.819187658838927746e-03,2.107005420839416169e-04
-4.441751912236213684e-02,-2.862078510224699140e-02,9.789755821228027344e+00,-2.472364110872149467e-03,2.080454025417566299e-03,2.699783362913851361e-05
-5.253124237060546875e-02,-1.380957663059114229e-02,9.829667091369628906e+00,3.534043207764625549e-05,1.622240524739026210e-04,-6.673819152638316154e-04
-2.695229649543762207e-02,1.338835153728843569e-02,9.805161476135253906e+00,-1.740651787258684635e-03,1.652035280130803802e-03,1.010397449135780118e-03
-5.802042037248611450e-02,6.751696765422941782e-02,9.815311431884765625e+00,-2.105989726260304451e-03,-1.757729798555374796e-03,-6.066783331334590912e-03
-1.917483285069465637e-02,2.337048016488672136e-02,9.808054924011230469e+00,-2.071037888526916504e-03,1.067194505594670989e-03,9.124513017013667930e-04
-4.519444704055786133e-02,2.395594492554784655e-02,9.806185722351074219e+00,5.559916608035564423e-04,1.204716623760759614e-03,-1.788428518921137073e-03
-7.208936661481857300e-02,1.046083960682273918e-02,9.812914848327636719e+00,-2.073069626931101084e-04,-1.734842546284198761e-03,2.309348201379182123e-04
-7.340982556343078613e-02,5.250826943666944170e-03,9.809682846069335938e+00,-7.660872070118784904e-04,-1.377222943119703910e-04,6.918380968272686005e-04
-3.768690302968025208e-02,-2.152328612281673506e-03,9.788878440856933594e+00,-3.749437164515256882e-04,1.414756290614604516e-03,-3.823208855465054512e-03
-6.477924436330795288e-02,9.687720797957188532e-03,9.786285400390625000e+00,-8.901172550395131111e-04,-8.329263073392192062e-05,1.633291947655379772e-03
-5.854256078600883484e-02,-1.909277215599893343e-02,9.835591316223144531e+00,-1.840977638494223356e-04,7.117737550288438797e-04,-2.270070399390534380e-04
-8.676826953887939453e-02,3.753221035003782152e-02,9.821299552917480469e+00,1.540768309496343136e-03,1.027156831696629741e-03,1.623095828108489297e-03
-3.068908303976058960e-02,7.018390111626393243e-03,9.789684295654296875e+00,5.046743317507207394e-04,3.704551607370376587e-03,-1.667197502683852750e-04
-1.479368470609188080e-02,-1.613484323024629713e-02,9.799426078796386719e+00,1.287892926484346390e-03,2.333229640498757362e-03,-5.010933382436636363e-04
-3.705365210771560669e-02,1.329738087952257036e-02,9.806526184082031250e+00,-1.394558697938919067e-03,1.767102396115660667e-03,-4.774786066263916277e-04
-3.519104793667793274e-03,7.009257562459714729e-03,9.795972824096679688e+00,1.649285317398607731e-03,1.261549536138772964e-03,3.563378704711793227e-04
-6.658165901899337769e-02,3.022776357829690813e-02,9.806989669799804688e+00,1.040733419358730316e-03,6.070198141969745812e-04,4.280343651771545410e-03
-3.679511323571205139e-02,1.621220260858655463e-02,9.778685569763183594e+00,-9.362004930153489113e-04,5.486859008669854295e-04,9.326555882580577243e-04
-4.197845607995986938e-02,2.856160700321317206e-02,9.764005661010742188e+00,1.800631755031645298e-03,-2.552200341597199440e-03,5.218713777139786158e-04
-4.387240484356880188e-02,-8.932033553718316671e-03,9.834903717041015625e+00,-3.104959323536604643e-04,1.352114340988922934e-04,3.038004739210009575e-03
-1.175338774919509888e-02,2.811915474013694082e-03,9.797246932983398438e+00,-1.460564322769641876e-03,-1.359940040856599808e-03,-8.774608140811321951e-04
-3.294150158762931824e-02,1.791297644376875151e-02,9.829474449157714844e+00,-1.428773161023855209e-03,-7.425736403092746303e-04,-3.545037237927317619e-03
-3.242819011211395264e-02,-1.453308388589609436e-03,9.824936866760253906e+00,-7.339727599173784256e-04,-4.046529531478881836e-03,-3.086982062086462541e-03
-5.051442235708236694e-02,1.343537494540335102e-02,9.838446617126464844e+00,-1.101159723475575447e-04,5.009616725146769610e-03,-5.178647115826607618e-03
-9.922438114881515503e-02,-3.422453999518143379e-03,9.836658477783203125e+00,6.726671708747744560e-04,1.795320538803935051e-03,-4.886150709353389524e-04
-3.779642656445503235e-02,2.769546583294988512e-02,9.804939270019531250e+00,-5.220325547270476818e-04,3.218051278963684602e-03,-2.993463771417737441e-03
-4.495134949684143066e-02,3.120159357786298632e-02,9.802626609802246094e+00,2.651062794029712677e-03,-6.719622761011124741e-04,-1.163468579761683941e-03
-2.962568774819374084e-02,1.907815039157988168e-02,9.846896171569824219e+00,6.048936047591269016e-04,-7.218032842502000116e-04,-1.421046443283557892e-03
-2.709709107875823975e-02,-1.926356926559204307e-03,9.778407096862792969e+00,1.873525674454867840e-03,-2.530576020944864100e-04,-5.699331522919237614e-04
-2.728362008929252625e-02,-1.827472075819848787e-02,9.843402862548828125e+00,-3.011859487742185593e-03,-3.329006431158640172e-04,-6.716253701597452164e-03
-5.466473847627639771e-02,-9.704226395103208655e-04,9.838006973266601562e+00,1.140307402238249779e-03,1.330095576122403145e-03,5.940009141340849615e-04
-2.793500199913978577e-02,3.705144673586012460e-02,9.846303939819335938e+00,-1.744328998029232025e-03,-1.849216409027576447e-03,3.379863919690253519e-04
-4.454303532838821411e-02,-1.626312546431898237e-02,9.813859939575195312e+00,-1.949407276697456837e-03,3.918351605534553528e-03,-9.438156848773364589e-04
-6.662027537822723389e-02,-2.398948185145735254e-02,9.783483505249023438e+00,9.761234396137297153e-04,-4.040698404423891956e-04,6.120308535173535347e-04
-3.083422966301441193e-02,-5.125325638799655553e-03,9.830257415771484375e+00,-2.064965898171067238e-03,1.333444961346685886e-03,-7.212041527964176916e-04
-2.774679288268089294e-02,-5.341863259671918163e-03,9.800954818725585938e+00,2.046721056103706360e-04,-2.652507973834871812e-03,2.268020529299974875e-03
1.435450743883848190e-03,6.179964635522375641e-03,9.813004493713378906e+00,-3.779846709221601486e-03,4.429574182722722402e-04,4.122571554034948349e-03
-3.838117420673370361e-02,3.014381509275443002e-03,9.789193153381347656e+00,3.625339129939675331e-03,3.011662338394672763e-04,9.325793944299221039e-04
-3.591694310307502747e-02,-1.062065642326950193e-02,9.796712875366210938e+00,3.832746762782335281e-03,-1.959307992365212333e-04,-9.649728890508413315e-04
-5.322512239217758179e-02,2.286412753165967347e-03,9.793196678161621094e+00,1.201543258503079414e-03,-3.773448057472705841e-03,5.093287909403447673e-04
-2.370113879442214966e-02,3.963310644030691027e-02,9.788273811340332031e+00,2.403270686045289040e-03,5.493513308465484057e-04,2.894229488447308540e-03
-1.566705107688903809e-02,-9.409258142112483445e-03,9.820998191833496094e+00,-6.748067680746316910e-04,2.436112612485885620e-03,-1.892022555693987013e-04
-5.683607235550880432e-02,-4.123371094465135694e-02,9.805060386657714844e+00,-1.358081586658954620e-03,1.039397757267576997e-04,-1.988848904147744179e-03
-1.134756021201610565e-02,-3.061203472316145063e-02,9.808588027954101562e+00,-1.242388272657990456e-03,-1.707473536953330040e-03,-7.155064377002415873e-04
-6.501856446266174316e-02,9.340612217785130081e-03,9.820110321044921875e+00,-2.500548260286450386e-03,-2.862925175577401681e-03,1.775466836988926368e-03
-6.943593919277191162e-02,-3.145784838123914448e-03,9.759915351867675781e+00,-1.714441459625959396e-03,3.736860118806362586e-03,2.191165229305624528e-03
-2.342347055673599243e-02,-4.201357718555919808e-03,9.792963981628417969e+00,-2.694043330848217010e-03,9.763484122231607006e-04,3.191406140103936195e-03
-3.263337910175323486e-02,4.008238762617231249e-02,9.785101890563964844e+00,1.979300752282142639e-03,2.486869925633072853e-03,9.196460450766578303e-05
1.870249025523662567e-02,2.456153742970243904e-03,9.861931800842285156e+00,-2.404063940048217773e-03,7.359646260738372803e-04,-1.533662725705654242e-04
-2.203433960676193237e-02,-2.423153072595476271e-02,9.793677330017089844e+00,4.152603447437286377e-03,7.311431691050525143e-04,-3.432455705478787422e-03
-1.714762672781944275e-02,1.897689700126768339e-02,9.817954063415527344e+00,-3.693183534778654575e-04,-1.051158760674303231e-04,-4.472726956009864807e-03
-1.574144884943962097e-02,-3.332162648439287306e-02,9.811736106872558594e+00,-1.292316592298448086e-03,-1.111745368689298630e-03,2.746907412074507909e-04
-3.757603093981742859e-02,1.696967147290827024e-02,9.844137191772460938e+00,1.266614999622106552e-03,6.721325917169345834e-06,-8.624003967270255089e-04
-3.562795370817184448e-02,1.203235052526117205e-02,9.808634757995605469e+00,-8.975866949185729027e-04,4.786177887581290983e-04,1.880087191238999367e-03
-3.143839538097381592e-02,-2.837776392698167574e-02,9.826193809509277344e+00,-2.527555450797080994e-03,2.219616668298840956e-03,3.136735409498214288e-03
-2.977706119418144226e-02,-1.007213070988534874e-02,9.820449829101562500e+00,1.721406122669577599e-03,-3.018101910129189491e-03,8.621144806966188822e-04
-2.956263720989227295e-02,-3.751447424292444349e-02,9.792661666870117188e+00,9.755209903232753277e-04,2.395881339907645746e-03,-4.697412718087434769e-03
-3.617930784821510315e-02,-1.980420015752195131e-02,9.822614669799804688e+00,4.392686299979686737e-03,-1.577797695063054562e-03,3.068847581744196199e-04
-2.283457294106483459e-02,-1.338172703981279146e-02,9.835891723632812500e+00,-6.421682192012667656e-04,1.807455904781818390e-03,1.352362014586103774e-04
-5.899157747626304626e-02,1.804051920771719206e-02,9.819011688232421875e+00,3.624963806942105293e-03,7.040649652481079102e-04,-2.689003013074399125e-04
-2.947835624217987061e-02,-3.524488583207009695e-02,9.866667747497558594e+00,-1.837006304413080215e-03,1.678304164670408206e-03,4.289775155484676361e-03
-1.481595821678638458e-02,-3.238403424620507620e-02,9.842854499816894531e+00,-1.173746073618531227e-03,1.617924775928259330e-03,3.108140313997864723e-03
-4.679294675588607788e-02,1.096318662166715675e-02,9.821866989135742188e+00,-1.950520440004765987e-03,6.819157279096543789e-04,2.419336233288048885e-04
-2.587907575070858002e-02,-1.883309148251890303e-02,9.794066429138183594e+00,8.853701874613761902e-04,5.324974190443756365e-04,1.932814484462141991e-03
-1.602889969944953918e-02,7.520358078182944050e-03,9.801630973815917969e+00,4.174229688942432404e-03,1.342520234175025983e-03,-3.176639555022120476e-03
-2.847068756818771362e-02,-6.930503994225250056e-03,9.845733642578125000e+00,-6.610860582441091537e-04,4.765831865370273590e-03,-1.880233059637249167e-03
-3.759236633777618408e-02,-4.581089131532900885e-03,9.790832519531250000e+00,-2.627729554660618305e-05,-3.504243795759973742e-04,1.931703183799982071e-03
-2.494201622903347015e-02,3.311558067798734545e-02,9.824305534362792969e+00,1.858047209680080414e-03,6.855943356640634753e-04,-1.740852603688836098e-03
-7.379892468452453613e-02,-1.447991281747698124e-02,9.793586730957031250e+00,9.533759439364075661e-04,8.949892362579703331e-04,-2.396000054432080280e-04
-5.440382659435272217e-02,-1.804857887327550661e-02,9.831824302673339844e+00,-2.724716905504465103e-04,6.297672633081674576e-03,-6.779745453968651732e-04
-4.655362665653228760e-02,-3.520307317376016043e-02,9.834794998168945312e+00,-4.988561850041151047e-04,1.574712106958031438e-03,-2.065673703327775002e-03
-1.157078891992568970e-03,-1.475772634148477674e-02,9.807940483093261719e+00,-9.319523232989013195e-04,1.078170753316954998e-04,9.982426417991518974e-04
-4.386254400014877319e-02,-2.787905372679112814e-02,9.856154441833496094e+00,1.871192362159490585e-03,-1.325363409705462240e-04,-1.877939794212579727e-03
-4.463142901659011841e-02,1.644921302795530199e-02,9.809697151184082031e+00,-3.873984678648412228e-04,-3.421216038987040086e-03,4.167342092841863632e-03
-2.589779347181320190e-02,9.725261479616287286e-02,9.924721717834472656e+00,-8.951682830229401588e-04,-1.795114483684300292e-03,8.645756170153617859e-03
-1.875406131148338318e-03,1.468279957771425476e-02,1.014330959320068359e+01,3.999077016487717628e-04,-2.076628245413303028e-02,2.160672843456268657e-02
-1.363094151020050049e-02,1.539443619561992678e-04,1.038521480560302734e+01,-1.175896171480417252e-02,-4.662358015775679848e-02,4.657576605677605369e-02
-7.726880908012390137e-02,1.524378731846939665e-02,1.064355850219726562e+01,-1.934594474732875824e-02,-6.657356023788450761e-02,7.991649955511094527e-02
-2.012346684932708740e-02,-1.496521942317353450e-02,1.081153583526611328e+01,-2.815666794776916504e-02,-7.235828787088392777e-02,9.861429780721665816e-02
-5.753299593925476074e-02,-2.246633172033865936e-03,1.103524875640869141e+01,-2.257715165615081787e-02,-7.537809014320372147e-02,1.230752766132354875e-01
-2.476591430604457855e-02,-3.678309544920784629e-02,1.115322303771972656e+01,-1.808135211467742920e-02,-7.402035593986509843e-02,1.399281173944473267e-01
-2.518911100924015045e-02,-4.457346163688705870e-03,1.130485725402832031e+01,-7.926687598228454590e-03,-6.658222526311873002e-02,1.493745893239974976e-01
-8.057864010334014893e-02,-7.353912573306350953e-03,1.144210624694824219e+01,-3.221465274691581726e-03,-6.003788858652112786e-02,1.598791182041168213e-01
-5.378286167979240417e-02,-1.494445372372723430e-02,1.161374473571777344e+01,1.840394106693565845e-03,-4.969432204961774652e-02,1.632622480392456055e-01
-5.795593559741973877e-02,1.322250813247203812e-03,1.168070602416992188e+01,1.045659556984901428e-02,-3.667626902461049859e-02,1.640396267175674438e-01
-6.470707803964614868e-02,-8.359033614395605660e-03,1.178096199035644531e+01,1.450795773416757584e-02,-2.570739015936849420e-02,1.604105830192565918e-01
-6.740048527717590332e-02,-1.894734799861762936e-02,1.184959411621093750e+01,1.459662243723869324e-02,-1.352999079972503661e-02,1.598938405513763428e-01
-4.365031048655509949e-02,-2.305472269654127923e-02,1.192811203002929688e+01,1.786282658576965332e-02,1.980647444725055269e-03,1.539317071437835693e-01
-4.154814779758453369e-02,5.258959252388751074e-03,1.197082328796386719e+01,2.175485901534557343e-02,7.809819187968987560e-03,1.520037055015563965e-01
-7.967654615640640259e-02,-4.582669213414044401e-02,1.204290199279785156e+01,1.988165825605392456e-02,1.709787547588350123e-02,1.472745984792709351e-01
-5.300350114703178406e-02,-7.285378407685468190e-03,1.208708286285400391e+01,1.923971809446811676e-02,2.697121165692807979e-02,1.361116915941238403e-01
-3.381740301847457886e-02,3.060244489462664568e-03,1.209370422363281250e+01,1.801284961402416229e-02,3.029424697160722560e-02,1.326543688774108887e-01
-5.323129147291183472e-02,4.548765718938401620e-03,1.209391784667968750e+01,1.496368460357189178e-02,3.660533204674722152e-02,1.238537728786468506e-01
-3.323652595281600952e-02,-2.501312084495872778e-02,1.213033294677734375e+01,1.117114350199699402e-02,3.299884870648385482e-02,1.158171221613883972e-01
-4.005890339612960815e-02,-6.678756326422081091e-04,1.217954158782958984e+01,1.087897829711437225e-02,3.697014600038529830e-02,1.047223359346389771e-01
-1.561520062386989594e-02,-1.747657544910758559e-02,1.217216491699218750e+01,9.634632617235183716e-03,4.088841378688813644e-02,9.959034621715545654e-02
-5.641860514879226685e-02,-3.418973460793345992e-02,1.219918346405029297e+01,1.015691086649894714e-03,3.138114511966706710e-02,9.033233672380447388e-02
-2.446011453866958618e-02,-2.969872765242904250e-02,1.217768096923828125e+01,2.054572105407714844e-03,3.774131461977960067e-02,8.645700663328170776e-02
-9.405283257365226746e-03,-9.420967660842837627e-03,1.214913177490234375e+01,-2.995285904034972191e-04,3.344956785440445640e-02,7.552877813577651978e-02
-6.729978322982788086e-02,-2.538274787366241389e-02,1.215459442138671875e+01,-2.419524826109409332e-03,3.216660767793656089e-02,7.004579901695251465e-02
-2.233096957206726074e-02,-2.843456715345233851e-02,1.216060352325439453e+01,-5.204920191317796707e-03,3.053886629641056755e-02,6.239621713757514260e-02
-1.971789076924324036e-02,-1.587931625544875686e-02,1.217661285400390625e+01,-1.487173140048980713e-02,2.563922479748726585e-02,5.816851928830146790e-02
-6.705425679683685303e-02,-1.278976723551600650e-02,1.221710968017578125e+01,-1.118266861885786057e-02,2.639563940465450981e-02,4.495033994317054749e-02
-2.947366982698440552e-02,-1.485449727624505757e-02,1.217377948760986328e+01,-1.258509233593940735e-02,1.930718868970871666e-02,4.883284866809844971e-02
-3.012436814606189728e-02,4.420705139638489607e-03,1.221730041503906250e+01,-1.061685848981142044e-02,1.259576342999935671e-02,4.117253422737121582e-02
-6.496734172105789185e-02,2.855529543013868993e-03,1.215348625183105469e+01,-1.161290798336267471e-02,1.545799802988768144e-02,3.609340265393257141e-02
-2.682951651513576508e-02,9.576836600901188212e-03,1.218170452117919922e+01,-1.526889670640230179e-02,1.392576936632395138e-02,2.791219949722290039e-02
2.194871008396148682e-02,1.673135720193535264e-02,1.218362331390380859e+01,-1.200666371732950211e-02,1.280035637319088329e-02,2.859078720211982727e-02
-6.599208340048789978e-03,-3.173190355300754134e-02,1.220800495147705078e+01,-1.195718161761760712e-02,4.421027842909100274e-03,2.286204881966114044e-02
7.871346548199653625e-03,-6.667304784059376044e-02,1.214240932464599609e+01,-1.051734294742345810e-02,1.324935816228392125e-03,1.921567693352699280e-02
-2.397302351891994476e-02,-2.009258419275135321e-02,1.213708686828613281e+01,-3.476782236248254776e-03,1.536688534542919940e-03,1.478993892669677734e-02
5.597641691565513611e-03,2.873960696160941797e-02,1.213076400756835938e+01,-9.114630520343780518e-03,-8.466789731755829931e-04,1.837407983839511871e-02
-1.797856949269771576e-02,-3.991034254431575362e-02,1.218215370178222656e+01,-2.945207990705966949e-03,-4.886507056653497869e-03,1.278198603540658951e-02
-5.520237609744071960e-02,-3.581277281045765204e-02,1.212228679656982422e+01,-4.352358635514974594e-03,-6.414058152586220828e-03,9.456263855099678040e-03
-1.402250677347183228e-02,-3.246602788567394537e-02,1.213446426391601562e+01,-1.758772414177656174e-03,-7.609626278281210986e-03,8.109930902719499415e-03
9.616545401513576508e-03,4.066838882865009969e-03,1.215407276153564453e+01,3.809469053521752357e-03,-6.864707916975021362e-03,2.465876983478666219e-03
-6.215744838118553162e-02,-3.388916328549236578e-02,1.213760280609130859e+01,4.159523639827966690e-03,-4.849755670875310030e-03,3.686682321131229834e-03
-3.387308120727539062e-02,-2.391562610864491831e-02,1.202995395660400391e+01,1.544136670418083668e-03,-5.760410800576209155e-03,3.692775964736939344e-03
-4.980020225048065186e-02,-2.057985775172564008e-02,1.196055698394775391e+01,-5.998084088787436485e-04,-3.937879577279090014e-03,3.992284648120404157e-03
-1.544946804642677307e-03,2.613300830125952351e-02,1.172106933593750000e+01,2.027635462582111359e-03,-5.475256126374006271e-03,2.820031950250268850e-03
-4.047045484185218811e-02,-9.318101219831481652e-03,1.156569194793701172e+01,4.239368136040866375e-04,-3.831785870715982267e-04,-5.455673672258853912e-03
-6.090852990746498108e-02,-4.822542145848134759e-02,1.138021469116210938e+01,2.296749153174459934e-04,-7.334204856306315553e-04,-9.747114381752907146e-04
-3.500226140022277832e-02,-6.450579501687103007e-03,1.124390220642089844e+01,1.152603304944932461e-03,3.632438601925968690e-03,-3.378675784915686087e-03
-3.871683776378631592e-02,-3.846175223588807479e-02,1.108530807495117188e+01,1.361585105769336224e-03,-2.249285171274096858e-04,-8.301032357849180698e-04
-2.855298668146133423e-02,2.410141751170292654e-02,1.097586536407470703e+01,2.055002842098474503e-03,7.139768451452254382e-03,-6.629681214690209302e-03
-4.991923272609710693e-02,-2.109044045209751417e-02,1.088350868225097656e+01,-1.835323171690106392e-03,1.050046738237142389e-02,-7.160570938140154752e-03
-4.017584398388862610e-02,2.516899816692006950e-02,1.074821853637695312e+01,-2.851462922990322113e-03,1.308560185134410858e-02,-6.154064089059831447e-03
-3.484070301055908203e-02,-5.498310551046012816e-03,1.071777343750000000e+01,-5.338178598321974277e-04,9.848685003817079717e-03,-8.328807540237905330e-03
-3.939890861511230469e-02,-1.840221881866324280e-02,1.066737461090087891e+01,-3.841137513518333435e-03,1.178340055048465729e-02,-3.982574213296176738e-03
-3.337850049138069153e-02,-3.236136585473885219e-02,1.055635070800781250e+01,1.846562488935887814e-03,1.527475379407405853e-02,-4.668997600674630946e-03
3.770404495298862457e-03,9.604842402042249039e-03,1.054334163665771484e+01,1.283738412894308567e-03,2.225621417164802551e-02,-8.626719936728480947e-03
-1.554359029978513718e-02,-9.749730117617753933e-03,1.048265075683593750e+01,8.938326500356197357e-04,2.560060657560825348e-02,-8.466737344861034048e-03
-4.504990577697753906e-02,3.064840845763810648e-02,1.039999866485595703e+01,7.181590422987937927e-03,2.278064191341400146e-02,-1.124881301075220455e-02
-3.664545714855194092e-02,1.631383970379957082e-02,1.041816902160644531e+01,2.935401396825909615e-03,2.433987148106098175e-02,-9.467245079576972616e-03
6.521795876324176788e-03,7.615837734193880472e-03,1.037817764282226562e+01,1.548663713037967682e-03,2.996828220784664154e-02,-9.657594375312331808e-03
-5.969133228063583374e-03,-1.424031797796361173e-02,1.033411502838134766e+01,1.669653924182057381e-03,3.003985993564128876e-02,-1.211602333933115352e-02
-4.931375756859779358e-02,1.160140987485773663e-02,1.032310867309570312e+01,4.705615341663360596e-03,3.294581919908523560e-02,-5.805569700896744297e-03
-3.257240355014801025e-02,-1.482493430375926742e-02,1.030270481109619141e+01,5.957876797765493393e-03,2.766233310103416443e-02,-8.419026620686057699e-03
-2.829298749566078186e-02,2.598836319522333706e-03,1.032381534576416016e+01,7.974476553499698639e-03,2.717791311442852020e-02,-7.050771731883290899e-03
-4.207318648695945740e-02,-2.304163388907783452e-02,1.027483177185058594e+01,5.370263010263442993e-03,2.747419476509094238e-02,-1.057682186365127910e-02
-4.615550488233566284e-02,-2.042576670646541886e-02,1.024186420440673828e+01,6.748307496309280396e-03,2.365034818649291992e-02,-7.790029980242254952e-03
-3.539681434631347656e-02,8.502698503435919195e-03,1.029725074768066406e+01,5.916277877986431122e-03,2.207367680966854095e-02,-8.768616244196895254e-03
-2.533343434333801270e-02,-1.764568872749679510e-02,1.027966213226318359e+01,-1.087587443180382252e-04,1.732413098216056824e-02,-1.141063589602708990e-02
-4.450599104166030884e-02,-9.039908763939994958e-04,1.025475883483886719e+01,2.011794131249189377e-03,1.148630306124687021e-02,-9.943812154233457393e-03
-8.085188269615173340e-02,-1.801288453849539829e-04,1.023254394531250000e+01,2.576596802100539207e-03,1.294685900211334055e-02,-9.079694747924806422e-03
9.934904053807258606e-03,-3.113751672208183580e-02,1.024717998504638672e+01,2.430250402539968491e-03,1.070949435234069651e-02,-7.834439165890218562e-03
-2.810388803482055664e-02,9.555835276843366310e-03,1.020488834381103516e+01,3.330898005515336990e-03,1.165163796395063227e-02,-1.012738421559333975e-02
-2.903439477086067200e-02,5.784058943392096988e-03,1.021074867248535156e+01,4.678232595324516296e-03,4.077970515936612216e-03,-8.119449019432067871e-03
-4.539399594068527222e-02,-3.031228110194080991e-02,1.022675037384033203e+01,-1.555589260533452034e-03,5.234901327639817324e-03,-5.111013073474169645e-03
-5.656360089778900146e-02,9.103513322771842817e-03,1.018666458129882812e+01,3.405572380870580673e-03,1.220773439854382601e-03,-6.315681617707014084e-03
-8.065903931856155396e-02,1.329728681594257583e-02,1.013766384124755859e+01,-4.014580044895410538e-04,6.739491596817970276e-03,-7.167156436480590434e-04
1.123942714184522629e-02,-4.451681394128742530e-03,1.019914436340332031e+01,1.234871102496981621e-03,1.058279164135456085e-02,-1.491146162152291645e-03
-1.504267007112503052e-02,3.725106269121294944e-02,1.021893596649169922e+01,4.569956567138433456e-03,1.222719158977270126e-02,2.566890558227895389e-03
-6.690625101327896118e-02,-4.619307350366061264e-03,1.017754554748535156e+01,4.517225897870957851e-04,8.574442937970161438e-03,2.290757372975348559e-03
-1.953525096178054810e-02,3.065621014685661685e-03,9.985107421875000000e+00,2.141123171895742416e-03,7.605937309563160810e-03,4.191797692328690615e-03
-2.889115735888481140e-02,-7.020969875155672925e-03,9.849132537841796875e+00,5.396694876253604889e-03,3.993345424532891187e-03,4.064921755343674746e-03
1.615121029317378998e-03,-5.272199865429412144e-03,9.646064758300781250e+00,8.238443173468112946e-03,7.036315277218818665e-03,2.824147231876849261e-03
-3.747674077749252319e-02,1.781563274562474736e-02,9.458198547363281250e+00,8.250319398939609528e-03,7.154084742069245252e-03,4.198988433927296725e-03
-7.071380317211151123e-02,8.114490658045951307e-03,9.275260925292968750e+00,1.017475686967372894e-02,9.158595465123655147e-03,7.322978693991898623e-03
-5.105107650160789490e-02,-9.377905516874059143e-04,9.114203453063964844e+00,1.215755753219127655e-02,7.463450077921152115e-03,3.018765244632958498e-03
-4.509112238883972168e-02,-1.083584502339253984e-02,8.907907485961914062e+00,1.129552163183689117e-02,5.320824682712554932e-03,2.335463650524615374e-03
-5.745619535446166992e-02,-1.451675128191601445e-02,8.826704025268554688e+00,8.482007309794425964e-03,9.734469465911388397e-03,4.179149982519435877e-04
-3.856295347213745117e-02,-1.723881065845383684e-02,8.642698287963867188e+00,1.189176272600889206e-02,7.457915693521499634e-03,3.216569079086183634e-03
-8.348476141691207886e-03,1.517707016319141435e-02,8.570314407348632812e+00,9.225527755916118622e-03,6.086725741624832153e-03,3.246604930609463778e-03
8.215159177780151367e-03,1.019099261611803621e-02,8.455111503601074219e+00,5.331452004611492157e-03,7.182158995419740677e-03,2.848754869773983088e-03
-2.659680694341659546e-02,1.739290170371635483e-02,8.400810241699218750e+00,2.783137140795588493e-03,7.794084493070840836e-03,1.718375249765812483e-03
-1.640444248914718628e-02,1.430133171379668888e-02,8.383851051330566406e+00,2.514022868126630783e-03,1.123641151934862137e-02,3.668877470772699870e-04
1.308292895555496216e-02,1.097381673753363047e-02,8.282825469970703125e+00,1.990942750126123428e-03,5.916085559874773026e-03,-1.275573013117544221e-04
-7.007696479558944702e-02,-4.486592113971609591e-02,8.241337776184082031e+00,1.466599758714437485e-03,7.960057817399501801e-03,8.500163094140579479e-04
-8.705702424049377441e-02,-2.649648813529801791e-03,8.174768447875976562e+00,4.838353488594293594e-03,-4.953141324222088944e-04,-1.291845343075692654e-03
-3.904478624463081360e-02,2.634130045771698389e-02,8.136711120605468750e+00,2.558505395427346230e-03,3.722088877111611013e-05,-5.090321414172649384e-03
3.630775492638349533e-03,3.477977588773768607e-03,8.122912406921386719e+00,-4.846272990107536316e-03,-3.405896248295903640e-03,-4.975370131433010101e-03
-2.244946360588073730e-02,1.676895283162693415e-02,8.119633674621582031e+00,-5.520877894014120102e-03,-3.059373470023275289e-03,-8.061534725129604340e-03
-6.226740777492523193e-02,-3.769531613214810971e-03,8.108167648315429688e+00,-2.537886612117290497e-03,-2.944344421848655181e-03,-3.569754771888255639e-03
-2.364574745297431946e-02,-1.532592624425788835e-02,8.095962524414062500e+00,-5.445310845971107483e-03,-5.099401809275151166e-03,-7.632451131939887133e-03
-5.318678170442581177e-02,-2.265056036412617033e-02,8.076283454895019531e+00,-5.372038576751947403e-03,-3.613402834162117352e-03,-1.094506960362195969e-02
-2.226968668401241302e-02,1.094470825046399594e-02,8.062120437622070312e+00,-6.476216483861207962e-03,-2.273800550028683490e-03,-1.271845865994691849e-02
-8.163212798535823822e-03,9.183122776449724120e-03,8.138948440551757812e+00,-7.882609963417053223e-03,-5.773767363280058774e-03,-8.170481771230697632e-03
-7.020227611064910889e-02,-2.523410320281883196e-02,8.096316337585449219e+00,-5.919876042753458023e-03,-3.233948256820441160e-03,-8.140953257679939270e-03
-3.260375186800956726e-02,-5.935797467826797735e-03,8.157198905944824219e+00,-3.761220956221222878e-03,-8.024793118238449097e-03,-6.151283159852027026e-03
-2.597923949360847473e-02,-2.813854068517585016e-02,8.164958953857421875e+00,-6.435953546315431595e-03,-4.368569701910019788e-03,-8.579568006098270416e-03
-6.772740930318832397e-02,-5.904270336031813837e-02,8.172563552856445312e+00,-1.590020954608917236e-03,-8.858444169163705653e-03,-1.371982507407665079e-02
-3.118170797824859619e-02,2.625198103487591875e-02,8.192957878112792969e+00,-4.733941983431577682e-03,-9.791591204702855891e-03,-1.105883065611123865e-02
-2.476249076426029205e-02,-6.495163775979467292e-03,8.209025382995605469e+00,-6.624546367675065994e-03,-1.140602026134729559e-02,-9.382881224155424291e-03
-1.899778656661510468e-02,1.709290221333604337e-02,8.229715347290039062e+00,-8.256841450929641724e-03,-8.039909414947034663e-03,-8.868701756000517064e-03
-7.430044561624526978e-02,-1.759810000657934317e-02,8.258072853088378906e+00,-5.799331702291965485e-03,-7.844662293791772670e-03,-1.273065991699695414e-02
-4.487111791968345642e-02,5.574794951827347078e-03,8.273348808288574219e+00,-2.236471744254231453e-03,-6.641557905822993192e-03,-9.916636161506175995e-03
-6.146885454654693604e-02,-2.119031734764474650e-02,8.260222434997558594e+00,-1.510735601186752319e-03,-6.769192405045034236e-03,-1.184531208127737045e-02
-4.080878570675849915e-02,-7.543371524660758519e-03,8.335652351379394531e+00,-3.317631315439939499e-03,-3.399196313694121188e-03,-1.305322162806987762e-02
-2.094567939639091492e-02,2.844662964344126660e-02,8.334349632263183594e+00,-4.318639636039733887e-03,-5.482238251715900249e-03,-1.081129722297191620e-02
-2.549057826399803162e-02,-3.128950670361416858e-02,8.356764793395996094e+00,-3.126026131212711334e-03,-2.974045462906361494e-03,-8.786760270595550537e-03
-3.733018785715103149e-02,-3.766119480132953945e-02,8.387516021728515625e+00,-1.877486705780029297e-03,-4.956552758812906093e-03,-1.317480392754077911e-02
-5.061931535601615906e-02,1.030830852687462246e-02,8.443044662475585938e+00,-2.562477253377437592e-03,-9.840895421802999324e-03,-1.257874909788369959e-02
-5.521133542060852051e-02,-3.248505061491288679e-03,8.451522827148437500e+00,-1.701552420854568481e-03,-9.025465697050096339e-03,-1.013008318841457193e-02
-3.810941800475120544e-02,1.154205296188696647e-02,8.474321365356445312e+00,-1.604219200089573860e-03,-3.515211632475258655e-03,-1.387668959796428680e-02
-5.214972048997879028e-02,1.543282181956915017e-03,8.500312805175781250e+00,3.377185668796300888e-03,-1.021255645900964910e-02,-9.122385643422601872e-03
-4.157169535756111145e-02,-5.706271622328911233e-03,8.486905097961425781e+00,-1.094446983188390732e-03,-4.304647911339999113e-03,-8.876119740307331085e-03
-9.690107405185699463e-02,-1.877994090318575032e-02,8.552597045898437500e+00,-1.433767145499587059e-03,-8.144422434270383662e-03,-7.262924686074256030e-03
-3.255496919155120850e-02,-3.597686067223444112e-02,8.534814834594726562e+00,-1.761256717145442963e-04,-1.121941022574901581e-02,-4.855838604271410161e-03
-4.766059666872024536e-02,1.680824905634980887e-03,8.610755920410156250e+00,-7.647175807505846024e-04,-6.695893593132496747e-03,-9.406079538166522980e-03
-2.249296195805072784e-02,-6.977834273119150159e-04,8.615497589111328125e+00,1.177896279841661453e-03,-8.227056823670865840e-03,-9.016485884785650426e-03
-5.398696660995483398e-02,4.636079538614619466e-03,8.669092178344726562e+00,-1.256195129826664925e-03,-7.196635007858277235e-03,-8.646816015243528539e-03
-2.706283330917358398e-02,-3.177379071712387038e-02,8.723566055297851562e+00,-3.486953675746917725e-03,-9.161387570202352351e-03,-1.174833811819553202e-02
-6.658201664686203003e-02,-8.956363890309377825e-04,8.724824905395507812e+00,-3.134357510134577751e-03,-7.814603857696058101e-03,-9.347504936158655339e-03
-3.343152254819869995e-02,-4.376299213616968026e-03,8.750683784484863281e+00,-5.895477952435612679e-04,-5.061806179583073530e-03,-7.635973393917082873e-03
-7.026425004005432129e-02,-1.519265305250776070e-02,8.733710289001464844e+00,-1.710797892883419991e-03,-6.425055675208569440e-03,-9.526500478386878967e-03
-9.068195521831512451e-02,1.258857641369211765e-02,8.774825096130371094e+00,-2.900931518524885178e-03,-5.707724485546351346e-03,-5.207230802625416842e-03
-2.444327622652053833e-02,-3.250224143266569610e-02,8.812067985534667969e+00,-1.846742117777466774e-03,-6.816551089286805067e-03,-7.849475368857383728e-03
-3.629439696669578552e-02,-3.309450298547636504e-02,8.811923980712890625e+00,-2.335730241611599922e-03,-3.915555309504271421e-03,-9.907575324177742004e-03
-4.491176083683967590e-02,-6.005801726131541896e-03,8.892507553100585938e+00,-1.316020498052239418e-03,5.178302060812710848e-03,-5.082734394818545255e-03
-8.641473203897476196e-02,2.964090183377374177e-02,8.848123550415039062e+00,-4.557237494736909866e-03,-5.133737577125436612e-04,-5.722411442548036575e-03
-4.131520539522171021e-02,7.401559967548742777e-03,8.880020141601562500e+00,-2.436087932437658310e-03,-6.078776204958565672e-04,-5.963326431810855865e-03
-7.304678112268447876e-02,3.284647688269724114e-02,8.907829284667968750e+00,-1.110763056203722954e-03,2.619265345856546488e-03,-7.803878746926784515e-03
-6.259217858314514160e-02,1.971086673438658676e-02,8.941605567932128906e+00,-1.524397230241447687e-04,-1.512943068519235525e-03,-6.271979771554470062e-03
-4.292222112417221069e-02,-2.121222205459961929e-02,8.957903861999511719e+00,2.424940234050154686e-03,1.157337566837667985e-03,-3.260534722357988358e-03
-4.661171510815620422e-02,-3.050688467919716873e-02,8.953906059265136719e+00,8.435110212303698063e-04,-6.248216377571233840e-04,-6.874951068311929703e-03
-7.925844192504882812e-02,-1.345197390764841378e-02,9.010703086853027344e+00,-2.651114191394299269e-04,2.735135843977330814e-03,-1.063165068626403809e-02
-5.995179712772369385e-02,2.092968858778586697e-02,8.992881774902343750e+00,3.106759395450353622e-03,4.358487669378518191e-03,-4.245384596288205060e-03
-6.954854726791381836e-02,-5.151282250881084740e-02,9.016840934753417969e+00,1.859898446127772331e-03,1.642099348828196092e-03,-4.140065051615238190e-03
-1.251476351171731949e-02,-1.576766185462363801e-02,9.053147315979003906e+00,2.954741474241018295e-03,2.732230816036462350e-03,-3.661681432276964621e-03
-4.665049538016319275e-02,1.201026141643635366e-02,9.081933021545410156e+00,1.833873335272073746e-03,2.266396768391131921e-03,-3.099987050518393950e-03
-4.279251396656036377e-02,2.111530303955189147e-02,9.062464714050292969e+00,2.010835334658622742e-03,1.792528433725237630e-03,-1.753113698214292743e-03
-2.986973524093627930e-02,1.826849952340237754e-02,9.119065284729003906e+00,1.230692025274038315e-03,3.153027500957249728e-03,-7.272228132933378220e-03
-7.374116033315658569e-02,1.206520362758266339e-03,9.144598960876464844e+00,-1.842119963839650154e-03,3.616820322349595721e-05,-5.889624822884798050e-03
-5.458140000700950623e-02,7.835060358048605983e-03,9.156182289123535156e+00,-8.136483957059681416e-04,1.206146902404724684e-03,-6.668968126177787781e-03
-4.043171554803848267e-02,-6.864311639218404447e-03,9.129049301147460938e+00,1.158403931185603142e-03,-3.526309505105019049e-03,-2.465226920321583314e-03
-3.783977776765823364e-02,-5.947126075624275567e-03,9.344049453735351562e+00,-1.490859722252935171e-04,-4.002763424068690214e-03,-5.286436527967452136e-03
-8.544700592756271362e-02,3.035046625883550727e-03,9.502688407897949219e+00,1.152646844275295734e-03,-8.184297475963832032e-04,-8.053264464251695979e-04
-7.862034440040588379e-02,1.114855520428392971e-03,9.520927429199218750e+00,-1.347229408565908670e-04,-4.572835285216569901e-03,-2.365149091929196878e-03
-5.287247151136398315e-02,9.401442483068679981e-03,9.528694152832031250e+00,4.862223286181688309e-04,-8.400286547839641571e-03,-5.912467837333678332e-03
-2.114471420645713806e-02,-8.158348500727443178e-03,9.507301330566406250e+00,-1.411928329616785049e-03,-6.769169587641955289e-03,-7.407536730170249072e-03
-5.427430570125579834e-02,1.797931641340371964e-02,9.501234054565429688e+00,2.095222473144531250e-03,-8.779110386967658997e-03,-2.370674395933746424e-03
-5.274161696434020996e-02,1.315642707049962702e-02,9.470585823059082031e+00,3.545355051755905151e-03,-7.396636996418237686e-03,-2.461479045450686541e-03
-4.536712914705276489e-02,2.736278250813600071e-02,9.464097976684570312e+00,3.948753699660301208e-03,-7.983142510056495667e-03,-5.408716388046740618e-03
-4.935544729232788086e-02,3.728369250893708714e-02,9.459109306335449219e+00,5.728215910494327545e-03,-7.942011579871177673e-03,-2.487121382728218165e-03
-4.763721674680709839e-02,-1.026773266494158086e-02,9.474149703979492188e+00,4.077207995578646660e-05,-6.424773484468460950e-03,-5.008832551538943377e-03
-8.949233591556549072e-02,1.417298801243420739e-02,9.439410209655761719e+00,8.192437817342579365e-04,-1.144218165427446365e-02,-4.187217447906730824e-03
-7.595522701740264893e-02,-9.250424802302155414e-03,9.455613136291503906e+00,3.187420545145869255e-03,-8.892398327589035034e-03,-2.536670072004197727e-03
-1.019146293401718140e-01,2.846597693860646386e-02,9.436594963073730469e+00,-2.996624098159372807e-04,-8.650135248899459839e-03,-3.958968445658682909e-03
-5.644161626696586609e-02,1.309618470260163082e-03,9.408377647399902344e+00,5.266631487756967545e-03,-5.626692902296781540e-03,-2.770503051578997698e-03
-8.348477631807327271e-02,3.065953776240464349e-02,9.425431251525878906e+00,6.215906236320734024e-03,-6.945843342691659927e-03,-2.029317896813153353e-03
-8.469009399414062500e-02,-2.089588716626051765e-02,9.426873207092285156e+00,1.796416239812970161e-03,-6.123199127614498138e-03,-2.598647726699709025e-03
-6.364905089139938354e-02,-4.199573304492631586e-04,9.410273551940917969e+00,3.649950958788394928e-04,-4.182798787951470289e-03,-4.956395830959080782e-03
-6.320257484912872314e-02,1.846875250339623242e-02,9.411601066589355469e+00,5.217130528762936592e-04,-8.566589094698429108e-03,-4.060198552906512347e-03
-3.770436719059944153e-02,5.707531236113270491e-03,9.415680885314941406e+00,1.203524530865252018e-03,-6.825866177678108215e-03,-3.141545923426746455e-03
-4.515176638960838318e-02,-3.173518180847052783e-02,9.404843330383300781e+00,-3.087244229391217232e-03,-5.902172997593879700e-03,-2.775934524834155169e-03
-3.087244927883148193e-02,-3.319176286458853931e-02,9.417774200439453125e+00,2.179017988964915276e-03,-5.102028604596854124e-03,-4.474631510674952593e-03
-6.197562068700790405e-02,1.394697465002652653e-02,9.465023040771484375e+00,8.695219876244664192e-04,-2.404253697022796111e-03,-3.136797109618782563e-03
-1.044507771730422974e-01,-1.237316802143935239e-02,9.418538093566894531e+00,-1.619537244550883770e-03,-7.524373941123489902e-04,-3.725907066836953163e-03
-8.428854495286941528e-02,-1.115848869085196357e-02,9.438798904418945312e+00,6.073873955756425858e-04,-4.284098744392395020e-03,-2.375792246311902566e-03
-3.282720595598220825e-02,9.556377306581702313e-03,9.459118843078613281e+00,-2.557523548603057861e-03,3.166782669723033471e-03,-4.893316887319087982e-03
-6.882720440626144409e-02,5.464816931636296699e-03,9.436870574951171875e+00,4.522737115621566772e-03,6.723427679389715195e-03,-1.644119620323182020e-03
-5.561055988073348999e-02,-4.732039570808294765e-02,9.461761474609375000e+00,3.993256948888301849e-03,7.173603400588034716e-03,-5.644473712891341123e-03
-3.666821867227554321e-02,-9.170217439531119438e-03,9.475515365600585938e+00,1.083187293261289597e-03,1.275529386475681825e-03,-3.983979579061269760e-03
-6.930692493915557861e-02,-3.024414181709173324e-02,9.504107475280761719e+00,4.158434923738241196e-03,6.568040698766708374e-03,-1.311429659835995111e-03
-8.661809563636779785e-02,2.602666988968965062e-02,9.451568603515625000e+00,-1.224161824211478233e-03,4.143396858125924197e-03,-4.065899644047022733e-03
-7.250858843326568604e-02,3.126661479473230587e-02,9.504400253295898438e+00,6.224333774298429489e-03,6.179112009704113007e-03,-2.667710650712252531e-03
-9.815635532140731812e-02,-2.432425506412867061e-02,9.475160598754882812e+00,1.688414486125111580e-03,3.708288772031664415e-03,-4.613148514181376371e-03
-8.757887780666351318e-02,1.606082171201822159e-02,9.483234405517578125e+00,-1.590160420164465904e-03,1.710156066110354661e-04,-2.422848483547568321e-03
-8.295953273773193359e-02,-1.559271849691751428e-02,9.500738143920898438e+00,2.950586378574371338e-03,2.439846983179450035e-03,-1.639032270759344318e-03
-2.517066150903701782e-02,-1.123463828116538950e-02,9.505784034729003906e+00,1.501201651990413666e-03,3.801765851676464081e-03,-5.572887603193525836e-04
-1.267018914222717285e-01,-2.093248814344289901e-02,9.478037834167480469e+00,2.815317595377564430e-03,-1.398726133629680547e-03,-7.307362742722034454e-03
-9.104751795530319214e-02,-1.860465854405192378e-03,9.507490158081054688e+00,1.231288071721792221e-03,3.938439767807721224e-03,-8.089424110949039459e-03
-6.763996928930282593e-02,-6.330916658032241994e-04,9.487665176391601562e+00,-7.027315441519021988e-04,-2.758430084213614897e-03,-2.917438745498656793e-03
-1.032437905669212341e-01,2.581061422824975846e-02,9.490338325500488281e+00,-1.923276286106556654e-04,-1.461957814171910720e-03,-3.301263786852359772e-03
-9.648567438125610352e-02,-1.462769694626214756e-02,9.525072097778320312e+00,-1.661021262407302856e-03,2.273535123094915910e-03,-4.960701335221529007e-03
-9.042813628911972046e-02,-2.192983590066316379e-02,9.516562461853027344e+00,-2.156317699700593948e-03,5.028723971918220952e-04,-3.672390943393111229e-03
-1.245229244232177734e-01,-1.217904035001876432e-02,9.537602424621582031e+00,-2.048809546977281570e-03,-6.041939486749473487e-04,-2.539564855396747589e-03
-6.923850625753402710e-02,9.612023131933600034e-04,9.564364433288574219e+00,-3.123138099908828735e-03,5.168982781469821930e-03,-1.824684557504952604e-03
-7.479002326726913452e-02,3.381214663386462177e-02,9.559752464294433594e+00,-3.306990023702383041e-03,4.158203490078448382e-03,-4.712517373263836774e-03
-1.008248552680015564e-01,-3.312306851148488079e-02,9.553933143615722656e+00,4.289809614419937134e-03,2.885333960875868364e-03,-3.341678529977798896e-03
-8.631504327058792114e-02,3.832148388028262104e-02,9.559061050415039062e+00,1.748747075907886028e-03,1.051596459001302719e-02,-3.088363911956549992e-03
-6.436698138713836670e-02,9.901162236930112492e-03,9.582217216491699219e+00,6.739710806868970394e-04,8.876232430338859558e-03,-3.708433825522662510e-03
-5.427088215947151184e-02,2.442695386707900013e-02,9.562838554382324219e+00,1.635259017348289490e-03,6.827474106103180972e-03,-3.688700729981065664e-03
-6.336059421300888062e-02,-3.777449205517651593e-02,9.593105316162109375e+00,-4.007858806289732456e-04,8.128772489726543427e-03,-3.967116121202708158e-03
-5.296890437602996826e-02,2.486317977309344257e-02,9.570590019226074219e+00,-1.519051729701459408e-03,1.073421444743871689e-02,-9.978995658457292216e-04
-9.979436546564102173e-02,1.814851770178659701e-03,9.603157997131347656e+00,3.586895065382122993e-03,1.121301110833883286e-02,1.040953793562947403e-03
-5.440790206193923950e-02,1.431427430361626590e-02,9.582399368286132812e+00,5.844464176334440708e-04,9.520688094198703766e-03,-3.338830545544625630e-03
-5.530972033739089966e-02,-4.106750246136200121e-03,9.642546653747558594e+00,7.242363062687218189e-04,3.495336743071675301e-03,-7.036387687548999355e-04
-5.073508247733116150e-02,1.800725609064219787e-02,9.595423698425292969e+00,-1.232081558555364609e-04,2.003989648073911667e-03,-6.443400634452702783e-04
-4.000206291675567627e-02,-1.410620566457392207e-02,9.613602638244628906e+00,4.197730682790279388e-03,9.574066498316822268e-04,-1.688529970124364116e-03
-8.775346726179122925e-02,1.671823859214900676e-02,9.628097534179687500e+00,3.990359138697385788e-03,3.395314794033765359e-03,-2.259027911350131469e-03
-8.820425719022750854e-02,3.165531530976412738e-02,9.583684921264648438e+00,2.943794010207056999e-03,5.388264544308185577e-03,-2.808072837069631490e-03
-5.327062308788299561e-02,1.059021521359799871e-02,9.621167182922363281e+00,5.506159504875540733e-05,-2.338843652978540334e-03,-7.013143040239810944e-03
-9.458883851766586304e-02,1.533977221697686681e-02,9.617115020751953125e+00,-2.532321261242032051e-03,1.375396037474274635e-03,-2.676775329746307569e-04
-7.775279134511947632e-02,-4.708159714937092122e-02,9.630146980285644531e+00,3.951600287109613419e-03,4.879414918832475486e-04,-4.377712029963731766e-03
-1.160738915205001831e-01,3.022449091076968505e-02,9.607661247253417969e+00,1.114608487114310265e-03,-1.359133748337626674e-03,-2.444022567942738533e-03
-6.112690269947052002e-02,-8.460990153251898849e-03,9.634115219116210938e+00,-1.054119551554322243e-03,2.308163093402980891e-03,-5.623710807412862778e-03
-1.229895204305648804e-01,1.292197126895307246e-02,9.636569023132324219e+00,-5.796017940156161785e-04,4.183064156677565788e-04,-6.774961948394775391e-03
-6.066380441188812256e-02,1.214854605496047679e-02,9.634059906005859375e+00,1.868857536464929581e-03,-4.140018718317152154e-04,-1.075431006029248238e-03
-7.241162657737731934e-02,-6.168430671094668472e-03,9.630262374877929688e+00,-2.248887903988361359e-03,-1.337268855422735214e-03,-7.467675022780893065e-04
-5.761859565973281860e-02,-3.202469646930575925e-02,9.692626953125000000e+00,-8.299531182274222374e-04,-7.278472185134882274e-04,4.581477493047714233e-03
-7.688047736883163452e-02,1.505556749181141945e-03,9.657382965087890625e+00,-1.974877435714006424e-03,-4.863853100687265396e-03,-1.628082827664911096e-03
-8.974463492631912231e-02,-5.050509236751804694e-03,9.656331062316894531e+00,5.238492158241569996e-04,-1.865865080617368438e-03,-2.034121425822376771e-03
-8.910878747701644897e-02,3.655159473419308108e-02,9.689716339111328125e+00,-1.999320229515433311e-03,-2.253933576866984801e-03,-2.347461413592099710e-03
-5.684778839349746704e-02,4.660516232252240321e-02,9.733036994934082031e+00,1.128514413721859455e-03,-5.237460602074862394e-03,-5.357486661523579684e-03
-1.128030344843864441e-01,-1.552561111748100228e-02,9.660530090332031250e+00,1.866501988843083382e-04,-7.138791494071484479e-03,-5.316783674061297503e-03
-8.563932776451110840e-02,3.403203189373135013e-02,9.701699256896972656e+00,7.045078091323375702e-04,-1.306166290305555300e-03,-2.877904800698161125e-03
-6.214980781078338623e-02,8.248127065600152977e-03,9.704115867614746094e+00,8.220695890486240387e-04,-4.124746192246676576e-04,-9.975386783480644226e-04
-6.289359927177429199e-02,2.307763323189013747e-03,9.681443214416503906e+00,-1.132326724473387003e-04,-7.391520775854588639e-04,-1.220156904309988022e-03
-7.178737223148345947e-02,4.384398832917332095e-02,9.700969696044921875e+00,3.340946859680116177e-04,-8.170496439561248910e-04,-1.244905986823141575e-03
-6.797640770673751831e-02,3.325314447283863467e-02,9.707501411437988281e+00,-1.223459141328930855e-03,-8.800155483186244965e-03,-2.058339072391389933e-03
-7.718680799007415771e-02,-7.423273753373618895e-03,9.764762878417968750e+00,4.070566967129707336e-03,-2.827932592481374741e-03,1.575449132360518412e-03
-9.785385429859161377e-02,-2.129236608743548601e-02,9.724517822265625000e+00,4.632143303751945496e-03,-2.096649957820773125e-03,-1.761157764121889851e-03
-1.068518906831741333e-01,-1.900297403335451940e-02,9.736178398132324219e+00,-1.078067230992019176e-03,-5.247996188700199127e-03,-9.790866170078509501e-04
-5.306489020586013794e-02,2.296258695423721713e-02,9.688183784484863281e+00,3.270618617534637451e-05,-6.134735886007547379e-03,5.169244250282652815e-04
-5.927225947380065918e-02,1.749459654092907004e-02,9.673437118530273438e+00,-2.716715913265943527e-03,-7.007862906903028488e-03,3.931471728719779582e-04
-6.795000284910202026e-02,1.441610883921502946e-02,9.652937889099121094e+00,-5.712950136512517929e-03,-5.566583015024662018e-03,-1.482490915805100744e-03
-7.453128695487976074e-02,2.627182379365086001e-02,9.689764976501464844e+00,-8.410152979195117950e-03,-4.133542533963919553e-03,-4.514682106673716631e-03
-1.078918650746345520e-01,9.595155715943574568e-03,9.726315498352050781e+00,-2.908993745222687721e-03,-1.842783996835350990e-03,1.837030577007683300e-04
-7.119332998991012573e-02,1.731101423502087386e-02,9.726164817810058594e+00,-2.472552005201578140e-03,4.316819831728935242e-03,-6.796335219405596909e-04
-1.067720577120780945e-01,3.412906080484509608e-02,9.739756584167480469e+00,-4.009357653558254242e-03,2.557820640504359765e-03,-2.242123940959573226e-03
-9.670459479093551636e-02,9.534000419081452640e-03,9.753244400024414062e+00,-5.382444709539413452e-03,-4.833708808291703463e-04,5.229411181062466044e-05
-5.730637535452842712e-02,3.233581408858418604e-02,9.725025177001953125e+00,-3.834765637293457985e-03,2.275342587381600900e-03,-2.176568843424320655e-03
-9.189123660326004028e-02,-5.702953785538631293e-05,9.737627029418945312e+00,-3.363713156431913376e-03,1.221794867888092995e-03,3.869895008392630381e-04
-6.569941341876983643e-02,1.478280313313126357e-02,9.722311019897460938e+00,-2.902814652770757675e-03,3.110500052571296692e-03,-5.873003392480318115e-04
-8.817335218191146851e-02,2.378516644239545008e-02,9.757501602172851562e+00,-1.542210811749100685e-03,5.170357413589954376e-03,-5.339846247807151624e-04
-4.986768215894699097e-02,-2.001007087516757689e-04,9.756097793579101562e+00,-2.559837186709046364e-03,4.324958659708499908e-03,-1.401138026267290549e-03
-4.931329563260078430e-02,1.467723120004058371e-02,9.768774986267089844e+00,-2.454412460792809725e-04,6.742518395185470581e-03,-2.627052599564202811e-04
-6.461878120899200439e-02,1.709188893437505255e-02,9.778027534484863281e+00,-1.444735797122120857e-03,7.912319153547286987e-03,-2.101944060996175680e-03
-3.357054665684700012e-02,9.691936895252472803e-03,9.787161827087402344e+00,-5.610056221485137939e-03,2.305859699845314026e-03,-2.901674597524109213e-04
-4.787937924265861511e-02,6.028347462415814539e-02,9.766352653503417969e+00,-2.545301569625735283e-03,3.968238888774068248e-04,9.171794517897069454e-04
1.133718527853488922e-03,1.163759920746207724e-02,9.771777153015136719e+00,-3.719754982739686966e-03,1.282065524719655947e-03,3.565243678167462349e-03
-5.529878661036491394e-02,1.558585371822238108e-02,9.751907348632812500e+00,-5.681965500116348267e-03,3.140439977869391008e-03,-2.535010455176234679e-03
-4.589066281914710999e-02,8.722223341466188093e-03,9.734721183776855469e+00,-5.486342590302228928e-03,5.298605537973323997e-05,-1.671776641160249710e-03
-6.989671289920806885e-02,1.427217945456624344e-02,9.757204055786132812e+00,-2.951916772872209549e-03,-4.610445466823877530e-04,-1.162929926067590714e-03
-8.052023500204086304e-02,4.099467024207234522e-02,9.755619049072265625e+00,-2.614028635434806347e-04,-2.980120014399290085e-03,1.766402507200837569e-03
-4.720692336559295654e-02,3.696225956082463404e-02,9.719134330749511719e+00,-2.758010523393750191e-04,-7.416162639856338501e-03,1.098345732316375646e-03
-4.035043716430664062e-02,5.376986414194226405e-02,9.745858192443847656e+00,-2.263670787215232849e-03,-9.692996740341186523e-03,5.663569318130624300e-04
-8.773636817932128906e-02,-1.057703699916481832e-02,9.741255760192871094e+00,-8.794198511168360710e-04,-1.829924760386347771e-03,7.638658280484380506e-04
-6.913309544324874878e-02,1.934313029050946722e-02,9.782670021057128906e+00,6.475481204688549042e-03,-4.554276354610919952e-03,3.162727225571876225e-04
-8.317916095256805420e-02,2.604049444198728094e-02,9.760945320129394531e+00,3.602534299716353416e-03,-3.468459472060203986e-03,-3.741896711289882226e-03
-6.057527661323547363e-02,5.364100262522816798e-02,9.757756233215332031e+00,3.388537559658288956e-03,5.322789074853061545e-04,-7.924009114503861558e-04
-5.614947155117988586e-02,5.091695580632689747e-03,9.759584426879882812e+00,4.080327227711677551e-03,-2.059172140434384780e-03,-2.187456237152218385e-03
-5.069025978446006775e-02,2.126202220098375503e-03,9.727831840515136719e+00,6.834442727267742157e-03,-4.227624740451574326e-03,-2.656957949511701408e-04
-7.217948138713836670e-02,9.686561301351788791e-03,9.758827209472656250e+00,8.505184203386306763e-03,-5.387547891587018967e-03,1.926588127389550860e-03
-5.070943012833595276e-02,-1.284443121403336559e-02,9.733819961547851562e+00,5.083574913442134857e-03,-2.774631837382912636e-03,-1.389833923894908481e-04
-7.242119312286376953e-02,4.240481555461986241e-02,8.382772445678710938e+00,-1.035844832658767700e-01,1.624757051467895508e-01,1.477230153977869033e-02
-1.129994392395019531e-01,-1.658962666988285720e-02,7.104420661926269531e+00,-6.410543322563171387e-01,9.473711252212524414e-01,9.123618155717838629e-02
-8.545027673244476318e-02,-4.436100274324332460e-02,6.890500545501708984e+00,-1.305532455444335938e+00,1.670629978179931641e+00,1.759413033723829234e-01
-6.792114675045013428e-02,-1.170636713504781407e-01,8.027007102966308594e+00,-1.883985519409179688e+00,2.125697851181030273e+00,2.450087815523145085e-01
-2.838409692049026489e-02,-8.123407512903076111e-02,1.122241687774658203e+01,-2.453099966049194336e+00,2.609265327453613281e+00,3.119324147701260097e-01
-6.449793279170989990e-02,-2.621046006679516038e-01,1.556389808654785156e+01,-2.797426939010620117e+00,2.829285383224487305e+00,3.643994927406307704e-01
7.602659612894058228e-02,-2.811869382858256938e-01,1.567842769622802734e+01,-2.776163101196289062e+00,2.822856664657592773e+00,3.833173215389248378e-01
1.264499872922897339e-01,-1.107619255781154971e-01,1.524930667877197266e+01,-2.540008783340454102e+00,2.705799341201782227e+00,3.818661570549007900e-01
-4.327777400612831116e-02,-3.184629380702954093e-01,1.488413047790527344e+01,-2.361441850662231445e+00,2.539390325546264648e+00,3.596424162387844570e-01
8.231394737958908081e-02,-7.917352020740331398e-02,1.451663780212402344e+01,-2.056802511215209961e+00,2.289714097976684570e+00,3.256082236766812410e-01
-1.404523104429244995e-02,-1.873031556606275239e-01,1.419090461730957031e+01,-1.756957650184631348e+00,2.036282300949096680e+00,2.887005805969236061e-01
-1.431319490075111389e-02,-1.908283233642561194e-01,1.381117153167724609e+01,-1.492257595062255859e+00,1.733643889427185059e+00,2.507052123546598121e-01
-2.843339368700981140e-02,-1.823313832283003089e-01,1.375306510925292969e+01,-1.141877770423889160e+00,1.374043941497802734e+00,2.167077511548994306e-01
-6.712974607944488525e-02,-1.613827049732191599e-01,1.368884944915771484e+01,-9.299983978271484375e-01,1.104217410087585449e+00,1.982991248369215531e-01
-1.808391511440277100e-01,-1.769293397665007428e-01,1.326522731781005859e+01,-6.978594660758972168e-01,8.520609140396118164e-01,1.843167096376417957e-01
-2.095483094453811646e-01,-2.219268083572372152e-01,1.270396041870117188e+01,-4.822731316089630127e-01,5.246078372001647949e-01,1.712182164192199152e-01
-2.325949817895889282e-01,-2.155588567256912780e-01,1.200576305389404297e+01,-2.757612764835357666e-01,2.639247179031372070e-01,1.563077419996261319e-01
-3.306477069854736328e-01,-2.474974542856202553e-01,1.130627346038818359e+01,-6.054626777768135071e-02,-3.631600365042684381e-02,1.474655419588088989e-01
-3.386279344558715820e-01,-2.224588990211473494e-01,1.094191455841064453e+01,6.269645690917968750e-02,-2.188372611999511441e-01,1.392482072114944736e-01
-4.636853039264678955e-01,-2.555780708789812672e-01,1.065016937255859375e+01,1.999458521604537964e-01,-4.140641093254089355e-01,1.288763135671616156e-01
-4.752615690231323242e-01,-3.189781606197344410e-01,1.035422706604003906e+01,3.066851496696472168e-01,-5.593234300613403320e-01,1.156826689839363792e-01
-5.281687378883361816e-01,-3.435679078102099049e-01,1.021183013916015625e+01,3.909083008766174316e-01,-6.746158003807067871e-01,1.047349944710732339e-01
-5.912365317344665527e-01,-3.549570739269244379e-01,1.011422538757324219e+01,4.596381485462188721e-01,-7.602564096450805664e-01,9.265793859958658396e-02
-6.467949748039245605e-01,-3.764858245849597163e-01,1.006076145172119141e+01,4.997211694717407227e-01,-7.977350354194641113e-01,7.703737914562235056e-02
-7.297788262367248535e-01,-3.926303386688220209e-01,9.960269927978515625e+00,5.307356119155883789e-01,-8.297757506370544434e-01,5.856657773256312288e-02
-7.145613431930541992e-01,-4.409878551959979243e-01,9.914028167724609375e+00,5.516377091407775879e-01,-8.355438709259033203e-01,4.139602929353724398e-02
-7.966312766075134277e-01,-5.035948157310473627e-01,9.852471351623535156e+00,5.548940896987915039e-01,-8.358951210975646973e-01,2.247484587132941164e-02
-8.283600211143493652e-01,-5.347328186035144038e-01,9.758844375610351562e+00,5.471289753913879395e-01,-8.128490447998046875e-01,4.145099781453709213e-03
-9.350606203079223633e-01,-5.381191372871386713e-01,9.742381095886230469e+00,5.454791188240051270e-01,-7.865817546844482422e-01,-1.988258957862844289e-02
-8.776082396507263184e-01,-6.266815662384020991e-01,9.679011344909667969e+00,5.411992073059082031e-01,-7.564265727996826172e-01,-3.389059007167807142e-02
-9.343665242195129395e-01,-6.415324807167041010e-01,9.622873306274414062e+00,5.298662185668945312e-01,-7.362106442451477051e-01,-4.663018882274618665e-02
-9.679505228996276855e-01,-6.582584381103503413e-01,9.591867446899414062e+00,5.211038589477539062e-01,-7.031258940696716309e-01,-6.790420413017264623e-02
-9.685944318771362305e-01,-6.593030095100391730e-01,9.513833045959472656e+00,5.195159912109375000e-01,-6.783937215805053711e-01,-7.909488677978507298e-02
-1.038028359413146973e+00,-6.960179805755604132e-01,9.481899261474609375e+00,5.086693167686462402e-01,-6.479253172874450684e-01,-9.614588320255271214e-02
-1.093788623809814453e+00,-7.391365766525257452e-01,9.468951225280761719e+00,5.056952238082885742e-01,-6.260496377944946289e-01,-1.079148799180983664e-01
-1.114274501800537109e+00,-7.620429992675770148e-01,9.442310333251953125e+00,4.910699129104614258e-01,-5.993378758430480957e-01,-1.200174018740653298e-01
-1.082367777824401855e+00,-7.637786865234363898e-01,9.330957412719726562e+00,4.935021996498107910e-01,-5.745169520378112793e-01,-1.311344653367995383e-01
-1.164863467216491699e+00,-7.941529750823963507e-01,9.351420402526855469e+00,4.865824878215789795e-01,-5.612633228302001953e-01,-1.362984180450438898e-01
-1.153716087341308594e+00,-8.684324622154224738e-01,9.322424888610839844e+00,4.907546937465667725e-01,-5.488829612731933594e-01,-1.402749717235564630e-01
-1.146299839019775391e+00,-8.797245621681202277e-01,9.326260566711425781e+00,4.885391592979431152e-01,-5.362627506256103516e-01,-1.493701487779616754e-01
-1.176121592521667480e+00,-8.624644875526417120e-01,9.300755500793457031e+00,4.885470867156982422e-01,-5.263677239418029785e-01,-1.469357907772063654e-01
-1.226171493530273438e+00,-8.831542134284962042e-01,9.286677360534667969e+00,4.922812283039093018e-01,-5.240184068679809570e-01,-1.557820141315459650e-01
-1.208016633987426758e+00,-9.202714562416065558e-01,9.278027534484863281e+00,4.865499734878540039e-01,-5.235561132431030273e-01,-1.577728986740111750e-01
-1.190209269523620605e+00,-9.341360926628101691e-01,9.250786781311035156e+00,4.935727715492248535e-01,-5.194334387779235840e-01,-1.611384749412536066e-01
-1.242665529251098633e+00,-9.500436782836902960e-01,9.274258613586425781e+00,4.883464872837066650e-01,-5.174123048782348633e-01,-1.639461070299148004e-01
-1.272699117660522461e+00,-9.647061228752125128e-01,9.275845527648925781e+00,4.972086250782012939e-01,-5.215038657188415527e-01,-1.608252674341201227e-01
-1.254300832748413086e+00,-9.823265671730030402e-01,9.312861442565917969e+00,4.857088327407836914e-01,-5.212565660476684570e-01,-1.671253889799117487e-01
-1.279120683670043945e+00,-9.868481159210193976e-01,9.297266960144042969e+00,5.021522641181945801e-01,-5.199348926544189453e-01,-1.619956493377684992e-01
-1.289538145065307617e+00,-1.018814563751219593e+00,9.260890960693359375e+00,4.917350411415100098e-01,-5.263093113899230957e-01,-1.649144738912581842e-01
-1.279464006423950195e+00,-1.054615139961241566e+00,9.345525741577148438e+00,5.040789246559143066e-01,-5.284205675125122070e-01,-1.595218181610106867e-01
-1.314257621765136719e+00,-1.093573689460753284e+00,9.351171493530273438e+00,4.918577969074249268e-01,-5.311471819877624512e-01,-1.599449962377547663e-01
-1.315648317337036133e+00,-1.074988007545470081e+00,9.442490577697753906e+00,5.028324723243713379e-01,-5.220730304718017578e-01,-1.607604324817656916e-01
-1.341353893280029297e+00,-1.110039353370665394e+00,9.444785118103027344e+00,5.054292082786560059e-01,-5.186011195182800293e-01,-1.522738486528396051e-01
-1.316522359848022461e+00,-1.090501904487608753e+00,9.432334899902343750e+00,5.053620338439941406e-01,-5.179569721221923828e-01,-1.516221463680266779e-01
-1.280318975448608398e+00,-1.124075770378111683e+00,9.515699386596679688e+00,5.033582448959350586e-01,-5.042814016342163086e-01,-1.463661193847655695e-01
-1.314216136932373047e+00,-1.133049130439757191e+00,9.551147460937500000e+00,4.928338229656219482e-01,-4.970999956130981445e-01,-1.422112733125686090e-01
-1.267063975334167480e+00,-1.128767490386961780e+00,9.561071395874023438e+00,5.031744837760925293e-01,-4.904762506484985352e-01,-1.375515758991240900e-01
-1.299675583839416504e+00,-1.164510846137999378e+00,9.584861755371093750e+00,4.853224158287048340e-01,-4.778260290622711182e-01,-1.326740831136702936e-01
-1.338410854339599609e+00,-1.161792755126952015e+00,9.637689590454101562e+00,4.960910677909851074e-01,-4.687871336936950684e-01,-1.249325871467589777e-01
-1.327747583389282227e+00,-1.158633470535277210e+00,9.688026428222656250e+00,4.736738204956054688e-01,-4.530372917652130127e-01,-1.165754348039626520e-01
-1.284995794296264648e+00,-1.126556634902952991e+00,9.731274604797363281e+00,4.804089367389678955e-01,-4.427614510059356689e-01,-1.157650649547576349e-01
-1.315797448158264160e+00,-1.182951211929320179e+00,9.793134689331054688e+00,4.611606299877166748e-01,-4.267266094684600830e-01,-1.075453534722327631e-01
-1.282022714614868164e+00,-1.154541254043577991e+00,9.807504653930664062e+00,4.442850351333618164e-01,-4.133640527725219727e-01,-1.054760143160819452e-01
-1.287669301033020020e+00,-1.163973927497862659e+00,9.835008621215820312e+00,4.438471198081970215e-01,-4.020909667015075684e-01,-1.008525043725966852e-01
-1.294127345085144043e+00,-1.218325257301329456e+00,9.891034126281738281e+00,4.241745471954345703e-01,-3.826296627521514893e-01,-9.922073781490321764e-02
-1.257164120674133301e+00,-1.201840400695799671e+00,9.930166244506835938e+00,4.210570752620697021e-01,-3.719792366027832031e-01,-9.075624495744701037e-02
-1.279779434204101562e+00,-1.203224062919615589e+00,9.937247276306152344e+00,3.994916677474975586e-01,-3.601567745208740234e-01,-8.683069795370097765e-02
-1.266799449920654297e+00,-1.141092181205748401e+00,9.960175514221191406e+00,3.923545777797698975e-01,-3.516393303871154785e-01,-8.299480378627772936e-02
-1.265069127082824707e+00,-1.138736605644224742e+00,1.002818489074707031e+01,3.790698349475860596e-01,-3.415332436561584473e-01,-7.368267327547069201e-02
-1.231605887413024902e+00,-1.129906058311461070e+00,1.009121894836425781e+01,3.662835955619812012e-01,-3.359127938747406006e-01,-7.037984579801555285e-02
-1.267135500907897949e+00,-1.126244664192198375e+00,1.009371757507324219e+01,3.518908917903900146e-01,-3.259925246238708496e-01,-6.365404278039928088e-02
-1.237637639045715332e+00,-1.142718553543089488e+00,1.015774154663085938e+01,3.430391550064086914e-01,-3.139661550521850586e-01,-6.303483992815013537e-02
-1.233672618865966797e+00,-1.111330509185789683e+00,1.017867279052734375e+01,3.316627144813537598e-01,-3.066655397415161133e-01,-5.710654333233829844e-02
-1.165584087371826172e+00,-1.119377493858336070e+00,1.020616912841796875e+01,3.158189952373504639e-01,-2.915691137313842773e-01,-5.627547204494472849e-02
-1.214679718017578125e+00,-1.106124877929686168e+00,1.025913143157958984e+01,3.092560470104217529e-01,-2.776796221733093262e-01,-5.156777799129482615e-02
-1.188630104064941406e+00,-1.080392956733702281e+00,1.023898029327392578e+01,2.910346686840057373e-01,-2.690257132053375244e-01,-4.439541697502132761e-02
-1.189257621765136719e+00,-1.091606855392454722e+00,1.031050491333007812e+01,2.870096862316131592e-01,-2.513567209243774414e-01,-4.157493263483044710e-02
-1.147796154022216797e+00,-1.040995001792906383e+00,1.036895751953125000e+01,2.715237140655517578e-01,-2.457059770822525024e-01,-3.406961262226101961e-02
-1.123292922973632812e+00,-1.064424991607664683e+00,1.037277030944824219e+01,2.591467499732971191e-01,-2.367564439773559570e-01,-3.037899360060689058e-02
-1.168205142021179199e+00,-1.068458318710325816e+00,1.035913658142089844e+01,2.478256374597549438e-01,-2.269463539123535156e-01,-3.288957849144932832e-02
-1.138011097908020020e+00,-1.035300254821776011e+00,1.039059066772460938e+01,2.329449057579040527e-01,-2.176178842782974243e-01,-3.005861490964886751e-02
-1.119348406791687012e+00,-1.029464006423948863e+00,1.042395210266113281e+01,2.264531105756759644e-01,-2.101043164730072021e-01,-2.381588146090505079e-02
-1.116657853126525879e+00,-9.689702391624437361e-01,1.043463325500488281e+01,2.201735228300094604e-01,-2.001263201236724854e-01,-2.329287491738793806e-02
-1.118883490562438965e+00,-9.666897654533372908e-01,1.048630905151367188e+01,2.089273631572723389e-01,-1.917368024587631226e-01,-1.725718565285203412e-02
-1.078282356262207031e+00,-9.724225997924791365e-01,1.050448703765869141e+01,2.012643814086914062e-01,-1.926403194665908813e-01,-1.501816790550944761e-02
-1.030354142189025879e+00,-9.716051816940294295e-01,1.045943737030029297e+01,1.878263503313064575e-01,-1.756993532180786133e-01,-1.278957910835740869e-02
-1.045750260353088379e+00,-9.528844356536851912e-01,1.049431991577148438e+01,1.785572022199630737e-01,-1.790454983711242676e-01,-1.092842128127811084e-02
-9.824307560920715332e-01,-9.388797283172594099e-01,1.049833965301513672e+01,1.713629364967346191e-01,-1.667290478944778442e-01,-6.407792679965475247e-03
-9.769834280014038086e-01,-8.965603113174425154e-01,1.052627372741699219e+01,1.654541790485382080e-01,-1.586589068174362183e-01,-9.989641606807689658e-03
-9.952893257141113281e-01,-8.889582753181444197e-01,1.046904850006103516e+01,1.542008072137832642e-01,-1.547452211380004883e-01,-2.433304209262113563e-03
-9.965242743492126465e-01,-8.575124740600572615e-01,1.054133129119873047e+01,1.445218324661254883e-01,-1.520189195871353149e-01,-5.366735626012068654e-03
-9.928236007690429688e-01,-8.255175352096544295e-01,1.046929550170898438e+01,1.420984417200088501e-01,-1.448349356651306152e-01,4.168663290329454782e-04
-9.300431013107299805e-01,-8.631114959716783552e-01,1.048018455505371094e+01,1.289637982845306396e-01,-1.328842639923095703e-01,6.636416539549844056e-03
-9.300545454025268555e-01,-8.253709673881517439e-01,1.053584098815917969e+01,1.258450746536254883e-01,-1.326719075441360474e-01,4.066201858222501068e-03
-8.779748678207397461e-01,-8.333837389945970564e-01,1.052199077606201172e+01,1.245288774371147156e-01,-1.205011606216430664e-01,4.119171760976329290e-03
-8.696078062057495117e-01,-7.780330181121812849e-01,1.048676204681396484e+01,1.160357072949409485e-01,-1.131209731101989746e-01,1.928616547957076599e-03
-8.427457809448242188e-01,-7.969128489494310408e-01,1.050620746612548828e+01,1.131870821118354797e-01,-1.017830818891525269e-01,1.868798164650810204e-03
-8.695772886276245117e-01,-7.759988903999315291e-01,1.053692531585693359e+01,1.032570302486419678e-01,-9.436549246311187744e-02,3.516003256663691786e-03
-8.355535268783569336e-01,-7.490059733390794783e-01,1.049745845794677734e+01,9.837843477725982666e-02,-8.885394781827926636e-02,3.683689981699000710e-03
-8.345962166786193848e-01,-7.339667081832872420e-01,1.050337505340576172e+01,9.026563912630081177e-02,-7.787956297397613525e-02,7.382051087915906910e-03
-8.297299742698669434e-01,-7.448996305465684920e-01,1.052323913574218750e+01,8.093025535345077515e-02,-7.645190507173538208e-02,3.711582161486158375e-03
-8.055965304374694824e-01,-7.268037796020494490e-01,1.048368740081787109e+01,7.250695675611495972e-02,-6.808786094188690186e-02,6.472854409366854758e-03
-7.733364701271057129e-01,-6.834301352500902205e-01,1.049248027801513672e+01,6.311630457639694214e-02,-6.787084043025970459e-02,8.719290606677540870e-03
-7.568464279174804688e-01,-6.582492589950548201e-01,1.045237064361572266e+01,5.533839389681816101e-02,-5.996527150273323059e-02,6.271478720009333874e-03
-7.374098300933837891e-01,-6.747465133666978865e-01,1.045878028869628906e+01,5.132241174578666687e-02,-5.896834284067153931e-02,4.995604977011687542e-03
-7.421035766601562500e-01,-6.560344696044908552e-01,1.044309043884277344e+01,4.828078299760818481e-02,-5.257057771086692810e-02,9.506212547421462322e-03
-7.287802100181579590e-01,-6.403829455375658064e-01,1.055800533294677734e+01,3.615128993988037109e-02,-5.295525863766670227e-02,6.159416399896150938e-03
-7.352596521377563477e-01,-5.982806682586656599e-01,1.067108154296875000e+01,3.525997698307037354e-02,-4.621709883213043213e-02,6.456318777054554335e-03
-7.119369506835937500e-01,-6.123926043510423689e-01,1.068558406829833984e+01,2.976618707180023193e-02,-4.102836921811103821e-02,5.213353782892232377e-03
-6.606872081756591797e-01,-5.984283089637743025e-01,1.065771865844726562e+01,2.567590773105621338e-02,-4.324960336089134216e-02,5.741119850426917512e-03
-7.030233740806579590e-01,-5.997424721717821150e-01,1.060281181335449219e+01,1.344203390181064606e-02,-4.154061526060104370e-02,1.063388027250767275e-02
-6.730460524559020996e-01,-5.612083077430711775e-01,1.058030605316162109e+01,1.039550174027681351e-02,-3.186100348830223083e-02,8.239445276558402670e-03
-6.454249024391174316e-01,-5.275275707244859724e-01,1.051873970031738281e+01,1.855955924838781357e-04,-2.347450703382492065e-02,7.376564666628840188e-03
-6.123062968254089355e-01,-5.123147964477525740e-01,1.045614528656005859e+01,-4.155165515840053558e-03,-1.436332333832979202e-02,5.998203996568919963e-03
-6.095280647277832031e-01,-5.207320451736436873e-01,1.042871475219726562e+01,-9.426618926227092743e-03,-1.724031521007417982e-03,5.635111592710018158e-03
-5.692476034164428711e-01,-4.582267701625811207e-01,1.038237953186035156e+01,-1.356879156082868576e-02,1.618646434508264932e-03,7.560457102954387665e-03
-5.526003241539001465e-01,-4.633694291114794361e-01,1.027276992797851562e+01,-2.356349863111972809e-02,9.138562716543674469e-03,6.935195066034792986e-03
-5.913820862770080566e-01,-4.392650425434099781e-01,1.027705478668212891e+01,-2.522267401218414307e-02,1.300998032093048096e-02,6.595295853912828618e-03
-5.666798353195190430e-01,-4.411901533603655445e-01,1.025055503845214844e+01,-2.516442723572254181e-02,2.195449545979499817e-02,-2.327060326933863381e-03
-5.254569649696350098e-01,-4.438948631286608326e-01,1.020811843872070312e+01,-2.523889951407909393e-02,2.233306318521499634e-02,4.379522055387494346e-03
-5.261592268943786621e-01,-4.438890516757952320e-01,1.020668125152587891e+01,-2.784075401723384857e-02,2.390420250594615936e-02,6.158947478979823371e-03
-5.119592547416687012e-01,-4.222910404205310053e-01,1.013209152221679688e+01,-2.876269817352294922e-02,2.444614656269550323e-02,2.090948401018974129e-03
-5.300388932228088379e-01,-4.091961681842791743e-01,1.013296222686767578e+01,-3.146455436944961548e-02,2.680592611432075500e-02,2.368416870012875902e-03
-4.602461755275726318e-01,-3.917114734649645991e-01,1.011871051788330078e+01,-3.035632707178592682e-02,2.743215672671794891e-02,4.142453894019123423e-03
-4.470753371715545654e-01,-3.731675744056689448e-01,1.006944084167480469e+01,-3.888492658734321594e-02,2.878383733332157135e-02,-1.912307488964905809e-04
-4.480632543563842773e-01,-3.263635635375964350e-01,1.006187820434570312e+01,-3.899305313825607300e-02,2.620186470448970795e-02,3.051327774301168267e-03
-4.454233050346374512e-01,-3.471186757087695307e-01,1.004632568359375000e+01,-3.923602029681205750e-02,2.776329778134822845e-02,5.017491639591719873e-04
-4.299435317516326904e-01,-3.129655420780169672e-01,1.002780914306640625e+01,-4.600784182548522949e-02,2.787262573838233948e-02,1.525810454040762293e-03
-3.974862396717071533e-01,-3.235653042793261713e-01,1.001302242279052734e+01,-4.538939520716667175e-02,2.881056070327758789e-02,-1.340444199740890158e-03
-3.711679875850677490e-01,-3.404883742332446284e-01,9.967779159545898438e+00,-4.568670690059661865e-02,2.529584802687168121e-02,-1.676533953286710437e-03
-4.186335504055023193e-01,-2.973322868347155756e-01,9.956441879272460938e+00,-4.286906123161315918e-02,2.570508234202861786e-02,-1.504140906035903369e-03
-3.872464299201965332e-01,-2.675786316394793696e-01,9.960340499877929688e+00,-4.706188663840293884e-02,2.542113512754440308e-02,-3.387198550626638587e-03
-4.076857566833496094e-01,-2.860789299011218256e-01,9.969329833984375000e+00,-4.752149805426597595e-02,2.742613665759563446e-02,1.762360916472968187e-03
-3.769311606884002686e-01,-2.627215981483447260e-01,9.922224998474121094e+00,-4.922045767307281494e-02,2.733088284730911255e-02,-4.826522897928956640e-03
-3.290583491325378418e-01,-2.533490955829608149e-01,9.975183486938476562e+00,-5.286679416894912720e-02,3.300639986991882324e-02,3.291176399216051967e-03
-3.277776241302490234e-01,-2.226078957319247431e-01,9.938419342041015625e+00,-5.361602455377578735e-02,3.467290475964546204e-02,-1.222721301019196079e-03
-3.195453584194183350e-01,-2.742494046688067622e-01,9.919288635253906250e+00,-5.504151806235313416e-02,3.274630010128021240e-02,-2.753858920186761945e-03
-3.378879129886627197e-01,-1.956392824649798579e-01,9.948503494262695312e+00,-5.699196085333824158e-02,3.979427739977836609e-02,-2.547093434259300234e-03
-2.973642647266387939e-01,-1.893194168806063837e-01,9.905315399169921875e+00,-5.954017490148544312e-02,4.511780291795730591e-02,-3.651264822110539352e-03
-2.919788360595703125e-01,-1.852869391441333002e-01,9.902959823608398438e+00,-6.032351404428482056e-02,4.926432296633720398e-02,-4.263538867235189787e-03
-2.509480714797973633e-01,-2.045688778161990351e-01,9.906200408935546875e+00,-6.051420420408248901e-02,4.792945459485054016e-02,-1.337290508672600879e-03
-2.763926088809967041e-01,-1.665636599063861079e-01,9.890888214111328125e+00,-6.094374880194664001e-02,5.146021768450737000e-02,-2.257102401927120038e-03
-2.562105357646942139e-01,-1.864382028579699702e-01,9.909113883972167969e+00,-6.317657977342605591e-02,5.312784761190414429e-02,-4.443346057087189938e-03
-2.531043589115142822e-01,-1.782291084527957425e-01,9.840749740600585938e+00,-6.479667127132415771e-02,5.186873674392700195e-02,-5.884046666324144713e-03
-2.457066327333450317e-01,-1.492184400558459467e-01,9.886927604675292969e+00,-6.323678791522979736e-02,5.033822730183601379e-02,-5.066273268312221877e-03
-2.385324686765670776e-01,-1.526528894901263700e-01,9.845653533935546875e+00,-6.763386726379394531e-02,5.403947457671165466e-02,-2.247810130938894101e-03
-2.581171095371246338e-01,-1.859398484230029569e-01,9.844059944152832031e+00,-6.804191321134567261e-02,5.158825591206550598e-02,-3.590429434552795240e-03
-2.326081246137619019e-01,-1.334705203771579252e-01,9.844964981079101562e+00,-7.009475678205490112e-02,5.724668130278587341e-02,-4.349137190729386593e-03
-2.622064650058746338e-01,-1.185205802321421947e-01,9.804800987243652344e+00,-7.350484281778335571e-02,6.032674387097358704e-02,-2.814290346577770930e-03
-1.928331851959228516e-01,-1.311521530151355253e-01,9.856150627136230469e+00,-7.992608845233917236e-02,5.693393945693969727e-02,-4.652443341910846020e-03
-2.134887576103210449e-01,-1.132236942648875561e-01,9.841793060302734375e+00,-7.942757010459899902e-02,6.085813790559768677e-02,-6.062032189220197854e-03
-1.727789789438247681e-01,-5.239706113934396864e-02,9.810753822326660156e+00,-7.777062058448791504e-02,6.083351373672485352e-02,-6.053491495549686609e-03
-1.911510676145553589e-01,-7.643412053584931753e-02,9.825435638427734375e+00,-8.108806610107421875e-02,6.913364678621292114e-02,-6.708930246531972022e-03
-1.779468655586242676e-01,-6.561783701181291006e-02,9.829484939575195312e+00,-8.458288013935089111e-02,6.984055787324905396e-02,-7.609319873154172034e-03
-1.479822993278503418e-01,-6.409804522991059683e-02,9.833699226379394531e+00,-8.851432055234909058e-02,7.351448386907577515e-02,-8.630470372736462684e-03
-1.712306141853332520e-01,-4.672329500317453504e-02,9.819423675537109375e+00,-8.785604685544967651e-02,7.066968083381652832e-02,-3.591894172132023902e-03
-1.266102045774459839e-01,-6.262005120515702628e-02,9.838374137878417969e+00,-9.174159169197082520e-02,7.636795192956924438e-02,-6.444462575018415455e-03
-1.177257969975471497e-01,-3.783555701374886893e-02,9.838728904724121094e+00,-9.375253319740295410e-02,7.614076137542724609e-02,-5.749010015279064183e-03
-1.549524515867233276e-01,-7.572036981582520865e-02,9.854751586914062500e+00,-9.106991440057754517e-02,7.207720726728439331e-02,-6.511358544230469794e-03
-1.556080281734466553e-01,-3.876046091318010450e-02,9.802300453186035156e+00,-8.916504681110382080e-02,7.760419696569442749e-02,-7.839811034500607581e-03
-1.040989682078361511e-01,-1.496384292840837252e-02,9.833703994750976562e+00,-9.096774458885192871e-02,7.464577257633209229e-02,-9.088838472962388129e-03
-1.063546389341354370e-01,-5.796977877616762281e-02,9.815312385559082031e+00,-8.388438075780868530e-02,7.629378885030746460e-02,-6.309762597084054951e-03
-1.065692529082298279e-01,-3.730672597885011099e-02,9.842607498168945312e+00,-8.486658334732055664e-02,7.085749506950378418e-02,-7.986829616129407020e-03
-1.079258248209953308e-01,-4.767290502786516310e-02,9.783494949340820312e+00,-8.026538044214248657e-02,7.458534836769104004e-02,-5.339136347174654011e-03
-7.078812271356582642e-02,1.907448656857133398e-02,9.787952423095703125e+00,-8.780860155820846558e-02,7.494276016950607300e-02,-7.744387257844219212e-03
-7.995750010013580322e-02,-1.219165418296933034e-02,9.744209289550781250e+00,-8.125104755163192749e-02,7.053729891777038574e-02,-7.566661108285197349e-03
-1.365135908126831055e-01,-9.214182384310959373e-03,9.741010665893554688e+00,-8.636907488107681274e-02,7.062789797782897949e-02,-9.408363141119488807e-03
-1.015664264559745789e-01,2.251427620650536462e-03,9.788360595703125000e+00,-8.337923884391784668e-02,7.149644941091537476e-02,-6.358160171657809348e-03
-5.120621621608734131e-02,8.399277925492523028e-03,9.715172767639160156e+00,-8.347634226083755493e-02,6.718739122152328491e-02,-5.953615065664060770e-03
-8.583323657512664795e-02,2.197935990989327223e-02,9.722518920898437500e+00,-8.222635090351104736e-02,6.753117591142654419e-02,-5.841593723744162650e-03
-9.491999447345733643e-02,-6.190011277793648799e-03,9.709893226623535156e+00,-7.934960722923278809e-02,6.393744796514511108e-02,-7.963705807924279304e-03
-8.073970675468444824e-02,5.236561410130261170e-03,9.726119041442871094e+00,-7.647653669118881226e-02,6.735762208700180054e-02,-8.528441190719613166e-03
-3.198095038533210754e-02,1.589001505636871391e-03,9.738476753234863281e+00,-7.869654148817062378e-02,6.484628468751907349e-02,-5.632509011775263010e-03
-2.962839975953102112e-02,2.994264289736866744e-02,9.725071907043457031e+00,-8.341082185506820679e-02,6.439996510744094849e-02,-6.652118638157852350e-03
-4.921664297580718994e-02,1.651079393923401278e-02,9.697349548339843750e+00,-7.892794162034988403e-02,6.990621984004974365e-02,-5.224486812949189277e-03
-3.182117640972137451e-02,4.371071979403615138e-02,9.765605926513671875e+00,-8.705647289752960205e-02,6.919484585523605347e-02,-6.965208798646935554e-03
-4.312288016080856323e-02,1.322294771671414168e-02,9.719055175781250000e+00,-8.274490386247634888e-02,6.624068319797515869e-02,-6.248977966606624780e-03
-6.003664806485176086e-02,3.438959270715832156e-02,9.711215972900390625e+00,-8.591508120298385620e-02,6.810599565505981445e-02,-1.110508572310217514e-03
-5.187526810914278030e-03,3.345805779099583765e-02,9.722834587097167969e+00,-8.236078172922134399e-02,6.840023398399353027e-02,-1.541749516036445211e-04
-4.682706296443939209e-02,6.197435781359791201e-02,9.690606117248535156e+00,-8.042497187852859497e-02,6.635234504938125610e-02,-1.033002045005641236e-04
-3.560930117964744568e-02,3.070863708853840621e-02,9.723692893981933594e+00,-8.409645408391952515e-02,6.984664499759674072e-02,-5.586937069892891974e-03
1.664805039763450623e-02,4.892944172024846217e-02,9.739434242248535156e+00,-7.838103920221328735e-02,7.000808417797088623e-02,-7.462574169039734931e-03
8.239534683525562286e-03,7.484220713377116863e-02,9.685751914978027344e+00,-7.575753331184387207e-02,6.777489930391311646e-02,-1.120740082114935789e-02
-4.126828908920288086e-02,-1.342486357315190396e-03,9.670845985412597656e+00,-7.231701910495758057e-02,6.213898584246635437e-02,-4.565885290503509698e-03
-5.206331238150596619e-02,2.943184971809505515e-02,9.671790122985839844e+00,-7.468167692422866821e-02,6.446348875761032104e-02,-6.002116017043598352e-03
-2.051430940628051758e-02,7.908256351947902385e-02,9.668099403381347656e+00,-7.474593073129653931e-02,6.158952414989471436e-02,-2.194980857893831950e-03
4.526766948401927948e-03,7.188855111599087855e-02,9.691796302795410156e+00,-7.460062950849533081e-02,6.495805829763412476e-02,-7.225065026432283578e-03
-9.303204715251922607e-03,6.304504722356914226e-02,9.658749580383300781e+00,-7.390451431274414062e-02,6.196797639131546021e-02,-2.972543006762869578e-03
1.927773095667362213e-02,6.870398670435071131e-02,9.709320068359375000e+00,-7.084627449512481689e-02,5.989539623260498047e-02,-4.995932336896664883e-03
-4.695117007941007614e-03,6.738651543855785075e-02,9.678748130798339844e+00,-6.571571528911590576e-02,6.026875600218772888e-02,-3.466208931058652621e-03
7.872807793319225311e-03,9.504539519548534099e-02,9.670387268066406250e+00,-6.406346708536148071e-02,5.919671803712844849e-02,-6.607022369280530138e-04
-2.078227140009403229e-02,1.032062694430363192e-01,9.737918853759765625e+00,-6.510554999113082886e-02,5.905248969793319702e-02,-1.252891030162580016e-03
-9.827171452343463898e-04,7.935310155153393885e-02,9.701922416687011719e+00,-6.379820406436920166e-02,5.426121130585670471e-02,-5.481889820657736634e-04
1.640072651207447052e-02,1.086992323398601884e-01,9.687433242797851562e+00,-6.203711777925491333e-02,5.231150612235069275e-02,-2.283347537741071531e-03
2.236811257898807526e-02,9.259805828333020350e-02,9.691604614257812500e+00,-6.388551741838455200e-02,5.418457463383674622e-02,-2.299780491739517995e-03
5.930628627538681030e-02,7.143352925777554652e-02,9.709171295166015625e+00,-5.985066667199134827e-02,5.026648566126823425e-02,5.530506605282364081e-04
6.392025947570800781e-02,7.804791629314541956e-02,9.721013069152832031e+00,-5.557774007320404053e-02,4.455307498574256897e-02,-4.001498455181772625e-04
-1.574497669935226440e-03,6.682516634464381877e-02,9.687705993652343750e+00,-6.179148703813552856e-02,4.417876526713371277e-02,-3.061764873564248521e-03
-2.035322040319442749e-02,9.247779846191525599e-02,9.691789627075195312e+00,-5.858870223164558411e-02,4.473085701465606689e-02,-1.716651953756814656e-03
-1.734218932688236237e-02,1.088118106126797213e-01,9.723691940307617188e+00,-5.672832950949668884e-02,3.659467026591300964e-02,-4.813417792320255802e-03
2.634465694427490234e-02,9.138043969869732996e-02,9.708700180053710938e+00,-5.465482547879219055e-02,3.872388601303100586e-02,-2.421078737825160029e-03
3.692599758505821228e-02,9.697727859020352503e-02,9.698064804077148438e+00,-5.426791682839393616e-02,3.894831612706184387e-02,-1.439073705114428999e-03
1.381293218582868576e-02,1.180782318115246310e-01,9.709145545959472656e+00,-5.482907965779304504e-02,4.059344902634620667e-02,1.487577566877002497e-03
4.267134889960289001e-02,1.026783883571636691e-01,9.733698844909667969e+00,-4.920841753482818604e-02,3.790270537137985229e-02,-4.319239873439077899e-03
1.775159128010272980e-02,5.906317383051037928e-02,9.730479240417480469e+00,-5.046265944838523865e-02,4.464496672153472900e-02,-2.119749551638966476e-03
2.137190476059913635e-02,8.074630051851391932e-02,9.727314949035644531e+00,-4.895221441984176636e-02,4.215254262089729309e-02,1.287852879613632720e-03
1.007189154624938965e-01,4.247965291142583033e-02,9.740571022033691406e+00,-4.521949961781501770e-02,4.258504509925842285e-02,-2.657019300386314828e-03
8.062113076448440552e-03,7.699203491211056849e-02,9.731082916259765625e+00,-4.250239953398704529e-02,4.022242873907089233e-02,9.840512648224780754e-04
3.424285352230072021e-02,8.771548420190930506e-02,9.734810829162597656e+00,-4.986347630620002747e-02,3.852948918938636780e-02,4.955795011483085134e-04
7.432344555854797363e-02,7.818115502596020838e-02,9.743053436279296875e+00,-4.409128054976463318e-02,4.014834389090538025e-02,-2.643601037561942794e-04
4.405932500958442688e-02,8.281487971544385096e-02,9.737730026245117188e+00,-4.904505982995033264e-02,4.009433090686798096e-02,-3.887051250785593989e-03
3.794898837804794312e-02,6.456775963306546351e-02,9.743499755859375000e+00,-4.354473948478698730e-02,4.010871425271034241e-02,-2.012371551245455744e-03
2.241019532084465027e-02,4.610108584165692469e-02,9.761720657348632812e+00,-4.657349735498428345e-02,3.342494741082191467e-02,4.894473822787362861e-04
4.300794750452041626e-02,4.635848850011944910e-02,9.745105743408203125e+00,-4.782425612211227417e-02,3.157150000333786011e-02,-2.571039658505856146e-05
6.174435093998908997e-02,1.063429117202770724e-01,9.756896018981933594e+00,-4.575139656662940979e-02,3.389219567179679871e-02,-1.325418008491401024e-03
3.309557214379310608e-02,9.261893481016278407e-02,9.782248497009277344e+00,-5.243330076336860657e-02,3.083166107535362244e-02,-1.521000755019489637e-03
1.057225167751312256e-01,9.184510260820508143e-02,9.776283264160156250e+00,-4.610008746385574341e-02,2.888825722038745880e-02,-6.434702780097726477e-03
4.562846943736076355e-02,8.879265934229016444e-02,9.759656906127929688e+00,-4.850778728723526001e-02,3.036036714911460876e-02,-2.627272158861164181e-03
4.014462605118751526e-02,9.488378465175748011e-02,9.775236129760742188e+00,-4.890606924891471863e-02,2.044900879263877869e-02,1.653867540881035110e-03
1.053656116127967834e-01,1.186568066477787509e-01,9.791104316711425781e+00,-4.702963307499885559e-02,2.453600615262985229e-02,1.798939425498244111e-03
4.793311655521392822e-02,4.914421588182569384e-02,9.806140899658203125e+00,-4.316242411732673645e-02,2.248637378215789795e-02,-1.482813037000599342e-03
5.194396525621414185e-02,8.564601093530774256e-02,9.770569801330566406e+00,-4.204338416457176208e-02,2.429272793233394623e-02,-1.654176739975813087e-03
7.918213307857513428e-02,8.139692991972088953e-02,9.767488479614257812e+00,-3.399309515953063965e-02,3.123770095407962799e-02,1.010071020573373706e-03
3.284325823187828064e-02,1.302812695503246798e-01,9.832662582397460938e+00,-3.543609753251075745e-02,2.816915139555931091e-02,-2.874955302104357374e-03
3.474539890885353088e-02,8.165302127599835535e-02,9.739742279052734375e+00,-3.463273122906684875e-02,2.444036863744258881e-02,-3.629085142165425475e-03
4.321498423814773560e-02,8.781786262989163538e-02,9.782370567321777344e+00,-2.980987355113029480e-02,2.264880202710628510e-02,8.919418323785038415e-04
4.534494504332542419e-02,7.085779309272885462e-02,9.780904769897460938e+00,-3.149395063519477844e-02,2.189641259610652924e-02,-1.967953750863673905e-03
6.649684160947799683e-02,9.785202145576596400e-02,9.778120040893554688e+00,-3.238266706466674805e-02,1.987441629171371460e-02,-1.823506085202100278e-03
3.091266937553882599e-02,7.408421486616253993e-02,9.776094436645507812e+00,-2.846279740333557129e-02,2.266181074082851410e-02,1.170138828456399006e-03
5.866810679435729980e-02,8.176849037408949472e-02,9.804795265197753906e+00,-2.490803040564060211e-02,2.415115758776664734e-02,-2.538579050451520141e-03
5.039985477924346924e-02,7.732319086790205576e-02,9.805005073547363281e+00,-2.236987836658954620e-02,2.450780384242534637e-02,-2.246007323265078719e-03
7.092355191707611084e-02,6.723532825708510019e-02,9.814495086669921875e+00,-2.208047173917293549e-02,2.223607338964939117e-02,5.374594475142630652e-04
3.338304534554481506e-02,7.474365830421567103e-02,9.784068107604980469e+00,-1.682312600314617157e-02,2.243102714419364929e-02,-1.186345005407932239e-03
5.468938127160072327e-02,8.891248703003049036e-02,9.786641120910644531e+00,-2.053933404386043549e-02,2.223208919167518616e-02,-4.432745277881624917e-03
4.354421421885490417e-02,7.883737236261488535e-02,9.808559417724609375e+00,-2.169907279312610626e-02,2.496447041630744934e-02,3.154746256768700425e-03
-4.081778228282928467e-03,8.800242841243864633e-02,9.866394042968750000e+00,-1.847283728420734406e-02,3.101971559226512909e-02,1.950623234733935268e-03
6.726119667291641235e-02,3.206007927656293749e-02,9.821201324462890625e+00,-1.787677407264709473e-02,3.042581491172313690e-02,2.066863002255555064e-03
5.725058168172836304e-02,7.148505747318388559e-02,9.862651824951171875e+00,-1.869465596973896027e-02,2.459310926496982574e-02,4.611625801771876594e-03
7.248371839523315430e-02,1.243935078382504139e-01,9.825131416320800781e+00,-1.605336368083953857e-02,2.662085555493831635e-02,4.016751772724059481e-04
3.231501951813697815e-02,6.908324360847593881e-02,9.835850715637207031e+00,-1.807791367173194885e-02,2.627829648554325104e-02,-4.812956030946256912e-04
1.949903182685375214e-02,4.579696804285169481e-02,9.818846702575683594e+00,-1.658580265939235687e-02,3.111779317259788513e-02,-3.193469718098644345e-03
-3.143480280414223671e-04,8.090747892856718637e-02,9.844620704650878906e+00,-1.591094024479389191e-02,2.816568687558174133e-02,3.574704751372302647e-04
6.030122190713882446e-02,6.093410030007482409e-02,9.804505348205566406e+00,-1.515862997621297836e-02,3.228262811899185181e-02,-9.844313608482519080e-04
5.032018944621086121e-02,2.862807177007318724e-02,9.839169502258300781e+00,-1.654639840126037598e-02,2.521734498441219330e-02,8.290005498565703075e-04
5.865618586540222168e-02,7.513757050037504770e-02,9.843156814575195312e+00,-1.338160410523414612e-02,2.724186144769191742e-02,2.179842907935377466e-03
4.281682148575782776e-02,8.783822506666304208e-02,9.832438468933105469e+00,-1.397961098700761795e-02,2.657707594335079193e-02,1.051237923093136873e-03
5.869475007057189941e-02,6.064153462648512460e-02,9.848727226257324219e+00,-1.220239326357841492e-02,1.959975808858871460e-02,3.645780379883921136e-04
2.861758507788181305e-02,6.099430099129797556e-02,9.854544639587402344e+00,-9.377722628414630890e-03,1.677766256034374237e-02,-2.808556659147145532e-03
4.848892614245414734e-02,4.190828651189924120e-02,9.785686492919921875e+00,-8.896528743207454681e-03,1.648843102157115936e-02,-2.233200706541540407e-03
4.228071495890617371e-02,6.517352163791777231e-02,9.845878601074218750e+00,-7.491233292967081070e-03,1.530588418245315552e-02,-1.848589978180827662e-03
3.051609173417091370e-02,1.825151219964147795e-02,9.831335067749023438e+00,-5.102360621094703674e-03,1.614872738718986511e-02,1.342626055702565149e-03
4.139421880245208740e-02,4.639443382620932199e-02,9.833288192749023438e+00,-2.949663903564214706e-03,1.789717935025691986e-02,-3.097721841186287187e-03
6.698884069919586182e-02,2.673709206283212542e-02,9.812470436096191406e+00,-3.607727121561765671e-04,1.203592866659164429e-02,-2.375224867137163613e-04
4.215631633996963501e-02,3.666737675666929819e-02,9.831635475158691406e+00,1.312895910814404488e-03,1.506308279931545258e-02,5.997091066092234300e-04
1.910884492099285126e-02,2.449963055551172483e-02,9.822255134582519531e+00,5.859093740582466125e-03,1.106353104114532471e-02,1.346639823168514858e-03
7.587623596191406250e-02,4.963332042098165392e-02,9.825705528259277344e+00,-5.481790867634117603e-05,1.001031044870615005e-02,7.350916857831168169e-04
5.985543504357337952e-02,1.015706509351742420e-01,9.827479362487792969e+00,4.129912704229354858e-03,9.430176578462123871e-03,1.608039136044679988e-03
3.777300566434860229e-02,4.571973904967428087e-02,9.805336952209472656e+00,4.685365594923496246e-03,1.606178656220436096e-02,-1.355343498289587065e-03
2.391880005598068237e-02,3.650056943297506212e-02,9.805558204650878906e+00,4.841911606490612030e-03,1.458851341158151627e-02,1.486469409428535157e-03
6.399597227573394775e-02,3.884055092930914499e-02,9.834819793701171875e+00,9.232879616320133209e-03,9.307162836194038391e-03,3.763734130188811362e-04
2.235490083694458008e-02,3.257613256573797800e-02,9.831724166870117188e+00,1.049650181084871292e-02,1.037655025720596313e-02,5.166514776647090045e-03
4.835876449942588806e-02,4.438415542245031931e-02,9.838065147399902344e+00,8.027151226997375488e-03,1.015635579824447632e-02,3.320374758914111744e-03
1.262743026018142700e-02,3.235265985131383776e-02,9.817404747009277344e+00,8.987569250166416168e-03,9.750082157552242279e-03,3.113931743428109775e-03
3.755915164947509766e-02,2.691875211894632219e-02,9.795843124389648438e+00,8.171050809323787689e-03,7.363749668002128601e-03,3.191971685737370577e-03
4.616069048643112183e-02,2.131690829992414354e-02,9.793398857116699219e+00,6.292898207902908325e-03,7.518148515373468399e-03,1.080907648429273692e-03
3.745139390230178833e-02,6.265711039304854013e-02,9.806819915771484375e+00,1.154878828674554825e-02,6.648066919296980772e-03,6.500605493783949938e-03
-3.681648150086402893e-02,2.382652647793413042e-02,9.801460266113281250e+00,6.704287137836217880e-03,7.203786633908748627e-03,-7.736122643109499093e-05
-1.581362448632717133e-02,2.128756605088831175e-02,9.828901290893554688e+00,6.800967268645763397e-03,1.032333821058273315e-02,-5.899241659790290492e-04
-2.072509005665779114e-02,3.697359934449315905e-02,9.806900024414062500e+00,3.820654237642884254e-03,3.757667727768421173e-03,1.115728984586894078e-03
4.988034069538116455e-02,1.626644656062246203e-02,9.804697036743164062e+00,7.572525180876255035e-03,3.674836363643408255e-03,3.694575978443026109e-03
3.893637284636497498e-02,2.443649619817853461e-02,9.778274536132812500e+00,3.795936645474284887e-04,8.460004813969135284e-03,3.788975300267337885e-03
-3.929179161787033081e-03,2.823192439973474382e-02,9.791891098022460938e+00,3.918709699064493179e-03,1.226408872753381946e-03,1.392100937664508603e-03
1.476183719933032990e-02,3.523683175444723009e-02,9.802489280700683594e+00,3.027607453987002373e-03,9.184089489281177521e-03,7.789211231283832675e-04
-4.196503199636936188e-03,4.209587350487829088e-02,9.804305076599121094e+00,3.763130167499184608e-03,5.061627365648746490e-03,1.024782191962003057e-03
5.132107995450496674e-03,4.828304797411085009e-02,9.809588432312011719e+00,9.953427128493785858e-03,1.164630148559808731e-02,-2.823841059580459384e-04
-2.082199230790138245e-02,-3.599425544961087388e-03,9.794092178344726562e+00,8.500213734805583954e-03,1.243250537663698196e-02,-3.489824011921897808e-04
-1.702019385993480682e-02,2.914880169565871879e-04,8.432486534118652344e+00,1.205955818295478821e-01,1.704534590244293213e-01,-1.869188994169237311e-02
-2.169609069824218750e-02,6.863202899694531567e-02,7.251618862152099609e+00,5.739212036132812500e-01,8.107842803001403809e-01,-7.748427242040643870e-02
-3.583788871765136719e-02,8.525162935257042662e-02,6.942830085754394531e+00,1.334744334220886230e+00,1.669161677360534668e+00,-1.760813742876054799e-01
-3.983817249536514282e-02,1.065934523940096357e-01,8.186991691589355469e+00,1.911513209342956543e+00,2.163200855255126953e+00,-2.477293312549593840e-01
-3.395774215459823608e-02,2.496907263994231074e-01,1.153054904937744141e+01,2.523785829544067383e+00,2.574083089828491211e+00,-3.102279603481296055e-01
2.098815329372882843e-02,3.130044043064136305e-01,1.539256954193115234e+01,2.834580898284912109e+00,2.822339773178100586e+00,-3.577810823917392247e-01
9.237612783908843994e-02,2.174545377492923537e-01,1.544476127624511719e+01,2.764775514602661133e+00,2.763820886611938477e+00,-3.762447535991672032e-01
8.013496547937393188e-02,2.700256109237689772e-01,1.519628715515136719e+01,2.591190099716186523e+00,2.614642381668090820e+00,-3.644387423992160313e-01
2.251275479793548584e-01,2.364503294229525765e-01,1.490809345245361328e+01,2.317881345748901367e+00,2.475083351135253906e+00,-3.404007852077486906e-01
1.176199316978454590e-01,1.848718822002428930e-01,1.478187370300292969e+01,2.026612997055053711e+00,2.283011674880981445e+00,-3.163741528987887297e-01
7.696215808391571045e-02,2.641836702823656680e-01,1.431564521789550781e+01,1.790377259254455566e+00,2.021023035049438477e+00,-2.886777222156526879e-01
8.242754638195037842e-02,1.969124972820299191e-01,1.395881080627441406e+01,1.413613200187683105e+00,1.679607868194580078e+00,-2.515775859355928734e-01
-2.515948750078678131e-02,2.410948127508180383e-01,1.386276912689208984e+01,1.141729831695556641e+00,1.382077693939208984e+00,-2.251991331577302691e-01
-5.500241369009017944e-02,2.615789473056809866e-01,1.343181991577148438e+01,9.052046537399291992e-01,1.066137790679931641e+00,-1.959455460309983688e-01
-5.139984935522079468e-02,2.377851903438583936e-01,1.291425228118896484e+01,7.056249380111694336e-01,8.342242240905761719e-01,-1.776905804872513928e-01
-1.337341368198394775e-01,2.556340098381057468e-01,1.219386005401611328e+01,4.811993539333343506e-01,5.441906452178955078e-01,-1.658412963151932318e-01
-2.083406448364257812e-01,3.392123579978956749e-01,1.141973972320556641e+01,2.309696972370147705e-01,2.226208895444869718e-01,-1.520749181509018222e-01
-2.693979442119598389e-01,2.383917570114149342e-01,1.100290775299072266e+01,7.139381766319274902e-02,3.319391515105945406e-03,-1.431364119052886963e-01
-3.154267072677612305e-01,2.880163788795483959e-01,1.059130859375000000e+01,-9.641529619693756104e-02,-2.171439826488495151e-01,-1.309014260768890103e-01
-3.973534703254699707e-01,3.296107649803174389e-01,1.035244846343994141e+01,-2.306100577116012573e-01,-4.244244098663330078e-01,-1.154341250658034723e-01
-4.238440096378326416e-01,3.494296073913586986e-01,1.020896816253662109e+01,-3.387617766857147217e-01,-5.703321099281311035e-01,-1.071072071790694497e-01
-5.081969499588012695e-01,3.649441003799450689e-01,1.014192485809326172e+01,-4.276788234710693359e-01,-6.822600960731506348e-01,-9.715373069047919530e-02
-5.696710348129272461e-01,4.184348583221447759e-01,1.011637496948242188e+01,-4.842135608196258545e-01,-7.620038986206054688e-01,-7.898214459419240774e-02
-5.928629636764526367e-01,3.894172906875622564e-01,1.006775760650634766e+01,-5.405065417289733887e-01,-8.056623339653015137e-01,-6.571573764085759939e-02
-6.753151416778564453e-01,4.663929939270031744e-01,1.005850124359130859e+01,-5.549625754356384277e-01,-8.456348180770874023e-01,-4.859353974461545073e-02
-6.930110454559326172e-01,4.861015081405651861e-01,1.005769443511962891e+01,-5.833262205123901367e-01,-8.462998867034912109e-01,-2.760131098330010496e-02
-7.670724987983703613e-01,5.025573968887341314e-01,1.001532173156738281e+01,-5.895760655403137207e-01,-8.506331443786621094e-01,-8.003011345863238202e-03
-7.670018672943115234e-01,5.535086989402783209e-01,9.976144790649414062e+00,-5.837584137916564941e-01,-8.253554701805114746e-01,8.665119297802548887e-03
-8.376430273056030273e-01,6.007804274559033209e-01,9.882325172424316406e+00,-5.787125825881958008e-01,-8.220573067665100098e-01,3.075327910482893515e-02
-8.782042264938354492e-01,6.020705103874218755e-01,9.862139701843261719e+00,-5.704236626625061035e-01,-7.899824380874633789e-01,4.298393800854692637e-02
-9.113205671310424805e-01,6.489030718803417974e-01,9.806046485900878906e+00,-5.655411481857299805e-01,-7.684359550476074219e-01,5.729902163147936045e-02
-8.941571116447448730e-01,7.156687378883374029e-01,9.779189109802246094e+00,-5.508654117584228516e-01,-7.377801537513732910e-01,7.472032308578500925e-02
-9.794064760208129883e-01,7.140634655952465826e-01,9.726734161376953125e+00,-5.443968176841735840e-01,-6.943923830986022949e-01,9.240384399890907985e-02
-9.982106685638427734e-01,7.362490892410290533e-01,9.691215515136718750e+00,-5.357416272163391113e-01,-6.829384565353393555e-01,9.896738082170494777e-02
-1.025240540504455566e+00,8.091546893119824224e-01,9.643260955810546875e+00,-5.237517952919006348e-01,-6.428750753402709961e-01,1.131641045212746499e-01
-1.014005899429321289e+00,7.646444439888012701e-01,9.601807594299316406e+00,-5.223878026008605957e-01,-6.364381909370422363e-01,1.242677494883538125e-01
-1.079630732536315918e+00,7.666660547256481939e-01,9.583109855651855469e+00,-5.080543756484985352e-01,-5.951343774795532227e-01,1.340859532356263040e-01
-1.036174535751342773e+00,8.286252021789562994e-01,9.560818672180175781e+00,-5.079107880592346191e-01,-5.916277170181274414e-01,1.412055939435959695e-01
-1.120353460311889648e+00,8.618243336677562372e-01,9.464496612548828125e+00,-4.930143058300018311e-01,-5.622969865798950195e-01,1.492963582277298529e-01
-1.111590385437011719e+00,8.847533464431773798e-01,9.492290496826171875e+00,-4.918812811374664307e-01,-5.625358223915100098e-01,1.488896310329437811e-01
-1.113207101821899414e+00,9.062907099723827020e-01,9.481613159179687500e+00,-4.940195083618164062e-01,-5.405524969100952148e-01,1.538907289505005438e-01
-1.187631726264953613e+00,9.434945583343516962e-01,9.486150741577148438e+00,-4.904184639453887939e-01,-5.393561124801635742e-01,1.577730476856232245e-01
-1.175922274589538574e+00,9.392419457435619012e-01,9.445352554321289062e+00,-4.900664091110229492e-01,-5.314232110977172852e-01,1.618953943252564032e-01
-1.150179743766784668e+00,9.642673730850230829e-01,9.449370384216308594e+00,-4.879413247108459473e-01,-5.243374109268188477e-01,1.620232015848160345e-01
-1.151027798652648926e+00,9.726619124412547723e-01,9.461387634277343750e+00,-4.922578632831573486e-01,-5.327633023262023926e-01,1.610014289617539007e-01
-1.175497770309448242e+00,1.010614752769471325e+00,9.430644989013671875e+00,-4.847885966300964355e-01,-5.261731743812561035e-01,1.589930951595306952e-01
-1.174417614936828613e+00,9.794034957885753290e-01,9.442124366760253906e+00,-4.885085821151733398e-01,-5.354657173156738281e-01,1.653802394866943914e-01
-1.202519893646240234e+00,9.898656606674205438e-01,9.464859008789062500e+00,-4.831469058990478516e-01,-5.194773077964782715e-01,1.593247652053833563e-01
-1.180253744125366211e+00,1.034522414207459606e+00,9.457090377807617188e+00,-4.883640706539154053e-01,-5.324527025222778320e-01,1.604040116071701605e-01
-1.219137430191040039e+00,1.037157893180848278e+00,9.473340988159179688e+00,-4.874236285686492920e-01,-5.168966054916381836e-01,1.574022322893143255e-01
-1.216198921203613281e+00,1.051182270050049938e+00,9.537072181701660156e+00,-4.873982965946197510e-01,-5.280653238296508789e-01,1.523532271385193426e-01
-1.212926864624023438e+00,1.049110293388367809e+00,9.557633399963378906e+00,-4.879518747329711914e-01,-5.191155076026916504e-01,1.525080651044846136e-01
-1.240663409233093262e+00,1.104949474334717907e+00,9.567667961120605469e+00,-4.866278469562530518e-01,-5.184057354927062988e-01,1.494739651679993231e-01
-1.241470575332641602e+00,1.079005479812623181e+00,9.580397605895996094e+00,-4.821416735649108887e-01,-5.143011212348937988e-01,1.452544629573822577e-01
-1.285459518432617188e+00,1.144802093505860485e+00,9.646767616271972656e+00,-4.726772308349609375e-01,-5.095902681350708008e-01,1.398842781782150824e-01
-1.247911810874938965e+00,1.151473641395569958e+00,9.652741432189941406e+00,-4.717216491699218750e-01,-5.068908333778381348e-01,1.350968182086945135e-01
-1.260030269622802734e+00,1.108429193496705212e+00,9.646350860595703125e+00,-4.632212221622467041e-01,-4.935065507888793945e-01,1.316064298152924139e-01
-1.244155168533325195e+00,1.141597867012025036e+00,9.701906204223632812e+00,-4.504278898239135742e-01,-4.903510808944702148e-01,1.227056905627251226e-01
-1.234189629554748535e+00,1.126176953315735974e+00,9.721138000488281250e+00,-4.362449347972869873e-01,-4.720370769500732422e-01,1.183449104428291876e-01
-1.244446039199829102e+00,1.148612618446351208e+00,9.782329559326171875e+00,-4.234294295310974121e-01,-4.670971930027008057e-01,1.124870479106903631e-01
-1.239647388458251953e+00,1.136724948883057751e+00,9.806567192077636719e+00,-4.147415161132812500e-01,-4.445473551750183105e-01,1.076447293162346441e-01
-1.268527269363403320e+00,1.096847414970399059e+00,9.831459045410156250e+00,-4.055820405483245850e-01,-4.385383129119873047e-01,1.034116744995117743e-01
-1.306624531745910645e+00,1.169369220733643688e+00,9.919697761535644531e+00,-3.928668498992919922e-01,-4.230251014232635498e-01,9.975773841142659970e-02
-1.238758563995361328e+00,1.157961368560792126e+00,9.940891265869140625e+00,-3.840777575969696045e-01,-4.029854834079742432e-01,9.053713828325277158e-02
-1.243588805198669434e+00,1.120520234107972302e+00,9.964548110961914062e+00,-3.740071654319763184e-01,-3.937237858772277832e-01,8.660975843667988172e-02
-1.217181921005249023e+00,1.121695399284364125e+00,1.002950286865234375e+01,-3.649195432662963867e-01,-3.826508522033691406e-01,7.934866845607761732e-02
-1.223453402519226074e+00,1.157266616821290395e+00,1.000854969024658203e+01,-3.514010906219482422e-01,-3.582464456558227539e-01,7.425665855407719007e-02
-1.167650461196899414e+00,1.144390344619752309e+00,1.005416393280029297e+01,-3.446698784828186035e-01,-3.493574559688568115e-01,6.887083500623707166e-02
-1.213527798652648926e+00,1.114954352378846547e+00,1.004137134552001953e+01,-3.325993418693542480e-01,-3.351285159587860107e-01,6.625228375196461073e-02
-1.172241687774658203e+00,1.086826205253602406e+00,1.009022998809814453e+01,-3.188218176364898682e-01,-3.260913491249084473e-01,6.168902665376667371e-02
-1.179611682891845703e+00,1.118433356285096547e+00,1.014545822143554688e+01,-3.157623410224914551e-01,-3.089473247528076172e-01,5.336329713463786734e-02
-1.159323692321777344e+00,1.062090992927552602e+00,1.018222045898437500e+01,-3.018284738063812256e-01,-2.958040237426757812e-01,5.443769693374637259e-02
-1.126248478889465332e+00,1.103664755821229360e+00,1.018698120117187500e+01,-2.993344664573669434e-01,-2.935438752174377441e-01,4.701119288802150381e-02
-1.155607938766479492e+00,1.068911075592042348e+00,1.022159099578857422e+01,-2.854167819023132324e-01,-2.794640958309173584e-01,4.370856657624248159e-02
-1.112643837928771973e+00,1.052002429962159535e+00,1.024123859405517578e+01,-2.757350802421569824e-01,-2.717606723308563232e-01,3.931980580091479910e-02
-1.131899833679199219e+00,1.058160424232484242e+00,1.028152942657470703e+01,-2.656440734863281250e-01,-2.639447152614593506e-01,3.779241442680362356e-02
-1.103255271911621094e+00,1.071829199790955922e+00,1.029244136810302734e+01,-2.496436983346939087e-01,-2.535471618175506592e-01,3.245728462934496794e-02
-1.080732345581054688e+00,1.063623189926148793e+00,1.030916786193847656e+01,-2.405375540256500244e-01,-2.441381812095642090e-01,2.783026546239856028e-02
-1.060178041458129883e+00,1.003950834274293324e+00,1.032556915283203125e+01,-2.281748652458190918e-01,-2.306855767965316772e-01,2.547391131520274077e-02
-1.046195745468139648e+00,1.035516023635865590e+00,1.035919570922851562e+01,-2.210705131292343140e-01,-2.279976606369018555e-01,1.943157240748408232e-02
-1.021263599395751953e+00,1.032323241233827016e+00,1.036559486389160156e+01,-2.025045007467269897e-01,-2.192178368568420410e-01,1.841419935226443205e-02
-1.045435786247253418e+00,1.023312807083131215e+00,1.038737583160400391e+01,-1.959326267242431641e-01,-2.082672864198684692e-01,1.489342562854292611e-02
-1.039685726165771484e+00,9.499101042747509771e-01,1.041129398345947266e+01,-1.818915903568267822e-01,-2.019217014312744141e-01,1.331671047955753848e-02
-9.600642919540405273e-01,9.769341349601757818e-01,1.040370368957519531e+01,-1.771453320980072021e-01,-1.998097002506256104e-01,9.193889796733880487e-03
-9.976062178611755371e-01,9.403194189071668596e-01,1.042857742309570312e+01,-1.698825359344482422e-01,-1.890080124139785767e-01,8.416325785219691893e-03
-9.935765266418457031e-01,9.449714422225964361e-01,1.041818237304687500e+01,-1.614824831485748291e-01,-1.866525113582611084e-01,6.509170867502711913e-03
-9.722738265991210938e-01,9.228972792625440569e-01,1.046634483337402344e+01,-1.608579009771347046e-01,-1.716823279857635498e-01,4.017693456262370899e-03
-9.567905068397521973e-01,8.879072070121778459e-01,1.043916702270507812e+01,-1.459453105926513672e-01,-1.685568690299987793e-01,4.098073579370996311e-03
-9.085633158683776855e-01,9.001518487930311174e-01,1.046369075775146484e+01,-1.451735794544219971e-01,-1.606220155954360962e-01,2.555789658799787010e-03
-9.161485433578491211e-01,8.717177510261547857e-01,1.040561008453369141e+01,-1.382423490285873413e-01,-1.482773870229721069e-01,-1.846937462687474156e-03
-9.094512462615966797e-01,8.678197264671337896e-01,1.042035388946533203e+01,-1.394919902086257935e-01,-1.428702920675277710e-01,-2.080464037135226069e-03
-8.976914286613464355e-01,8.638005256652844244e-01,1.040881443023681641e+01,-1.313538104295730591e-01,-1.351723819971084595e-01,-4.025636706501229019e-03
-8.370004296302795410e-01,8.530783653259289556e-01,1.041029453277587891e+01,-1.276237666606903076e-01,-1.308385431766510010e-01,-4.627794958651050214e-03
-8.402972817420959473e-01,8.140358924865734869e-01,1.041199493408203125e+01,-1.160555779933929443e-01,-1.132447272539138794e-01,-8.136586286127553413e-03
-8.069882988929748535e-01,7.971615195274366350e-01,1.043022060394287109e+01,-1.065004542469978333e-01,-1.161885112524032593e-01,-9.364116005599484871e-03
-7.977479696273803711e-01,7.829389572143566900e-01,1.041589260101318359e+01,-1.042587086558341980e-01,-1.059170439839363098e-01,-9.403342381119715945e-03
-8.151519894599914551e-01,7.642322182655347795e-01,1.046266841888427734e+01,-9.683607518672943115e-02,-9.323301911354064941e-02,-8.677132427692401187e-03
-8.036244511604309082e-01,8.187898993492138677e-01,1.040565109252929688e+01,-8.632423728704452515e-02,-8.750532567501068115e-02,-6.482890807092179380e-03
-7.622272968292236328e-01,7.422284483909619146e-01,1.039627361297607422e+01,-8.024784922599792480e-02,-7.917971163988113403e-02,-9.122304618358601652e-03
-7.435993552207946777e-01,6.874015331268322759e-01,1.036897945404052734e+01,-7.567378878593444824e-02,-7.729992270469665527e-02,-8.346901275217524438e-03
-7.333476543426513672e-01,6.963643431663525396e-01,1.038856220245361328e+01,-6.809474527835845947e-02,-6.643431633710861206e-02,-5.138049367815248313e-03
-7.404257655143737793e-01,6.755207180976879888e-01,1.038249969482421875e+01,-5.417175218462944031e-02,-5.896673724055290222e-02,-8.226882666349404072e-03
-6.957347989082336426e-01,7.037735581398022466e-01,1.039709663391113281e+01,-5.273149535059928894e-02,-5.349647626280784607e-02,-1.108804345130919716e-02
-6.944338679313659668e-01,6.702400445938122564e-01,1.038074588775634766e+01,-4.734291881322860718e-02,-4.678121581673622131e-02,-9.426228702068323653e-03
-6.592265963554382324e-01,6.629693508148205572e-01,1.037706470489501953e+01,-4.738657921552658081e-02,-4.192406311631202698e-02,-1.227964181452989058e-02
-6.696285605430603027e-01,6.374995112419140630e-01,1.037423992156982422e+01,-3.932660445570945740e-02,-3.740463778376579285e-02,-9.990310296416277450e-03
-6.420556306838989258e-01,6.007636189460766607e-01,1.032322883605957031e+01,-3.614707291126251221e-02,-3.273170813918113708e-02,-5.026523955166335537e-03
-6.439093351364135742e-01,5.855933427810681158e-01,1.027667808532714844e+01,-3.036697767674922943e-02,-2.941600978374481201e-02,-7.562065962702032434e-03
-5.779892802238464355e-01,5.767543911933911138e-01,1.031356716156005859e+01,-2.932913228869438171e-02,-2.723977901041507721e-02,-5.401628557592626917e-03
-5.979023575782775879e-01,5.670601725578320318e-01,1.028096103668212891e+01,-2.410128526389598846e-02,-2.756777405738830566e-02,-7.773689460009333002e-03
-5.600970983505249023e-01,5.586857199668896490e-01,1.026676750183105469e+01,-2.121759764850139618e-02,-2.289696969091892242e-02,-9.162385948002334940e-03
-5.704772472381591797e-01,5.465515851974499517e-01,1.026500988006591797e+01,-1.709390431642532349e-02,-1.848921366035938263e-02,-6.787560414522883674e-03
-5.100359320640563965e-01,5.514468550682080084e-01,1.025018692016601562e+01,-1.491817459464073181e-02,-1.559144724160432989e-02,-7.326881401240823918e-03
-5.066405534744262695e-01,5.393083691596997076e-01,1.026482200622558594e+01,-1.024442538619041443e-02,-1.614899188280105591e-02,-4.261299036443231755e-03
-4.888252317905426025e-01,5.302123427391064459e-01,1.020323944091796875e+01,-1.410401612520217896e-02,-1.191926375031471426e-02,-8.379328995943067723e-03
-5.341249108314514160e-01,4.798499643802655590e-01,1.025992393493652344e+01,-7.426149677485227585e-03,-9.020010009407997131e-03,-1.502609578892587531e-03
-4.804748892784118652e-01,4.853028953075421703e-01,1.022460651397705078e+01,-2.729307627305388451e-03,-4.577815532684326172e-03,-3.071350045502185388e-03
-4.519562125205993652e-01,5.101211667060864263e-01,1.021670818328857422e+01,-1.872924389317631721e-03,2.874896861612796350e-03,-3.094885265454650359e-03
-5.167827606201171875e-01,4.260939359664929205e-01,1.019316577911376953e+01,3.207010682672262192e-03,1.019979920238256454e-02,-2.703275997191668858e-03
-4.094882309436798096e-01,4.524466991424572759e-01,1.017841911315917969e+01,1.156786270439624786e-02,1.638504303991794586e-02,-2.976307878270747446e-03
-4.254265129566192627e-01,4.226261973381055248e-01,1.021152114868164062e+01,1.505144219845533371e-02,2.456378750503063202e-02,-3.415100043639543708e-03
-4.599618911743164062e-01,4.440103173255932623e-01,1.018553352355957031e+01,1.877854019403457642e-02,2.695719711482524872e-02,-1.801334437914195929e-03
-4.079336524009704590e-01,4.247324764728558355e-01,1.017605018615722656e+01,1.367543730884790421e-02,2.865251526236534119e-02,-4.209573380649093283e-03
-3.805868029594421387e-01,3.661460876464855962e-01,1.014909362792968750e+01,2.444318309426307678e-02,3.005235083401203156e-02,-3.154424019157889975e-03
-3.574137389659881592e-01,3.715955913066876226e-01,1.011375904083251953e+01,3.102106973528862000e-02,3.620273992419242859e-02,-5.009911488741640613e-03
-3.931143879890441895e-01,3.682533502578747564e-01,1.010394382476806641e+01,3.081616573035717010e-02,4.091561958193778992e-02,-3.055890789255505044e-03
-3.523919582366943359e-01,3.548633456230175787e-01,1.008600521087646484e+01,3.100967779755592346e-02,4.149032011628150940e-02,4.683254519476978391e-05
-3.582308590412139893e-01,3.466934263706219488e-01,1.010317134857177734e+01,3.446386754512786865e-02,4.691554233431816101e-02,-1.348873134702449714e-03
-3.130727112293243408e-01,3.376115560531626758e-01,8.626367568969726562e+00,1.589919328689575195e-01,-1.023811176419258118e-01,1.304669119417668603e-02
-2.228037714958190918e-01,2.502122819423684419e-01,7.446527957916259766e+00,6.398996710777282715e-01,-6.941711306571960449e-01,6.914196908473976833e-02
-2.130551934242248535e-01,2.659671902656564058e-01,7.093986034393310547e+00,1.292484521865844727e+00,-1.383881926536560059e+00,1.602022349834443804e-01
-2.618625164031982422e-01,4.045602679252635059e-01,8.575855255126953125e+00,2.032583951950073242e+00,-1.950988888740539551e+00,2.330450266599657649e-01
-2.251013815402984619e-01,5.376628637313858317e-01,1.243531036376953125e+01,2.768834590911865234e+00,-2.468667030334472656e+00,2.991957664489748869e-01
-2.589715421199798584e-01,6.030437946319598952e-01,1.510171222686767578e+01,2.982258319854736328e+00,-2.557744026184082031e+00,3.165443241596225254e-01
-2.912904024124145508e-01,6.714884042739887038e-01,1.541562938690185547e+01,3.041675090789794922e+00,-2.592573642730712891e+00,3.212409019470218174e-01
-2.676989138126373291e-01,5.806638598442095400e-01,1.483656406402587891e+01,2.832856178283691406e+00,-2.477065801620483398e+00,3.015692830085757170e-01
-3.401429951190948486e-01,4.895685613155383309e-01,1.498521995544433594e+01,2.606664180755615234e+00,-2.299851417541503906e+00,2.695635557174685393e-01
-2.366347610950469971e-01,6.052147746086138369e-01,1.460145950317382812e+01,2.366420269012451172e+00,-2.212937593460083008e+00,2.304492294788363371e-01
-2.417950630187988281e-01,3.975398838520067257e-01,1.426162815093994141e+01,2.015954732894897461e+00,-1.974719047546386719e+00,1.940777003765108699e-01
-2.115321010351181030e-01,5.010070800781266653e-01,1.395942020416259766e+01,1.693926930427551270e+00,-1.759503006935119629e+00,1.595227867364885643e-01
-1.614953726530075073e-01,4.702370166778581106e-01,1.355301475524902344e+01,1.379393696784973145e+00,-1.514710545539855957e+00,1.273222267627718007e-01
-1.031101569533348083e-01,4.020543098449723685e-01,1.354863166809082031e+01,1.033764362335205078e+00,-1.203761100769042969e+00,1.025266200304032899e-01
-5.546204745769500732e-02,4.390859901905075913e-01,1.312347221374511719e+01,7.286995649337768555e-01,-9.150228500366210938e-01,9.171680361032497064e-02
-2.616766095161437988e-02,4.189157485961929606e-01,1.254943180084228516e+01,4.216623902320861816e-01,-6.255525946617126465e-01,8.341730386018761378e-02
2.023369073867797852e-02,3.914597034454360136e-01,1.181533527374267578e+01,1.816458702087402344e-01,-3.175953924655914307e-01,7.221905142068867078e-02
2.232576161623001099e-02,3.912496864795698692e-01,1.132363033294677734e+01,-3.163625299930572510e-02,-4.571459069848059914e-02,6.528348475694656372e-02
8.095373213291168213e-02,4.083454310894025774e-01,1.086796474456787109e+01,-1.847314685583114624e-01,1.701975464820861816e-01,5.876906216144559686e-02
1.943607032299041748e-01,4.605527222156537426e-01,1.051488208770751953e+01,-3.444755375385284424e-01,4.080308377742767334e-01,4.815942049026484401e-02
2.476846277713775635e-01,5.173866748809826666e-01,1.033937740325927734e+01,-4.537458121776580811e-01,5.642871856689453125e-01,3.635474294424050068e-02
2.949609756469726562e-01,5.864274501800549322e-01,1.027282810211181641e+01,-5.258431434631347656e-01,6.566374301910400391e-01,2.674911543726913102e-02
3.683245778083801270e-01,5.840795040130627447e-01,1.020414066314697266e+01,-5.979479551315307617e-01,7.670738101005554199e-01,1.112143788486709764e-02
3.897020220756530762e-01,6.128420233726513677e-01,1.018730068206787109e+01,-6.275258064270019531e-01,8.271901011466979980e-01,-1.855521346442502674e-03
4.999347925186157227e-01,6.404405236244213873e-01,1.016311740875244141e+01,-6.500566601753234863e-01,8.718758225440979004e-01,-2.030866034328948286e-02
5.418385863304138184e-01,6.515908241271984869e-01,1.010977077484130859e+01,-6.604733467102050781e-01,8.972208499908447266e-01,-2.919036895036708490e-02
5.945045351982116699e-01,6.925091147422802740e-01,1.004808425903320312e+01,-6.528339982032775879e-01,8.990426063537597656e-01,-4.547436162829410211e-02
6.720988750457763672e-01,6.919847130775463873e-01,1.003288364410400391e+01,-6.525261998176574707e-01,9.094393849372863770e-01,-5.534435436129581110e-02
7.239097952842712402e-01,7.614436745643627935e-01,9.953062057495117188e+00,-6.326209306716918945e-01,9.013094305992126465e-01,-7.287112623453151361e-02
7.429304718971252441e-01,7.630750536918652349e-01,9.935387611389160156e+00,-6.261196732521057129e-01,8.882881402969360352e-01,-8.501576632261287347e-02
7.818022370338439941e-01,7.779088616371166998e-01,9.900494575500488281e+00,-6.030383110046386719e-01,8.724339604377746582e-01,-9.414196759462367670e-02
8.583937287330627441e-01,8.199515938758862310e-01,9.810259819030761719e+00,-5.951145291328430176e-01,8.486508727073669434e-01,-1.076683774590493220e-01
8.739982843399047852e-01,8.453675508499157720e-01,9.813057899475097656e+00,-5.802325606346130371e-01,8.191687464714050293e-01,-1.128600761294365901e-01
9.256460666656494141e-01,8.560773730278027349e-01,9.712718009948730469e+00,-5.655253529548645020e-01,7.840840816497802734e-01,-1.227194741368294734e-01
9.498193264007568359e-01,9.020319581031811529e-01,9.649645805358886719e+00,-5.532466769218444824e-01,7.604920864105224609e-01,-1.275868713855744241e-01
9.635609388351440430e-01,8.967401981353771978e-01,9.620304107666015625e+00,-5.469008088111877441e-01,7.405715584754943848e-01,-1.386995464563370584e-01
1.015974760055541992e+00,9.200275540351879888e-01,9.622122764587402344e+00,-5.328392982482910156e-01,7.071323990821838379e-01,-1.427467167377472756e-01
9.923020601272583008e-01,9.276644587516796880e-01,9.576499938964843750e+00,-5.303588509559631348e-01,6.917220354080200195e-01,-1.446009427309037088e-01
1.030930757522583008e+00,9.661014080047618524e-01,9.487776756286621094e+00,-5.215556621551513672e-01,6.603128910064697266e-01,-1.492072939872742532e-01
1.037266016006469727e+00,9.521947503089916998e-01,9.529624938964843750e+00,-5.112774968147277832e-01,6.504556536674499512e-01,-1.550877243280411599e-01
1.093528032302856445e+00,9.914749264717113153e-01,9.460474014282226562e+00,-5.032902359962463379e-01,6.259005069732666016e-01,-1.515480875968933938e-01
1.103568315505981445e+00,1.035306215286255993e+00,9.461443901062011719e+00,-4.998314380645751953e-01,6.146543025970458984e-01,-1.489394754171372293e-01
1.123657941818237305e+00,1.040356755256653942e+00,9.430714607238769531e+00,-5.053080320358276367e-01,6.055582165718078613e-01,-1.468473225831986306e-01
1.153045177459716797e+00,1.038609027862549938e+00,9.443464279174804688e+00,-4.934059679508209229e-01,5.860061049461364746e-01,-1.508904099464417337e-01
1.125617742538452148e+00,1.042294740676880993e+00,9.445997238159179688e+00,-4.965762794017791748e-01,5.858374238014221191e-01,-1.464722156524659036e-01
1.192678809165954590e+00,1.043719768524171032e+00,9.450634956359863281e+00,-4.803992509841918945e-01,5.711660981178283691e-01,-1.458533406257630227e-01
1.122994899749755859e+00,1.055657386779786266e+00,9.486126899719238281e+00,-4.887064397335052490e-01,5.815151929855346680e-01,-1.418762356042862771e-01
1.202093362808227539e+00,1.050450563430787243e+00,9.475489616394042969e+00,-4.690666198730468750e-01,5.659673810005187988e-01,-1.403851807117462713e-01
1.160830259323120117e+00,1.111071705818177380e+00,9.509752273559570312e+00,-4.758915007114410400e-01,5.734832882881164551e-01,-1.390847563743592141e-01
1.239130377769470215e+00,1.065303206443787731e+00,9.501463890075683594e+00,-4.633986651897430420e-01,5.616500973701477051e-01,-1.325671374797821600e-01
1.235091924667358398e+00,1.073727965354920544e+00,9.488554000854492188e+00,-4.661584496498107910e-01,5.689859986305236816e-01,-1.262296438217163919e-01
1.236677169799804688e+00,1.088309288024903454e+00,9.566864967346191406e+00,-4.554620981216430664e-01,5.641455054283142090e-01,-1.234081313014031150e-01
1.215548157691955566e+00,1.107381701469422497e+00,9.583369255065917969e+00,-4.519234597682952881e-01,5.576663017272949219e-01,-1.215193271636963585e-01
1.237338900566101074e+00,1.067751765251160778e+00,9.593674659729003906e+00,-4.459049999713897705e-01,5.592517852783203125e-01,-1.134507805109024742e-01
1.255725264549255371e+00,1.114501714706422009e+00,9.650780677795410156e+00,-4.363779425621032715e-01,5.454581379890441895e-01,-1.105345562100411155e-01
1.257264852523803711e+00,1.133782982826234020e+00,9.673469543457031250e+00,-4.374824762344360352e-01,5.498160123825073242e-01,-1.018317639827728965e-01
1.257946491241455078e+00,1.114932537078858532e+00,9.682217597961425781e+00,-4.177649319171905518e-01,5.299940705299377441e-01,-1.006887257099152305e-01
1.219470739364624023e+00,1.075551867485047497e+00,9.768146514892578125e+00,-4.127705097198486328e-01,5.293188095092773438e-01,-9.350066632032401348e-02
1.275496840476989746e+00,1.105304598808289684e+00,9.769730567932128906e+00,-3.968414068222045898e-01,5.080121159553527832e-01,-8.393498510122304745e-02
1.283792614936828613e+00,1.089510798454285778e+00,9.800958633422851562e+00,-3.891065418720245361e-01,5.058341026306152344e-01,-8.066522330045705624e-02
1.267651677131652832e+00,1.101769924163819470e+00,9.835723876953125000e+00,-3.769167363643646240e-01,4.860641956329345703e-01,-7.611276954412465878e-02
1.258978247642517090e+00,1.112472057342530407e+00,9.912492752075195312e+00,-3.713153898715972900e-01,4.662206768989562988e-01,-7.232210040092473813e-02
1.226572275161743164e+00,1.101976037025452770e+00,9.938589096069335938e+00,-3.563833534717559814e-01,4.545056223869323730e-01,-6.916441768407827206e-02
1.247870564460754395e+00,1.109690308570862927e+00,9.944677352905273438e+00,-3.432221412658691406e-01,4.334974884986877441e-01,-6.027045845985418149e-02
1.230172753334045410e+00,1.101343035697938122e+00,9.962572097778320312e+00,-3.354240655899047852e-01,4.292681813240051270e-01,-5.298562720417981931e-02
1.236100435256958008e+00,1.050434470176698110e+00,1.000171947479248047e+01,-3.190103769302368164e-01,4.084521830081939697e-01,-5.242247506976132482e-02
1.263641119003295898e+00,1.070670843124390981e+00,1.004554367065429688e+01,-3.084701597690582275e-01,4.000688195228576660e-01,-4.252924397587781041e-02
1.227868080139160156e+00,1.057273387908936879e+00,1.009183216094970703e+01,-2.896201610565185547e-01,3.814358711242675781e-01,-4.031842574477200597e-02
1.165748953819274902e+00,1.044577598571778676e+00,1.013068485260009766e+01,-2.828716337680816650e-01,3.654122948646545410e-01,-3.497253730893139234e-02
1.200141906738281250e+00,1.100806593894959828e+00,1.012960147857666016e+01,-2.662123143672943115e-01,3.500339388847351074e-01,-3.385221213102344862e-02
1.165934085845947266e+00,1.026737332344056508e+00,1.022015094757080078e+01,-2.629402875900268555e-01,3.338173329830169678e-01,-2.775621786713604322e-02
1.174975633621215820e+00,1.020996212959290883e+00,1.019702816009521484e+01,-2.524601519107818604e-01,3.280009925365447998e-01,-2.494532987475399366e-02
1.135605454444885254e+00,1.013624787330628774e+00,1.020174503326416016e+01,-2.459037005901336670e-01,3.177830278873443604e-01,-2.169539220631126406e-02
1.193989515304565430e+00,1.017654418945313832e+00,1.022296237945556641e+01,-2.372625768184661865e-01,3.029018640518188477e-01,-1.644760370254520418e-02
1.148876667022705078e+00,9.714576601982128912e-01,1.026950359344482422e+01,-2.252506762742996216e-01,2.967769503593444824e-01,-1.145516429096463985e-02
1.153898239135742188e+00,9.397003054618847662e-01,1.029965496063232422e+01,-2.148680239915847778e-01,2.825247347354888916e-01,-1.124939229339364660e-02
1.135643005371093750e+00,9.660522937774670416e-01,1.029457855224609375e+01,-1.926551610231399536e-01,2.723993957042694092e-01,-8.307605981826815186e-03
1.116905570030212402e+00,9.491268992424023443e-01,1.033413028717041016e+01,-1.930764168500900269e-01,2.595460712909698486e-01,-4.977282136678727771e-03
1.097324967384338379e+00,9.554062485694897466e-01,1.035334682464599609e+01,-1.794522404670715332e-01,2.476297169923782349e-01,-3.523845225572616417e-03
1.063256502151489258e+00,9.217290282249462896e-01,1.040181636810302734e+01,-1.766306012868881226e-01,2.469938397407531738e-01,1.283306744880944152e-03
1.081443548202514648e+00,8.919177651405346685e-01,1.035842323303222656e+01,-1.654658168554306030e-01,2.366168797016143799e-01,6.258737761527271258e-03
1.002611517906188965e+00,9.008878469467175298e-01,1.040035629272460938e+01,-1.522977203130722046e-01,2.252786457538604736e-01,2.189558465033741852e-03
1.057364702224731445e+00,8.480952382087719732e-01,1.038796806335449219e+01,-1.414894759654998779e-01,2.171158790588378906e-01,2.837493782862994442e-03
1.025155425071716309e+00,8.507016897201550298e-01,1.037890052795410156e+01,-1.278910636901855469e-01,2.083154916763305664e-01,4.725242964923356652e-03
1.001688718795776367e+00,8.381542563438427740e-01,1.039289951324462891e+01,-1.332601606845855713e-01,2.028691917657852173e-01,7.698199246078704476e-03
9.973967671394348145e-01,8.289983868598950201e-01,1.042457580566406250e+01,-1.130047589540481567e-01,1.909102946519851685e-01,5.397342145442939228e-03
9.377996325492858887e-01,7.751122117042554827e-01,1.043325233459472656e+01,-1.069677099585533142e-01,1.842266768217086792e-01,1.217312738299367557e-02
9.680775403976440430e-01,7.483242154121411138e-01,1.041222381591796875e+01,-1.003121063113212585e-01,1.755380481481552124e-01,1.255388930439946954e-02
9.524757266044616699e-01,7.869544029235853166e-01,1.044992160797119141e+01,-9.538153558969497681e-02,1.717753708362579346e-01,1.220368221402166192e-02
9.634389281272888184e-01,7.430072426795971685e-01,1.041915607452392578e+01,-8.847157657146453857e-02,1.667017489671707153e-01,1.524751447141168420e-02
9.270010590553283691e-01,7.187404632568371587e-01,1.041923236846923828e+01,-8.483574539422988892e-02,1.587669551372528076e-01,1.711394637823102777e-02
9.283156394958496094e-01,7.085378766059887701e-01,1.040662193298339844e+01,-7.624923437833786011e-02,1.542198061943054199e-01,2.017181739211080724e-02
9.023845791816711426e-01,7.323488593101514788e-01,1.043330097198486328e+01,-7.260609418153762817e-02,1.490269303321838379e-01,2.093841135501859838e-02
8.361725807189941406e-01,6.607338190078747564e-01,1.040325546264648438e+01,-6.791388243436813354e-02,1.413854062557220459e-01,2.185962162911890203e-02
8.677129745483398438e-01,6.752184033393872076e-01,1.038442230224609375e+01,-5.987064167857170105e-02,1.332594603300094604e-01,1.716537773609159642e-02
8.543685674667358398e-01,6.254215240478527837e-01,1.037043762207031250e+01,-5.671600624918937683e-02,1.326119303703308105e-01,1.964016817510126287e-02
8.389137387275695801e-01,6.058083772659313970e-01,1.042115688323974609e+01,-5.033042654395103455e-02,1.243632882833480835e-01,1.745506748557089371e-02
8.319614529609680176e-01,6.104357242584240728e-01,1.038508892059326172e+01,-4.749269783496856689e-02,1.189702749252319336e-01,1.535327360033987565e-02
7.889596223831176758e-01,5.639260411262524419e-01,1.034975910186767578e+01,-3.910509496927261353e-02,1.097294539213180542e-01,1.972484774887560410e-02
7.846967577934265137e-01,5.983541607856762701e-01,1.033800411224365234e+01,-3.331482410430908203e-02,1.021349057555198669e-01,2.101904340088366074e-02
7.631621956825256348e-01,5.601630806922924810e-01,1.033303833007812500e+01,-3.057946451008319855e-02,9.673691540956497192e-02,2.090609632432459744e-02
7.316158413887023926e-01,5.852553248405468755e-01,1.033013248443603516e+01,-2.294162847101688385e-02,9.265635907649993896e-02,2.067753113806246670e-02
7.293602228164672852e-01,5.413743853569042974e-01,1.033481693267822266e+01,-2.266125939786434174e-02,8.050311356782913208e-02,1.599033363163470181e-02
7.140531539916992188e-01,5.284424424171459966e-01,1.030318546295166016e+01,-1.686002314090728760e-02,7.456068694591522217e-02,1.857922784984110745e-02
7.265687584877014160e-01,5.317966938018811041e-01,1.029184532165527344e+01,-1.607864163815975189e-02,7.036752253770828247e-02,2.161496505141257546e-02
6.747732162475585938e-01,4.863802790641797436e-01,1.030844020843505859e+01,-5.717488937079906464e-03,6.668195873498916626e-02,1.287656091153620806e-02
7.084439396858215332e-01,4.772801101207745922e-01,1.027254390716552734e+01,-2.727759769186377525e-03,5.521609634160995483e-02,1.574765704572200081e-02
6.330990195274353027e-01,4.456920623779309643e-01,1.028652477264404297e+01,3.765698987990617752e-03,5.490658059716224670e-02,1.706557720899581215e-02
6.661944985389709473e-01,4.375760555267346752e-01,1.028054237365722656e+01,1.075433846563100815e-02,4.478219151496887207e-02,1.596506312489508889e-02
6.387489438056945801e-01,4.494695067405713451e-01,1.029408645629882812e+01,1.527266856282949448e-02,4.080649837851524353e-02,1.424150541424750761e-02
6.349928975105285645e-01,4.184885025024426830e-01,1.027238368988037109e+01,2.072261273860931396e-02,3.928408399224281311e-02,1.361938100308179335e-02
6.451809406280517578e-01,4.136519730091107738e-01,1.024923324584960938e+01,2.409731037914752960e-02,3.318351134657859802e-02,1.417658757418393742e-02
5.986554026603698730e-01,3.926656842231763256e-01,1.026124668121337891e+01,2.882059291005134583e-02,3.161198645830154419e-02,1.144531369209289204e-02
6.006214618682861328e-01,3.683932423591626537e-01,1.024596118927001953e+01,3.086888417601585388e-02,2.846511267125606537e-02,1.086558215320109974e-02
5.651803016662597656e-01,3.405216038227094066e-01,1.024197006225585938e+01,3.427694365382194519e-02,2.527077496051788330e-02,8.405299857258793222e-03
5.411699414253234863e-01,3.367074131965649975e-01,1.022794151306152344e+01,3.797103092074394226e-02,2.371119149029254913e-02,1.117759291082620274e-02
5.487957596778869629e-01,3.421865701675427807e-01,1.022550392150878906e+01,3.905144333839416504e-02,1.578352041542530060e-02,8.314752951264379674e-03
5.015543699264526367e-01,3.262501657009136968e-01,1.017944145202636719e+01,4.301794618368148804e-02,1.178634446114301855e-02,8.303759619593618566e-03
5.274128317832946777e-01,2.888400852680218511e-01,1.013846969604492188e+01,4.366304725408554077e-02,7.246782071888447675e-03,6.691741291433571902e-03
5.439276099205017090e-01,2.826708257198345953e-01,1.015133857727050781e+01,4.719429090619087219e-02,6.696633528918028745e-03,1.051801163703203201e-02
5.087319016456604004e-01,3.139085173606884771e-01,1.013527488708496094e+01,4.762985929846763611e-02,-1.478459220379590338e-03,4.766150843352079391e-03
4.516777694225311279e-01,2.861622869968426519e-01,1.012501716613769531e+01,4.999078810214996338e-02,-8.946921676397321874e-03,7.770464755594731245e-03
4.688639342784881592e-01,2.552693188190472418e-01,1.014886379241943359e+01,5.026545375585556030e-02,-8.597292006015777588e-03,3.394797211512924108e-03
4.531351923942565918e-01,2.792724967002880865e-01,1.008940792083740234e+01,5.126520618796348572e-02,-1.054918952286243265e-02,8.979913778603078670e-03
4.420695602893829346e-01,2.407887876033795171e-01,1.003880977630615234e+01,5.202239379286766052e-02,-2.049394883215427399e-02,5.456288810819390038e-03
3.861700892448425293e-01,2.223987281322491461e-01,1.005969524383544922e+01,5.182372033596038818e-02,-2.391043864190578461e-02,7.126050069928171853e-03
3.895771205425262451e-01,1.717885583639157110e-01,1.002478218078613281e+01,5.731791257858276367e-02,-2.724101208150386810e-02,1.089739147573712741e-03
3.700671792030334473e-01,2.426619529724133306e-01,9.982543945312500000e+00,5.995221436023712158e-02,-2.784264646470546722e-02,2.826806856319311750e-03
3.205558657646179199e-01,2.024730890989315801e-01,1.003701400756835938e+01,6.638239324092864990e-02,-2.378695830702781677e-02,-2.322855725651577915e-04
3.941307663917541504e-01,1.816800981760037237e-01,1.005973815917968750e+01,6.722652912139892578e-02,-2.098686061799526215e-02,-3.230159636586879047e-04
3.460845351219177246e-01,1.478131413459790044e-01,1.001396751403808594e+01,7.210619747638702393e-02,-2.436072379350662231e-02,1.286751648876845850e-04
3.210163116455078125e-01,1.406829208135617071e-01,1.001635646820068359e+01,7.669011503458023071e-02,-2.248790673911571503e-02,8.536726818420268040e-05
3.187818229198455811e-01,1.744305342435849004e-01,1.005074977874755859e+01,7.843102514743804932e-02,-1.914669945836067200e-02,5.386586417444074164e-04
3.039235174655914307e-01,2.025342285633099371e-01,9.988979339599609375e+00,7.776317745447158813e-02,-1.960521191358566284e-02,-4.916884354315674294e-04
3.111965954303741455e-01,1.456046104431164556e-01,9.992355346679687500e+00,7.997881621122360229e-02,-2.051515318453311920e-02,-1.654702937230465194e-03
2.407893836498260498e-01,1.030745282769215537e-01,1.003745651245117188e+01,8.327294141054153442e-02,-2.172843180596828461e-02,1.837384304963054875e-03
2.577628195285797119e-01,1.531352847814572149e-01,1.001829528808593750e+01,8.417517691850662231e-02,-2.394983731210231781e-02,-4.295246908441156678e-04
2.361467331647872925e-01,1.043878123164189153e-01,9.989817619323730469e+00,8.733129501342773438e-02,-2.599210105836391449e-02,-2.706935862079259698e-03
2.287217825651168823e-01,1.310948133468640142e-01,9.972782135009765625e+00,8.381395041942596436e-02,-3.218259662389755249e-02,-1.654305262491103084e-03
2.728246152400970459e-01,1.156954467296612554e-01,9.963666915893554688e+00,8.416707813739776611e-02,-3.288626670837402344e-02,-3.566029947251077564e-03
2.184610962867736816e-01,8.900962024927261407e-02,9.935625076293945312e+00,8.169505000114440918e-02,-4.004092514514923096e-02,-2.525148913264269827e-03
2.217149585485458374e-01,8.432314544916275079e-02,9.925212860107421875e+00,8.515848219394683838e-02,-4.101892560720443726e-02,-4.369730595499271911e-03
1.990704089403152466e-01,3.393485769629599885e-02,9.933370590209960938e+00,8.626006543636322021e-02,-4.436326026916503906e-02,-8.915996295399909646e-04
2.272533774375915527e-01,7.540616393089415170e-02,9.909991264343261719e+00,8.038489520549774170e-02,-5.382741615176200867e-02,-1.768887857906513861e-03
1.647153496742248535e-01,6.432348489761473276e-02,9.915423393249511719e+00,7.873287051916122437e-02,-5.617988854646682739e-02,-4.621193744242184376e-03
1.988807171583175659e-01,4.454137757421752428e-03,9.900310516357421875e+00,7.997767627239227295e-02,-5.817143991589546204e-02,-4.838125780224793171e-03
1.745405495166778564e-01,7.173538953065992929e-02,9.869754791259765625e+00,8.078979700803756714e-02,-5.955016240477561951e-02,-3.011412452906362790e-03
1.592139601707458496e-01,3.998348861932875253e-02,9.864294052124023438e+00,7.447749376296997070e-02,-5.975987762212753296e-02,-5.896777380257837986e-03
1.746403276920318604e-01,3.391562029719473459e-02,9.860707283020019531e+00,7.494829595088958740e-02,-6.336621195077896118e-02,-8.272400125861160969e-03
1.394019275903701782e-01,2.606227621436240163e-02,9.880528450012207031e+00,7.689225673675537109e-02,-6.062790006399154663e-02,-2.250260906293980855e-03
1.751462072134017944e-01,-1.884122937917587920e-02,9.913632392883300781e+00,7.547760754823684692e-02,-6.064976751804351807e-02,-4.232594743371002020e-03
1.008043140172958374e-01,9.626818820835365484e-03,9.849383354187011719e+00,7.794539630413055420e-02,-5.950799956917762756e-02,-9.263054467737667774e-03
8.206081390380859375e-02,-3.859408665447223302e-03,9.829312324523925781e+00,7.965163886547088623e-02,-5.880264565348625183e-02,-4.479047376662485813e-03
9.850578755140304565e-02,-3.530317544937013052e-02,9.870920181274414062e+00,8.059210330247879028e-02,-5.458574742078781128e-02,-6.047060713171951984e-03
1.237482726573944092e-01,3.574860095977903246e-02,9.789205551147460938e+00,8.487246185541152954e-02,-5.626214668154716492e-02,-4.593613557517521595e-03
1.008923724293708801e-01,-1.511857658624528311e-02,9.858396530151367188e+00,8.186271786689758301e-02,-5.832210183143615723e-02,-5.318533629178993916e-03
5.488224700093269348e-02,-2.590590622274866004e-03,9.813256263732910156e+00,8.175552636384963989e-02,-5.587447434663772583e-02,-5.283201579004519199e-03
8.091653883457183838e-02,1.497755572199941862e-02,9.830398559570312500e+00,8.116915822029113770e-02,-5.790547654032707214e-02,-4.535510670393698429e-03
9.697914123535156250e-02,-2.060173638164876711e-02,9.836460113525390625e+00,8.000993728637695312e-02,-5.643513426184654236e-02,-8.221026510000221943e-03
5.936758592724800110e-02,-3.039083629846452486e-02,9.822636604309082031e+00,8.057041466236114502e-02,-5.757470428943634033e-02,-4.298393148928873753e-03
5.495638400316238403e-02,-3.977966308593629957e-02,9.795545578002929688e+00,8.054203540086746216e-02,-6.268942356109619141e-02,-2.864415058866135420e-03
8.505137264728546143e-02,-4.101203382015108229e-02,9.780352592468261719e+00,7.489584386348724365e-02,-6.365578621625900269e-02,-7.813887670636170124e-03
4.221357405185699463e-02,-5.949638411402582289e-02,9.801236152648925781e+00,7.555058598518371582e-02,-6.654924154281616211e-02,-9.855673648416987329e-03
2.182054519653320312e-02,-3.245299682021021009e-02,9.799242973327636719e+00,7.659082114696502686e-02,-6.733572483062744141e-02,-7.278072647750368981e-03
3.158836811780929565e-02,-5.031097307801127294e-02,9.771258354187011719e+00,7.695145905017852783e-02,-7.391018420457839966e-02,-2.778730820864429903e-03
-9.010261856019496918e-03,-5.476181209087252477e-02,9.756560325622558594e+00,7.340271025896072388e-02,-7.611409574747085571e-02,-2.445337129756799174e-03
3.074112161993980408e-02,-7.429447025060534338e-02,9.788695335388183594e+00,6.979952752590179443e-02,-7.564870268106460571e-02,-4.506045486778011318e-03
2.510655671358108521e-02,-6.923866271972536901e-02,9.765297889709472656e+00,7.208829373121261597e-02,-7.849165052175521851e-02,-3.556178184226145740e-03
1.723595894873142242e-03,-1.100495308637607084e-01,9.790888786315917969e+00,6.963354349136352539e-02,-7.308580726385116577e-02,-4.105986561626187234e-03
-3.139512613415718079e-03,-7.093643397092699865e-02,9.793875694274902344e+00,7.056794315576553345e-02,-7.496222108602523804e-02,-4.861030727624883647e-03
-9.096023626625537872e-03,-7.193162292241930822e-02,9.780720710754394531e+00,7.354711741209030151e-02,-7.196415215730667114e-02,-3.319561947137108712e-03
-4.073577001690864563e-02,-7.975397258996844152e-02,9.765362739562988281e+00,7.599262893199920654e-02,-6.710784882307052612e-02,-9.038650430738917260e-03
-3.381635621190071106e-02,-8.662456274032473424e-02,9.792886734008789062e+00,7.256935536861419678e-02,-6.720831990242004395e-02,-8.579220622777930169e-03
-6.011157110333442688e-02,-4.772106185555338026e-02,9.780768394470214844e+00,7.352948933839797974e-02,-7.005148380994796753e-02,-7.747311610728493600e-03
-2.585751377046108246e-02,-8.276683092117188834e-02,9.829559326171875000e+00,7.673468440771102905e-02,-6.177545711398124695e-02,-6.004015449434511008e-03
-5.812188982963562012e-02,-9.251580387353777746e-02,9.766680717468261719e+00,6.869447231292724609e-02,-6.342345476150512695e-02,-6.625240202993146720e-03
-6.352766603231430054e-02,-4.049526900052904943e-02,9.746142387390136719e+00,6.950087845325469971e-02,-6.612782180309295654e-02,-4.909297451376907172e-03
-5.909689143300056458e-02,-7.251309603452563146e-02,9.793786048889160156e+00,7.264213263988494873e-02,-6.070959195494651794e-02,-3.258140757679931897e-03
-6.174741312861442566e-02,-9.028488397598147253e-02,9.753527641296386719e+00,7.177646458148956299e-02,-6.732667982578277588e-02,-7.960475981235495477e-03
-6.264981627464294434e-02,-9.127923101186632970e-02,9.695199012756347656e+00,7.079190015792846680e-02,-6.295684725046157837e-02,-2.506168559193603339e-03
-4.162779450416564941e-02,-5.822561681270480016e-02,9.724871635437011719e+00,6.644375622272491455e-02,-6.413580477237701416e-02,-4.729460459202520194e-03
-8.242239058017730713e-02,-6.870783865451693395e-02,9.733850479125976562e+00,6.472156196832656860e-02,-6.453939527273178101e-02,-1.841671881265930476e-03
-5.009232833981513977e-02,-8.062542974948763708e-02,9.732767105102539062e+00,6.589671224355697632e-02,-6.194925308227539062e-02,-5.239140707999460043e-03
-2.377804741263389587e-02,-6.996684521436571935e-02,9.721316337585449219e+00,6.278503686189651489e-02,-6.604862958192825317e-02,-6.591585930436841788e-03
-6.788185983896255493e-02,-7.166093587875246862e-02,9.722732543945312500e+00,5.549646914005279541e-02,-6.864859908819198608e-02,-4.789757542312136560e-03
-7.534242421388626099e-02,-1.104883626103389249e-01,9.710001945495605469e+00,5.422738194465637207e-02,-6.882824003696441650e-02,-6.132227834314099221e-03
-6.630857288837432861e-02,-1.098928079009044156e-01,9.711045265197753906e+00,5.700013414025306702e-02,-7.338478416204452515e-02,4.898263141512960777e-04
-6.136244162917137146e-02,-1.311978250741946683e-01,9.733273506164550781e+00,5.756601691246032715e-02,-7.482903450727462769e-02,-2.137829316779962015e-03
-1.085250377655029297e-01,-1.135469675064074979e-01,9.740775108337402344e+00,5.585982650518417358e-02,-7.171458005905151367e-02,-5.073471926152697473e-03
-7.856176048517227173e-02,-1.088302582502353177e-01,9.793062210083007812e+00,5.775935202836990356e-02,-6.821396201848983765e-02,-1.427943701855829842e-03
-8.125595003366470337e-02,-9.723296761512636999e-02,9.771034240722656250e+00,6.022065877914428711e-02,-6.382510811090469360e-02,-4.299597349017850699e-03
-1.078842356801033020e-01,-1.002586707472789274e-01,9.752410888671875000e+00,5.459832400083541870e-02,-6.480038911104202271e-02,-3.119137836620203795e-03
-9.880165010690689087e-02,-8.182077109813570837e-02,9.785614013671875000e+00,5.150198563933372498e-02,-5.886330828070640564e-02,-5.294005386531281439e-04
-1.070026680827140808e-01,-1.081822440028178678e-01,9.770021438598632812e+00,4.922238737344741821e-02,-5.523032695055007935e-02,-3.283822443336241459e-03
-1.007606163620948792e-01,-1.084020957350718961e-01,9.749739646911621094e+00,4.928112402558326721e-02,-5.470234900712966919e-02,8.828185964375801550e-04
-9.819097071886062622e-02,-1.015593484044063077e-01,9.760139465332031250e+00,5.012620240449905396e-02,-5.764308944344520569e-02,-2.715458627790205692e-03
-5.586763471364974976e-02,-1.203038915991771207e-01,9.780445098876953125e+00,4.503704980015754700e-02,-5.248446017503738403e-02,-5.904339253902429231e-03
-1.026806086301803589e-01,-1.063408926129329052e-01,9.802729606628417969e+00,4.640542343258857727e-02,-5.301393941044807434e-02,-1.584143377840512446e-03
-1.049309819936752319e-01,-1.074927151203143583e-01,9.741036415100097656e+00,4.619321599602699280e-02,-5.107544362545013428e-02,-4.734559915959828981e-03
-7.978927344083786011e-02,-1.021301597356784330e-01,9.753767967224121094e+00,4.558821767568588257e-02,-5.025402829051017761e-02,-3.264849539846175798e-03
-1.519192159175872803e-01,-9.684025496244311193e-02,9.781263351440429688e+00,4.052269458770751953e-02,-5.424060299992561340e-02,-2.924538450315588168e-03
-1.048521772027015686e-01,-1.536173224449145780e-01,9.736201286315917969e+00,3.822387382388114929e-02,-5.342378839850425720e-02,-6.541211623698466038e-03
-1.047180444002151489e-01,-1.182752773165690885e-01,9.784663200378417969e+00,3.817416727542877197e-02,-5.800586193799972534e-02,-7.987677818164157836e-04
-1.362414360046386719e-01,-9.205088019370913366e-02,9.740864753723144531e+00,3.775920346379280090e-02,-5.480743572115898132e-02,-3.038421273231499842e-03
-1.111100390553474426e-01,-9.304627776145815710e-02,9.791848182678222656e+00,3.662963211536407471e-02,-5.577642470598220825e-02,-3.078839217778226974e-04
-1.152828112244606018e-01,-1.063654050230967985e-01,9.769577980041503906e+00,3.717985004186630249e-02,-5.586973950266838074e-02,-7.182068657129934671e-04
-1.479657441377639771e-01,-1.382353901863086210e-01,9.763888359069824219e+00,3.565805032849311829e-02,-5.714175850152969360e-02,7.176699582487415215e-04
-1.174899563193321228e-01,-1.171925216913211193e-01,9.811791419982910156e+00,3.289543092250823975e-02,-5.627680942416191101e-02,2.166988269891658727e-04
-1.195390969514846802e-01,-1.034825146198260770e-01,9.767214775085449219e+00,3.603989258408546448e-02,-4.660719633102416992e-02,-4.304960020817759337e-04
-1.590392440557479858e-01,-1.443863809108722196e-01,9.809468269348144531e+00,3.234947472810745239e-02,-4.322304949164390564e-02,-8.138951961882359308e-04
-1.351862847805023193e-01,-1.023688539862620817e-01,9.785196304321289062e+00,3.360996395349502563e-02,-4.126037284731864929e-02,-2.476069144904608291e-03
-1.032990887761116028e-01,-1.062101274728763090e-01,9.794088363647460938e+00,4.230285435914993286e-02,-3.349167108535766602e-02,-2.518512541428204448e-03
-9.452669322490692139e-02,-1.181544512510287748e-01,9.796344757080078125e+00,3.550218418240547180e-02,-3.104280680418014526e-02,-7.963449461385569772e-04
-1.171061396598815918e-01,-8.204329758882403234e-02,9.789540290832519531e+00,2.854363992810249329e-02,-2.834537625312805176e-02,-3.119244240224357950e-03
-1.457552164793014526e-01,-1.148030161857592907e-01,9.838854789733886719e+00,3.598653152585029602e-02,-2.355100773274898529e-02,9.791372576731348167e-06
-1.332423835992813110e-01,-1.254917830228793607e-01,9.791458129882812500e+00,3.347251936793327332e-02,-2.714107744395732880e-02,-1.513952855020758237e-03
-1.520717740058898926e-01,-9.316525608301043371e-02,9.786704063415527344e+00,2.982704155147075653e-02,-2.702313661575317383e-02,-3.131244564428922045e-03
-1.842000633478164673e-01,-9.899195283651231192e-02,9.828510284423828125e+00,2.924387156963348389e-02,-2.816412411630153656e-02,-5.361434072256084787e-03
-1.111387833952903748e-01,-1.260776519775378690e-01,9.800830841064453125e+00,2.240255475044250488e-02,-2.896167151629924774e-02,-2.920348197221401244e-05
-1.143200546503067017e-01,-1.099854037165629850e-01,9.789985656738281250e+00,2.964336052536964417e-02,-2.323444560170173645e-02,-5.380730144679543754e-03
-1.242985054850578308e-01,-6.894947588443636755e-02,9.774121284484863281e+00,3.039588034152984619e-02,-2.828900888562202454e-02,-1.140671316534277308e-03
-1.213054880499839783e-01,-9.323908388614535192e-02,9.786880493164062500e+00,2.371537685394287109e-02,-3.275990858674049377e-02,-2.409074455499645145e-03
-1.219023689627647400e-01,-1.110660508275020109e-01,9.773398399353027344e+00,2.055507339537143707e-02,-4.008620977401733398e-02,-3.151877084746952055e-03
-1.479990780353546143e-01,-9.631107747554658316e-02,9.835898399353027344e+00,2.264719642698764801e-02,-3.488296642899513245e-02,1.163148204796020553e-03
-1.603763103485107422e-01,-1.185315251350390897e-01,9.770398139953613281e+00,1.951509155333042145e-02,-3.057010099291801453e-02,1.272756140679124704e-03
-1.187130957841873169e-01,-1.076220199465739713e-01,9.795712471008300781e+00,1.888212002813816071e-02,-3.569332510232925415e-02,-4.373092204332347348e-03
-1.151135265827178955e-01,-1.112933829426753507e-01,9.794089317321777344e+00,2.077695727348327637e-02,-4.010716825723648071e-02,1.033816020935778837e-03
-1.136242225766181946e-01,-8.439160883426546911e-02,9.786019325256347656e+00,1.718651130795478821e-02,-3.683491796255111694e-02,-3.489666385576124623e-03
-1.207258254289627075e-01,-1.018693000078189220e-01,9.807353019714355469e+00,1.593215763568878174e-02,-3.548422828316688538e-02,-1.908291364088650181e-03
-1.564392000436782837e-01,-7.173274457454560660e-02,9.840662002563476562e+00,1.294357888400554657e-02,-3.651403263211250305e-02,5.052615888416811573e-04
-1.617520749568939209e-01,-1.119775697588908520e-01,9.826080322265625000e+00,1.549714617431163788e-02,-3.524590283632278442e-02,-3.137846710160370305e-03
-1.306168437004089355e-01,-1.017387509345996366e-01,9.777278900146484375e+00,2.145615033805370331e-02,-2.745025791227817535e-02,-2.910219365730878222e-03
-1.271246373653411865e-01,-8.895286917686341666e-02,9.811666488647460938e+00,1.951190829277038574e-02,-2.907164208590984344e-02,-2.221796195954080927e-03
-1.115813106298446655e-01,-4.464403539895891310e-02,9.792148590087890625e+00,1.562195364385843277e-02,-2.399456687271595001e-02,-1.789637608453628365e-03
-1.014890894293785095e-01,-7.935882359742997549e-02,9.813097000122070312e+00,1.716320216655731201e-02,-2.593212760984897614e-02,-5.697040352970358240e-03
-1.425965875387191772e-01,-9.693177789449571036e-02,9.814291000366210938e+00,1.906440220773220062e-02,-2.541522122919559479e-02,7.421731716021926850e-04
-1.567573547363281250e-01,-8.556362241506455801e-02,9.809376716613769531e+00,1.717299968004226685e-02,-2.337245084345340729e-02,-1.223623170517382187e-03
-1.439347565174102783e-01,-8.928880095481753210e-02,9.777205467224121094e+00,1.189497951418161392e-02,-2.037914097309112549e-02,-2.148349536582824966e-03
-1.400397866964340210e-01,-1.298045516014087186e-01,9.838796615600585938e+00,1.102904882282018661e-02,-2.441960200667381287e-02,-1.785484491847425686e-04
-1.505836695432662964e-01,-1.280034780502307401e-01,9.823813438415527344e+00,1.123570837080478668e-02,-2.251326665282249451e-02,3.331016749143603066e-03
-1.693334877490997314e-01,-9.405584633350251578e-02,9.874939918518066406e+00,1.438071206212043762e-02,-1.807682774960994720e-02,3.219283884391190790e-03
-1.425760537385940552e-01,-1.145928800106036510e-01,9.835166931152343750e+00,1.411658618599176407e-02,-2.480114996433258057e-02,-1.569117652252313439e-03
-1.394905596971511841e-01,-9.433074295520661734e-02,9.852419853210449219e+00,6.010542623698711395e-03,-2.175429090857505798e-02,-2.285647438839075347e-03
-1.015389859676361084e-01,-1.028787493705737438e-01,9.844286918640136719e+00,6.112110335379838943e-03,-2.079309895634651184e-02,1.534955343231561402e-03
-1.454898267984390259e-01,-7.914063334464906119e-02,9.826254844665527344e+00,4.478089045733213425e-03,-2.299994789063930511e-02,-3.124199574813244125e-03
-1.562533080577850342e-01,-7.531324774026751379e-02,9.745494842529296875e+00,-2.239178167656064034e-03,-2.430494874715805054e-02,-3.846132021862983690e-04
-1.267768442630767822e-01,-8.963982760906100133e-02,9.800481796264648438e+00,7.821894250810146332e-04,-2.162910066545009613e-02,-1.804914907552299282e-03
-1.337265223264694214e-01,-1.015569940209376659e-01,9.832550048828125000e+00,-8.209820371121168137e-04,-2.220373973250389099e-02,-5.175604950636622688e-03
-1.599121987819671631e-01,-6.339056789874909781e-02,9.843948364257812500e+00,-3.386259078979492188e-03,-2.088660933077335358e-02,1.789294998161497334e-03
-1.642611026763916016e-01,-9.283714741468308829e-02,9.828817367553710938e+00,6.329026538878679276e-03,-1.804833300411701202e-02,8.204455953091404664e-04
-1.458667665719985962e-01,-1.065929383039462552e-01,9.796489715576171875e+00,-2.025344176217913628e-03,-1.855003274977207184e-02,-2.696371404454109885e-03
-1.453612297773361206e-01,-5.170563980936883353e-02,9.864801406860351562e+00,2.022300381213426590e-03,-1.729814149439334869e-02,3.148385148961118144e-04
-1.137515604496002197e-01,-6.251146644353745840e-02,9.887329101562500000e+00,8.444773266091942787e-04,-1.286704465746879578e-02,-4.269239492714403325e-03
-1.272400915622711182e-01,-8.565770834684251211e-02,9.854612350463867188e+00,4.092532675713300705e-03,-1.298152096569538116e-02,5.976501852273957303e-04
-1.514084339141845703e-01,-6.853406131267426871e-02,9.882678031921386719e+00,3.650000435300171375e-04,-1.195589546114206314e-02,1.117478677770137522e-04
-1.403393596410751343e-01,-4.137620329856751128e-02,9.892107009887695312e+00,-6.536929286085069180e-04,-1.036538369953632355e-02,2.510510617867113461e-03
-1.577845215797424316e-01,-9.053779393434403799e-02,9.893471717834472656e+00,-8.135191164910793304e-04,-8.197514340281486511e-03,-3.175385296344756213e-03
-1.071260347962379456e-01,-9.162078797817109488e-02,9.902798652648925781e+00,3.465673886239528656e-03,-5.517122801393269625e-03,3.824146231636405859e-03
-1.250610351562500000e-01,-7.370875775813935660e-02,9.883772850036621094e+00,8.074257639236748219e-04,-5.873722489923238754e-03,-2.005518879741429415e-03
-1.711406409740447998e-01,-2.862204425036785765e-02,9.901963233947753906e+00,-1.116486033424735069e-03,-9.224091656506061554e-03,1.379049266688526761e-03
-1.304098069667816162e-01,-7.918966561555741690e-02,9.856876373291015625e+00,-1.441555214114487171e-04,-8.916238322854042053e-03,-4.887417890131462699e-04
-1.067337021231651306e-01,-9.759975224733231924e-02,9.887639045715332031e+00,-5.915277637541294098e-03,-1.048100087791681290e-02,2.019083593040706028e-03
-1.487310975790023804e-01,-6.303723156452058218e-02,9.898561477661132812e+00,-1.736483536660671234e-03,-1.035058312118053436e-02,3.160102991387249340e-03
-1.375790089368820190e-01,-5.260843411087869070e-02,9.885135650634765625e+00,-7.007875479757785797e-03,-1.133321691304445267e-02,1.123237423598767628e-03
-1.365336924791336060e-01,-5.043419450521365033e-02,8.513970375061035156e+00,-1.139822676777839661e-01,-1.712311506271362305e-01,-2.027965895831582849e-02
-7.607103884220123291e-02,-1.087221428751936336e-01,7.438157558441162109e+00,-5.521543025970458984e-01,-8.345844149589538574e-01,-7.388276606798162283e-02
-5.182910338044166565e-02,-1.371267139911643007e-01,6.953137397766113281e+00,-1.165861845016479492e+00,-1.599014282226562500e+00,-1.559150516986844981e-01
-1.147440969944000244e-01,-1.829864978790273489e-01,8.033655166625976562e+00,-1.889071583747863770e+00,-2.207447290420532227e+00,-2.448641955852505769e-01
-1.491579264402389526e-01,-2.137014269828781954e-01,1.186754035949707031e+01,-2.636747837066650391e+00,-2.780972003936767578e+00,-3.262170553207394130e-01
-9.892033785581588745e-02,-3.343783915042858879e-01,1.506278705596923828e+01,-2.884693622589111328e+00,-2.914920330047607422e+00,-3.681382536888119228e-01
-1.185226961970329285e-01,-3.446916341781597337e-01,1.548344230651855469e+01,-2.919101238250732422e+00,-2.903943538665771484e+00,-3.937315046787258632e-01
-2.033635377883911133e-01,-2.580232322216015617e-01,1.496023464202880859e+01,-2.670813083648681641e+00,-2.739403724670410156e+00,-3.952428102493282802e-01
-2.044396102428436279e-01,-3.554567098617535392e-01,1.499766826629638672e+01,-2.502684831619262695e+00,-2.548985958099365234e+00,-3.853575587272640712e-01
-2.483330219984054565e-01,-2.445328235626202940e-01,1.455224132537841797e+01,-2.168825864791870117e+00,-2.325093984603881836e+00,-3.437667787075039949e-01
-1.669399291276931763e-01,-3.298101425170881229e-01,1.421014595031738281e+01,-1.929127097129821777e+00,-2.118871212005615234e+00,-3.188884854316708650e-01
-2.090194672346115112e-01,-2.911842763423902469e-01,1.391441631317138672e+01,-1.622064352035522461e+00,-1.812702655792236328e+00,-2.870101332664487526e-01
-1.266894340515136719e-01,-3.079600632190687692e-01,1.354014682769775391e+01,-1.300162911415100098e+00,-1.566237330436706543e+00,-2.594960629940031294e-01
-8.168236166238784790e-02,-3.260299265384657419e-01,1.346798515319824219e+01,-1.019809842109680176e+00,-1.192176699638366699e+00,-2.297407388687132401e-01
4.158523306250572205e-02,-2.164197117090209399e-01,1.301437664031982422e+01,-7.105969786643981934e-01,-8.972817063331604004e-01,-2.088939398527144276e-01
1.085941866040229797e-01,-1.671755313873276028e-01,1.224934482574462891e+01,-3.924360871315002441e-01,-4.734196364879608154e-01,-1.862034052610396784e-01
1.362740248441696167e-01,-2.708620429038987032e-01,1.175210094451904297e+01,-2.417820543050765991e-01,-2.184039950370788852e-01,-1.718536615371703824e-01
1.901759803295135498e-01,-2.607062458991990517e-01,1.122089767456054688e+01,-4.560101777315139771e-02,8.482608199119566483e-02,-1.532974839210510254e-01
1.984992623329162598e-01,-2.988534867763505964e-01,1.082253932952880859e+01,1.150559857487678528e-01,3.146155178546905518e-01,-1.381337493658066073e-01
2.878707349300384521e-01,-3.218729197978960621e-01,1.051689338684082031e+01,2.781191468238830566e-01,5.482683181762695312e-01,-1.203630939126015403e-01
3.437198996543884277e-01,-3.448876738548266041e-01,1.042025756835937500e+01,3.806252777576446533e-01,6.672902107238769531e-01,-1.053016856312752603e-01
4.304785430431365967e-01,-4.239224493503557789e-01,1.038080787658691406e+01,5.019990801811218262e-01,7.889773249626159668e-01,-8.504420518875131785e-02
4.362564086914062500e-01,-4.185745418071734059e-01,1.033383846282958984e+01,5.618271827697753906e-01,8.546362519264221191e-01,-6.913881748914729730e-02
5.583789348602294922e-01,-5.184301137924182123e-01,1.037680721282958984e+01,6.166274547576904297e-01,9.070458412170410156e-01,-4.906057938933383600e-02
6.038291454315185547e-01,-5.254313945770251459e-01,1.030166149139404297e+01,6.563501954078674316e-01,9.400996565818786621e-01,-2.298946864902984624e-02
6.697605848312377930e-01,-5.728388428688037104e-01,1.029814338684082031e+01,6.682736873626708984e-01,9.478826522827148438e-01,-2.517677843570825455e-03
6.930804252624511719e-01,-5.921370387077319331e-01,1.027473831176757812e+01,6.848317980766296387e-01,9.403755068778991699e-01,1.941183581948268885e-02
7.562409639358520508e-01,-6.687815189361560053e-01,1.022589397430419922e+01,6.852135658264160156e-01,9.219963550567626953e-01,4.855141043663013800e-02
7.840811610221862793e-01,-6.965800523757922358e-01,1.014685249328613281e+01,6.778972744941711426e-01,9.035872817039489746e-01,6.537584215402592047e-02
8.115087151527404785e-01,-6.699346303939807123e-01,1.006848239898681641e+01,6.704930067062377930e-01,8.709784150123596191e-01,8.791968971490848883e-02
8.710484504699707031e-01,-7.305716276168811030e-01,1.005255699157714844e+01,6.599007248878479004e-01,8.417765498161315918e-01,1.042755097150801641e-01
8.981897830963134766e-01,-7.830916047096240229e-01,9.975159645080566406e+00,6.544572114944458008e-01,8.177593350410461426e-01,1.190877705812453252e-01
9.419305324554443359e-01,-8.076884746551501459e-01,9.901153564453125000e+00,6.327693462371826172e-01,7.736794948577880859e-01,1.291949748992919089e-01
9.462924003601074219e-01,-8.147950768470751948e-01,9.886384010314941406e+00,6.225178837776184082e-01,7.575467824935913086e-01,1.446823179721831443e-01
9.456592798233032227e-01,-8.661686182022082514e-01,9.806970596313476562e+00,6.181914210319519043e-01,7.052665352821350098e-01,1.499423086643218161e-01
9.932330846786499023e-01,-8.867030143737780756e-01,9.768399238586425781e+00,6.034741401672363281e-01,6.928709149360656738e-01,1.604783385992049338e-01
9.771128296852111816e-01,-8.775529265403735346e-01,9.733306884765625000e+00,5.951891541481018066e-01,6.417832374572753906e-01,1.679708361625670554e-01
1.003585457801818848e+00,-9.559045433998095698e-01,9.670880317687988281e+00,5.809557437896728516e-01,6.316434144973754883e-01,1.775180548429488303e-01
1.054387450218200684e+00,-9.718398451805102534e-01,9.656298637390136719e+00,5.736654400825500488e-01,5.905237793922424316e-01,1.805370002984999778e-01
1.078281760215759277e+00,-9.356402754783618159e-01,9.624576568603515625e+00,5.650912523269653320e-01,5.813679695129394531e-01,1.833491474390029075e-01
1.077183961868286133e+00,-1.008634328842161976e+00,9.572845458984375000e+00,5.560842752456665039e-01,5.696009397506713867e-01,1.838378161191939475e-01
1.057947516441345215e+00,-1.013419389724730335e+00,9.524629592895507812e+00,5.429667830467224121e-01,5.499902367591857910e-01,1.849549859762191217e-01
1.072451472282409668e+00,-1.049155712127684437e+00,9.577351570129394531e+00,5.384736061096191406e-01,5.527168512344360352e-01,1.837879568338393610e-01
1.133145570755004883e+00,-1.061006426811217151e+00,9.564771652221679688e+00,5.271290540695190430e-01,5.333970785140991211e-01,1.841647773981093805e-01
1.086961269378662109e+00,-1.053953647613524280e+00,9.532848358154296875e+00,5.282952189445495605e-01,5.413167476654052734e-01,1.774000078439711969e-01
1.146503806114196777e+00,-1.085180878639220081e+00,9.548718452453613281e+00,5.178757309913635254e-01,5.269161462783813477e-01,1.808248907327651422e-01
1.106287479400634766e+00,-1.085155487060545765e+00,9.606136322021484375e+00,5.141579508781433105e-01,5.416198372840881348e-01,1.737512201070784967e-01
1.119370698928833008e+00,-1.066135883331297718e+00,9.642395973205566406e+00,5.083652734756469727e-01,5.263628363609313965e-01,1.738878190517424982e-01
1.154272079467773438e+00,-1.139961838722227894e+00,9.630983352661132812e+00,5.029578804969787598e-01,5.425392985343933105e-01,1.654669046401976984e-01
1.083848714828491211e+00,-1.129717230796812855e+00,9.670833587646484375e+00,4.927043318748474121e-01,5.484331846237182617e-01,1.612756997346877497e-01
1.187110066413879395e+00,-1.177552938461302601e+00,9.684035301208496094e+00,4.947137236595153809e-01,5.364487767219543457e-01,1.533731967210769098e-01
1.182572364807128906e+00,-1.118062615394591175e+00,9.694741249084472656e+00,4.882362484931945801e-01,5.376209020614624023e-01,1.470151394605636042e-01
1.162113666534423828e+00,-1.181519865989683948e+00,9.750592231750488281e+00,4.797097742557525635e-01,5.232934355735778809e-01,1.460470408201217096e-01
1.144687414169311523e+00,-1.168021798133848987e+00,9.773252487182617188e+00,4.738695919513702393e-01,5.262514948844909668e-01,1.408791989088057917e-01
1.150465607643127441e+00,-1.195278167724608265e+00,9.771048545837402344e+00,4.712605178356170654e-01,5.064857602119445801e-01,1.322447061538695734e-01
1.191001892089843750e+00,-1.199914216995238148e+00,9.790998458862304688e+00,4.636640846729278564e-01,5.086640119552612305e-01,1.247183531522750299e-01
1.143589615821838379e+00,-1.188336133956908069e+00,9.807236671447753906e+00,4.569859206676483154e-01,4.802243709564208984e-01,1.195880919694899958e-01
1.172083258628845215e+00,-1.184484243392943226e+00,9.826025009155273438e+00,4.441485702991485596e-01,4.776363670825958252e-01,1.178239285945891779e-01
1.180197358131408691e+00,-1.215743303298949085e+00,9.900888442993164062e+00,4.382454156875610352e-01,4.589034318923950195e-01,1.095282882452010553e-01
1.163520336151123047e+00,-1.221522092819212757e+00,9.930527687072753906e+00,4.235127866268157959e-01,4.412595927715301514e-01,1.011940613389014643e-01
1.175423741340637207e+00,-1.156787514686583362e+00,9.927549362182617188e+00,4.082441329956054688e-01,4.270661473274230957e-01,9.919740259647363834e-02
1.131117343902587891e+00,-1.202047586441038707e+00,9.989773750305175781e+00,4.011114537715911865e-01,4.108604192733764648e-01,9.160781651735300235e-02
1.125495553016662598e+00,-1.190015077590941051e+00,1.002990531921386719e+01,3.865436315536499023e-01,4.057561755180358887e-01,8.201368898153299503e-02
1.129727363586425781e+00,-1.166480422019957164e+00,1.004650878906250000e+01,3.749965429306030273e-01,3.847029209136962891e-01,8.101452142000194201e-02
1.102172136306762695e+00,-1.197646617889402965e+00,1.009765052795410156e+01,3.563376069068908691e-01,3.737719058990478516e-01,7.742666453123088488e-02
1.066634654998779297e+00,-1.189618468284605601e+00,1.010297870635986328e+01,3.457664251327514648e-01,3.588329851627349854e-01,6.747528910636897692e-02
1.094760179519653320e+00,-1.147210597991942027e+00,1.016438770294189453e+01,3.318916261196136475e-01,3.477830588817596436e-01,6.108417734503741869e-02
1.117180466651916504e+00,-1.115467429161070445e+00,1.015700626373291016e+01,3.142741024494171143e-01,3.323466479778289795e-01,5.537097156047816882e-02
1.123632669448852539e+00,-1.112544894218443492e+00,1.024574756622314453e+01,3.063314855098724365e-01,3.347876965999603271e-01,5.681025236845012316e-02
1.112464070320129395e+00,-1.178088784217833140e+00,1.020883464813232422e+01,2.926540672779083252e-01,3.180608749389648438e-01,4.457915201783176073e-02
1.063427805900573730e+00,-1.133940458297728160e+00,1.025234794616699219e+01,2.827089726924896240e-01,3.081164062023162842e-01,4.033477231860157358e-02
1.033155918121337891e+00,-1.112425565719603160e+00,1.023297786712646484e+01,2.684502899646759033e-01,2.967076301574707031e-01,3.273484483361240732e-02
1.049470543861389160e+00,-1.124032974243162730e+00,1.026788520812988281e+01,2.556173801422119141e-01,2.812142372131347656e-01,3.236188367009159433e-02
1.013565182685852051e+00,-1.078545928001402476e+00,1.026662063598632812e+01,2.493865936994552612e-01,2.828165888786315918e-01,2.992334403097626078e-02
9.834746718406677246e-01,-1.111142873764036754e+00,1.030021095275878906e+01,2.360899746417999268e-01,2.564409971237182617e-01,2.170029096305367208e-02
9.697382450103759766e-01,-1.070261478424070933e+00,1.034457683563232422e+01,2.313279211521148682e-01,2.523381114006042480e-01,1.979348435997959829e-02
9.986394047737121582e-01,-1.079296946525572398e+00,1.036351585388183594e+01,2.149991989135742188e-01,2.339755743741989136e-01,1.578103937208649721e-02
9.736833572387695312e-01,-1.027673363685606578e+00,1.037649154663085938e+01,2.109482735395431519e-01,2.324359863996505737e-01,1.964632980525490846e-02
9.582386016845703125e-01,-1.053066492080687144e+00,1.033805942535400391e+01,2.012448012828826904e-01,2.181193530559539795e-01,9.981944225728485789e-03
9.196702837944030762e-01,-1.049685001373289683e+00,1.036547279357910156e+01,1.938543170690536499e-01,2.080839276313781738e-01,7.454904261976455331e-03
9.131326079368591309e-01,-1.016753196716307261e+00,1.041325664520263672e+01,1.873474866151809692e-01,2.027127295732498169e-01,1.143348962068555311e-02
9.082986116409301758e-01,-1.023141264915464976e+00,1.039133358001708984e+01,1.800400465726852417e-01,1.854970008134841919e-01,2.908864757046080926e-03
9.100819230079650879e-01,-9.959781765937792963e-01,1.038213920593261719e+01,1.726740300655364990e-01,1.878003180027008057e-01,7.842910708859333023e-04
8.843721151351928711e-01,-9.874706268310533552e-01,1.043959903717041016e+01,1.621397584676742554e-01,1.743120700120925903e-01,2.432784385746131336e-04
8.271965980529785156e-01,-9.713528752326953120e-01,1.041862583160400391e+01,1.624044328927993774e-01,1.634690910577774048e-01,-3.360421978868744137e-04
8.272212147712707520e-01,-9.523881077766406245e-01,1.041350078582763672e+01,1.514543443918228149e-01,1.581483185291290283e-01,-2.992173191159983123e-03
8.248658180236816406e-01,-9.359239935874925642e-01,1.044882392883300781e+01,1.433815509080886841e-01,1.557543277740478516e-01,-6.524933036416788110e-03
8.266952633857727051e-01,-9.172021150588975935e-01,1.044557285308837891e+01,1.320576518774032593e-01,1.485433578491210938e-01,-4.915134515613335704e-03
7.636131048202514648e-01,-8.983278870582567244e-01,1.043420028686523438e+01,1.225632280111312866e-01,1.354380697011947632e-01,-2.320797415450231820e-03
7.833271622657775879e-01,-8.871067166328416853e-01,1.045508384704589844e+01,1.187858730554580688e-01,1.309805661439895630e-01,-5.023902747780100222e-03
7.782872915267944336e-01,-9.031381011009202986e-01,1.042938995361328125e+01,1.066379249095916748e-01,1.165394410490989685e-01,-7.480463013052954246e-03
7.747398614883422852e-01,-8.360131382942187495e-01,1.041983985900878906e+01,1.003272011876106262e-01,1.147169470787048340e-01,-7.815130054950727989e-03
7.403040528297424316e-01,-8.446589112281785994e-01,1.042781448364257812e+01,9.673088788986206055e-02,1.053766086697578430e-01,-1.034654583781958841e-02
7.276725769042968750e-01,-8.152516484260546870e-01,1.039566898345947266e+01,9.278383105993270874e-02,1.004892513155937195e-01,-9.683741256594670041e-03
6.887059211730957031e-01,-7.727096676826464838e-01,1.040163707733154297e+01,8.069188892841339111e-02,9.339325129985809326e-02,-6.495218258351098846e-03
7.020223736763000488e-01,-8.336898684501635737e-01,1.038541698455810547e+01,7.702481746673583984e-02,8.631023764610290527e-02,-1.162254903465510456e-02
6.932203769683837891e-01,-7.620483040809619135e-01,1.036262893676757812e+01,7.406117767095565796e-02,8.269080519676208496e-02,-1.082189008593560306e-02
6.187576651573181152e-01,-7.538179159164416498e-01,1.041706466674804688e+01,6.844941526651382446e-02,7.519387453794479370e-02,-1.621313579380513278e-02
6.164667606353759766e-01,-7.429172992706286616e-01,1.034734916687011719e+01,6.618621200323104858e-02,6.720514595508575439e-02,-8.805429562926301093e-03
6.320950984954833984e-01,-7.476801276206958002e-01,1.034404373168945312e+01,5.998936668038368225e-02,6.019918620586395264e-02,-1.193891000002623298e-02
6.163763999938964844e-01,-7.369000911712634272e-01,1.032564544677734375e+01,5.465088412165641785e-02,6.071343272924423218e-02,-6.968080997467048822e-03
5.869795083999633789e-01,-7.003506422042834467e-01,1.032828235626220703e+01,4.472214728593826294e-02,5.269113928079605103e-02,-8.520217612385756756e-03
6.066471338272094727e-01,-6.809783577918994135e-01,1.030436420440673828e+01,4.390905797481536865e-02,4.970674589276313782e-02,-1.160468161106110313e-02
6.003690361976623535e-01,-7.077341079711901850e-01,1.030407428741455078e+01,3.643659874796867371e-02,4.316388070583343506e-02,-1.129420194774866625e-02
5.431670546531677246e-01,-6.611547470092761225e-01,1.028408145904541016e+01,3.619483113288879395e-02,4.339163377881050110e-02,-1.077673025429249330e-02
5.535773634910583496e-01,-6.494292616844165034e-01,1.026890945434570312e+01,3.179934248328208923e-02,3.861169144511222839e-02,-7.959416136145596940e-03
5.061959028244018555e-01,-6.301461458206164545e-01,1.028566646575927734e+01,2.961587905883789062e-02,2.971783652901649475e-02,-6.052112206816676748e-03
5.267302989959716797e-01,-6.220282316207873530e-01,1.028051471710205078e+01,2.427502535283565521e-02,3.055888973176479340e-02,-8.405645377933982504e-03
4.877833127975463867e-01,-6.052858233451831049e-01,1.030920410156250000e+01,2.012941427528858185e-02,2.941694296896457672e-02,-1.006498187780380596e-02
4.924840331077575684e-01,-6.216087937355029291e-01,1.028004550933837891e+01,1.221137680113315582e-02,2.120624855160713196e-02,-1.076784916222095663e-02
4.874815046787261963e-01,-5.821766853332507319e-01,1.025636768341064453e+01,9.152813814580440521e-03,1.739608123898506165e-02,-1.027780957520008261e-02
4.137625694274902344e-01,-5.533955693244921870e-01,1.020212173461914062e+01,5.896597635000944138e-03,1.310108229517936707e-02,-5.596215371042491740e-03
4.157988429069519043e-01,-5.647478699684130854e-01,1.018395900726318359e+01,-3.327537793666124344e-03,5.999309010803698626e-03,-3.983991220593453321e-03
4.406105279922485352e-01,-5.304554700851428217e-01,1.021470546722412109e+01,-4.744827747344970703e-03,6.564734037965535250e-03,-6.549329496920109663e-03
4.280359447002410889e-01,-5.262839794158923334e-01,1.023524761199951172e+01,-7.308932952582836151e-03,3.856539027765392390e-03,-5.792198702692986402e-03
3.981369137763977051e-01,-5.026400089263903803e-01,1.019627094268798828e+01,-1.039126422256231308e-02,-3.575257258489729275e-03,-9.191275574266910553e-03
3.342521488666534424e-01,-4.941424727439868159e-01,1.017191028594970703e+01,-1.431046612560749054e-02,-6.865916308015585813e-03,-6.598917767405509081e-03
3.602651357650756836e-01,-4.898791611194598383e-01,1.015219211578369141e+01,-1.425225660204887390e-02,-9.513147175312042236e-03,-2.790490165352820049e-03
3.075788021087646484e-01,-4.546283483505236811e-01,1.015361976623535156e+01,-1.865574158728122711e-02,-1.170485932379961014e-02,-5.941895768046377355e-03
3.319194912910461426e-01,-4.438255429267871088e-01,1.011097049713134766e+01,-2.368226088583469391e-02,-1.686729490756988525e-02,-6.887692026793955022e-03
3.022035658359527588e-01,-4.348584115505206293e-01,1.008969211578369141e+01,-2.933489903807640076e-02,-2.131715975701808929e-02,-4.236908629536626121e-03
3.501296639442443848e-01,-4.450431466102587885e-01,1.006827640533447266e+01,-3.123166784644126892e-02,-2.657530456781387329e-02,-3.981472458690401423e-03
3.064576089382171631e-01,-3.910027146339404291e-01,1.010400867462158203e+01,-3.014758415520191193e-02,-2.594988048076629639e-02,-5.286219995468851435e-03
3.143774271011352539e-01,-4.401959776878344721e-01,1.005049800872802734e+01,-2.844477258622646332e-02,-2.891606092453002930e-02,-1.506546977907415735e-03
2.603033781051635742e-01,-4.108085334300982661e-01,1.006438922882080078e+01,-3.102356567978858948e-02,-2.950122021138668060e-02,-2.139793708920475351e-03
3.008902966976165771e-01,-4.084064960479724116e-01,1.001542472839355469e+01,-3.480196371674537659e-02,-3.347983583807945251e-02,-2.239418448880310924e-03
2.441375702619552612e-01,-4.062002301216113276e-01,1.005551719665527344e+01,-3.895804658532142639e-02,-3.504759073257446289e-02,-2.338388294447170585e-04
2.239904403686523438e-01,-3.699260354042041010e-01,1.003206443786621094e+01,-4.202212020754814148e-02,-4.138757288455963135e-02,-1.490498427301640292e-03
2.263773381710052490e-01,-3.652667105197894282e-01,1.001016998291015625e+01,-4.346354678273200989e-02,-4.099051281809806824e-02,-7.285865722224066452e-04
2.126786112785339355e-01,-3.363161385059344477e-01,1.001803970336914062e+01,-4.497779160737991333e-02,-4.173811525106430054e-02,6.354844663292220528e-04
2.241995930671691895e-01,-3.537557721137988276e-01,1.002325439453125000e+01,-4.959974437952041626e-02,-4.229834675788879395e-02,9.995889849960856027e-04
1.751521080732345581e-01,-2.932249605655657954e-01,9.984317779541015625e+00,-5.363468825817108154e-02,-5.072839558124542236e-02,1.178832841105765432e-03
2.190593034029006958e-01,-3.023077547550189204e-01,9.984077453613281250e+00,-5.501802265644073486e-02,-5.162082985043525696e-02,1.828986569307750791e-03
1.916509568691253662e-01,-3.007736802101123041e-01,9.961450576782226562e+00,-5.343912169337272644e-02,-5.316140130162239075e-02,-1.103038201108568362e-03
1.869838684797286987e-01,-3.057053983211505122e-01,9.904628753662109375e+00,-5.718539655208587646e-02,-5.447332933545112610e-02,8.927461458370156751e-04
1.597965359687805176e-01,-2.954562008380877680e-01,9.932747840881347656e+00,-5.426763743162155151e-02,-5.290025100111961365e-02,4.161757417023187987e-03
1.455507278442382812e-01,-2.905167937278735346e-01,9.941605567932128906e+00,-5.892058834433555603e-02,-6.082396209239959717e-02,3.080233465880162936e-03
1.263407468795776367e-01,-2.334232181310641474e-01,9.939866065979003906e+00,-5.561293289065361023e-02,-6.484805792570114136e-02,3.301503835245974718e-03
1.464715003967285156e-01,-2.876528501510607905e-01,9.893786430358886719e+00,-6.509587168693542480e-02,-6.114349514245986938e-02,3.482574131339795809e-03
1.143359690904617310e-01,-2.429688423871982084e-01,9.846189498901367188e+00,-5.836146697402000427e-02,-6.325147300958633423e-02,2.034091390669353662e-03
6.088328361511230469e-02,-2.377818673849093623e-01,9.922822952270507812e+00,-6.017135828733444214e-02,-6.552316993474960327e-02,2.340274164453157082e-03
9.391719102859497070e-02,-2.586781084537493891e-01,9.894357681274414062e+00,-5.809650197625160217e-02,-6.637933105230331421e-02,4.758231341838844476e-03
6.752023100852966309e-02,-2.307552695274341092e-01,9.853139877319335938e+00,-6.095781922340393066e-02,-6.431775540113449097e-02,4.809917416423566995e-03
7.208709418773651123e-02,-2.225984185934054838e-01,9.831272125244140625e+00,-6.091462820768356323e-02,-7.043016701936721802e-02,3.463851753622302146e-03
9.334532916545867920e-02,-2.154400348663317866e-01,9.905441284179687500e+00,-6.187299638986587524e-02,-6.996470689773559570e-02,3.029524115845569701e-03
3.284807130694389343e-02,-1.888569593429553495e-01,9.857579231262207031e+00,-6.075156852602958679e-02,-7.533833384513854980e-02,4.878045991063127522e-03
6.755521893501281738e-02,-2.123976349830615229e-01,9.863451957702636719e+00,-5.160617828369140625e-02,-7.432266324758529663e-02,2.906763460487136411e-03
2.330159768462181091e-03,-1.663326770067202753e-01,9.887831687927246094e+00,-5.349151417613029480e-02,-7.752884924411773682e-02,6.546246353536853795e-03
3.302805870771408081e-02,-1.662096679210650629e-01,9.916750907897949219e+00,-5.510590970516204834e-02,-7.665053009986877441e-02,4.495728295296440129e-03
2.854321524500846863e-02,-1.724052429199206538e-01,9.895092964172363281e+00,-5.694002658128738403e-02,-8.092133700847625732e-02,9.810004383325587191e-03
4.695175215601921082e-02,-1.378125101327884183e-01,9.819632530212402344e+00,-5.575737357139587402e-02,-7.581502944231033325e-02,3.745423164218673277e-03
1.805853843688964844e-02,-1.850778907537448115e-01,9.891031265258789062e+00,-5.542710423469543457e-02,-8.336894959211349487e-02,2.478439593687663950e-03
-3.267175517976284027e-03,-1.596067547798144803e-01,9.840585708618164062e+00,-5.939015373587608337e-02,-8.271789550781250000e-02,6.774961948394785799e-03
2.412122674286365509e-02,-1.524151563644397245e-01,9.857375144958496094e+00,-6.024065613746643066e-02,-8.403916656970977783e-02,7.610509172081957735e-03
1.131726242601871490e-02,-1.141050383448588695e-01,9.872208595275878906e+00,-6.064502149820327759e-02,-7.754725962877273560e-02,1.973943552002320294e-03
-1.087186858057975769e-03,-1.451239287853229032e-01,9.840766906738281250e+00,-6.412301212549209595e-02,-8.057884126901626587e-02,1.094752177596093265e-02
-6.300441920757293701e-02,-1.370073854923236356e-01,9.814778327941894531e+00,-6.433773785829544067e-02,-7.717612385749816895e-02,5.369277670979509358e-03
-3.359584137797355652e-02,-1.040124818682658520e-01,9.804155349731445312e+00,-6.716609746217727661e-02,-8.077380061149597168e-02,7.084135431796321873e-03
5.049507133662700653e-03,-1.300882250070559965e-01,9.795446395874023438e+00,-6.592351198196411133e-02,-8.009839802980422974e-02,3.418798558413992366e-03
-4.414180666208267212e-02,-9.927369654178500036e-02,9.797708511352539062e+00,-6.956702470779418945e-02,-7.510931044816970825e-02,5.288638174533853535e-03
7.445008493959903717e-03,-1.139732971787440763e-01,9.775190353393554688e+00,-6.818634271621704102e-02,-7.350865006446838379e-02,9.632153436541565986e-03
-3.667230159044265747e-02,-1.150907650589930997e-01,9.773120880126953125e+00,-7.233487069606781006e-02,-7.254298031330108643e-02,4.591334145516165824e-03
-4.651739075779914856e-02,-6.965740770101427892e-02,9.765624046325683594e+00,-6.908813863992691040e-02,-7.414608448743820190e-02,6.734014488756665320e-03
-4.734524339437484741e-02,-8.935625106096146963e-02,9.852577209472656250e+00,-6.906402856111526489e-02,-7.275795936584472656e-02,5.023765377700337501e-03
-4.934972897171974182e-02,-7.441188395023225211e-02,9.822431564331054688e+00,-7.189851999282836914e-02,-7.084254920482635498e-02,5.697586107999095054e-03
-6.900253146886825562e-02,-6.061943992972253920e-02,9.805021286010742188e+00,-6.638726592063903809e-02,-7.389727979898452759e-02,7.633606903254994483e-03
-4.709121957421302795e-02,-6.728627532720446447e-02,9.785894393920898438e+00,-6.974270194768905640e-02,-7.892587035894393921e-02,4.826605785638103489e-03
-7.410078495740890503e-02,-1.021067425608623014e-01,9.782632827758789062e+00,-6.646727025508880615e-02,-7.640402019023895264e-02,5.655569024384031300e-03
-6.346157193183898926e-02,-3.027566149830698480e-02,9.767808914184570312e+00,-6.380975246429443359e-02,-8.249233663082122803e-02,5.178290884941826738e-03
-1.089621260762214661e-01,-7.796360179780708125e-03,9.843567848205566406e+00,-7.007516920566558838e-02,-8.591904491186141968e-02,7.388525642454634584e-03
-1.220723986625671387e-01,-5.763038620352625013e-02,9.782017707824707031e+00,-6.927769631147384644e-02,-7.948010414838790894e-02,2.965720370411882405e-03
-3.025123104453086853e-02,-4.025600478052972914e-02,9.788886070251464844e+00,-6.651649624109268188e-02,-8.158653229475021362e-02,4.536000080406676210e-03
-9.606737643480300903e-02,-3.965820372104524733e-02,9.780436515808105469e+00,-6.735392659902572632e-02,-7.738053053617477417e-02,6.509286817163238530e-03
-9.156296402215957642e-02,-4.823902249336122633e-02,9.800808906555175781e+00,-6.882320344448089600e-02,-7.697051018476486206e-02,7.504371460527191166e-03
-1.197208911180496216e-01,5.446158815176489233e-03,9.752124786376953125e+00,-6.595296412706375122e-02,-7.926620543003082275e-02,6.758141797035942082e-03
-8.437732607126235962e-02,-1.897086203098177770e-02,9.756650924682617188e+00,-6.362503767013549805e-02,-7.849346101284027100e-02,3.743767039850363736e-03
-9.300141781568527222e-02,-2.229812368750452856e-02,9.748952865600585938e+00,-6.508287042379379272e-02,-7.375826686620712280e-02,7.327926810830840201e-03
-1.097844913601875305e-01,-4.690673947334170896e-02,9.709460258483886719e+00,-6.455692648887634277e-02,-7.113726437091827393e-02,6.453145295381554694e-03
-1.273583024740219116e-01,2.545439824462055953e-02,9.729748725891113281e+00,-6.085898727178573608e-02,-7.471494376659393311e-02,1.737526035867640543e-03
-8.032526075839996338e-02,-4.386709630489230710e-02,9.711215019226074219e+00,-6.584828346967697144e-02,-6.747319549322128296e-02,4.482320509850987525e-03
-1.306938976049423218e-01,-6.145038641988042824e-03,9.703781127929687500e+00,-6.734549999237060547e-02,-7.006358355283737183e-02,2.117811702191838355e-03
-1.136655658483505249e-01,8.444420993329284503e-03,9.710209846496582031e+00,-6.177092343568801880e-02,-6.231736019253730774e-02,4.192197695374496637e-03
-1.424332857131958008e-01,-2.104692533612132280e-02,9.710566520690917969e+00,-6.484243273735046387e-02,-6.384606659412384033e-02,5.306799896061428247e-03
-1.082725524902343750e-01,2.892467007041096133e-02,9.694277763366699219e+00,-6.572569161653518677e-02,-6.620472669601440430e-02,5.018432624638088403e-03
-1.331082731485366821e-01,-2.681035175919413774e-02,9.709552764892578125e+00,-5.747314170002937317e-02,-6.077960133552551270e-02,5.239374004304483837e-04
-1.471964716911315918e-01,2.928099967539429804e-02,9.746505737304687500e+00,-5.196454375982284546e-02,-6.252884119749069214e-02,2.991332206875093637e-03
-9.393201768398284912e-02,1.626756787300228865e-02,9.725139617919921875e+00,-5.103375017642974854e-02,-6.007030233740806580e-02,4.422819707542664791e-03
-1.222581565380096436e-01,-2.812966704367399120e-03,9.733548164367675781e+00,-5.183727294206619263e-02,-6.342924386262893677e-02,2.237012609839447198e-03
-1.205425709486007690e-01,3.530519548804765279e-03,9.777036666870117188e+00,-4.686224833130836487e-02,-6.226945295929908752e-02,1.364941825158901651e-03
-1.248095482587814331e-01,1.008366141468405516e-02,9.718737602233886719e+00,-4.439930990338325500e-02,-6.460464000701904297e-02,2.851971425116069971e-03
-9.557012468576431274e-02,1.527939736843227959e-02,9.707406044006347656e+00,-4.160699248313903809e-02,-5.988827720284461975e-02,5.659650545567281033e-03
-1.178766489028930664e-01,3.782339859755041913e-03,9.757091522216796875e+00,-4.790453240275382996e-02,-5.634128674864768982e-02,3.579345298931009556e-03
-1.227913871407508850e-01,7.572991773487335217e-03,9.779067039489746094e+00,-3.870731592178344727e-02,-5.874672532081604004e-02,2.713036490604288798e-03
-1.420790106058120728e-01,1.562768220901608954e-02,9.774594306945800781e+00,-4.215548932552337646e-02,-5.854660272598266602e-02,4.840226378291852261e-03
-1.519863158464431763e-01,3.576447721571921531e-03,9.727337837219238281e+00,-4.319531470537185669e-02,-5.853792279958724976e-02,3.716201521456248980e-03
-1.416075378656387329e-01,4.838711395859837672e-02,9.727028846740722656e+00,-4.469528794288635254e-02,-5.440723150968551636e-02,3.591974265873438665e-03
-1.167198494076728821e-01,2.999990805983662745e-02,9.739700317382812500e+00,-4.211548715829849243e-02,-5.161865055561065674e-02,4.035723861306911818e-03
-1.099272444844245911e-01,3.041245415806890021e-02,9.779339790344238281e+00,-4.371658712625503540e-02,-5.175865814089775085e-02,9.271481540054145754e-04
-1.332795023918151855e-01,1.514163985848545994e-02,9.729040145874023438e+00,-4.337928071618080139e-02,-5.027414858341217041e-02,3.997326421085806896e-04
-1.509401202201843262e-01,4.736241698265195033e-02,9.728730201721191406e+00,-4.649345204234123230e-02,-5.004081130027770996e-02,8.696313598193290044e-04
-1.699969172477722168e-01,1.128436997532963892e-02,9.744169235229492188e+00,-4.503768682479858398e-02,-4.774297028779983521e-02,-1.563760917633766042e-03
-1.565523594617843628e-01,7.625689357519269129e-02,9.754985809326171875e+00,-4.620117694139480591e-02,-4.373628646135330200e-02,5.239425227046018083e-03
-1.589711308479309082e-01,5.193721875548482081e-02,9.754371643066406250e+00,-4.586720839142799377e-02,-4.540694504976272583e-02,8.914404315874035816e-04
-1.463139653205871582e-01,1.624280959367871077e-02,9.713706016540527344e+00,-4.625413566827774048e-02,-4.610142111778259277e-02,2.859086962416773712e-03
-1.758811026811599731e-01,4.873730242252469202e-02,9.769830703735351562e+00,-3.953541442751884460e-02,-4.075208306312561035e-02,3.442312125116591889e-03
-1.393159776926040649e-01,9.097543358802914759e-02,9.748321533203125000e+00,-3.528159856796264648e-02,-3.611792996525764465e-02,2.701383200474127876e-04
-1.693321019411087036e-01,4.248019307851910731e-02,9.767384529113769531e+00,-3.216418623924255371e-02,-4.245752841234207153e-02,3.889080369845037896e-03
-1.558323055505752563e-01,6.579412519931912562e-02,9.759769439697265625e+00,-3.297626599669456482e-02,-3.738239035010337830e-02,7.810755632817790745e-04
-1.017939448356628418e-01,7.999965548515439173e-02,9.757539749145507812e+00,-3.045615181326866150e-02,-3.847666829824447632e-02,2.675160532817249300e-03
-1.448095291852951050e-01,8.719991147518277308e-02,9.788726806640625000e+00,-3.097987920045852661e-02,-3.694880753755569458e-02,-1.160508254542901550e-04
-1.241326630115509033e-01,3.593215346336484789e-02,9.818815231323242188e+00,-3.068422526121139526e-02,-3.953678160905838013e-02,5.539062432944779832e-03
-1.464036107063293457e-01,7.345994561910748621e-02,9.748281478881835938e+00,-2.969590388238430023e-02,-3.478661552071571350e-02,2.266645198687915370e-03
-1.493972688913345337e-01,6.800421327352644540e-02,9.812444686889648438e+00,-2.326134964823722839e-02,-3.089249879121780396e-02,-6.159305572509762156e-03
-1.578365117311477661e-01,4.244903475046277880e-02,9.820582389831542969e+00,-2.399757876992225647e-02,-3.472518920898437500e-02,7.525081746280235613e-04
-1.993501931428909302e-01,4.505243152380109667e-02,9.790050506591796875e+00,-2.470573782920837402e-02,-3.364508599042892456e-02,2.081732032820586727e-03
-1.587676852941513062e-01,5.899004638195157191e-02,9.747651100158691406e+00,-2.092563919723033905e-02,-2.664396353065967560e-02,1.285708276554945384e-03
-1.756340563297271729e-01,2.501201257109761725e-02,9.765155792236328125e+00,-2.903357893228530884e-02,-2.936621010303497314e-02,2.398393349722031248e-03
-1.390440165996551514e-01,5.674901604652524134e-02,9.749841690063476562e+00,-3.241797536611557007e-02,-2.436887845396995544e-02,2.702502999454739745e-03
-8.216152340173721313e-02,5.617056041956067919e-02,9.791602134704589844e+00,-2.803977392613887787e-02,-2.265033125877380371e-02,-1.889801642391803036e-04
-1.455626189708709717e-01,5.129977688193441271e-02,9.794343948364257812e+00,-3.115426562726497650e-02,-2.074767276644706726e-02,3.125822986476148812e-04
-1.818897873163223267e-01,3.935297206044317125e-02,9.783512115478515625e+00,-2.520042844116687775e-02,-2.196039445698261261e-02,2.997529692947867135e-03
-1.852208077907562256e-01,2.226385287940621863e-02,9.775197982788085938e+00,-2.543987706303596497e-02,-2.565460838377475739e-02,-4.828750970773367434e-04
-1.323430240154266357e-01,5.340225994587064623e-02,9.805526733398437500e+00,-2.757786773145198822e-02,-2.368726581335067749e-02,-3.635028842836615388e-03
-1.540945172309875488e-01,8.012117445469021937e-02,9.798135757446289062e+00,-3.242694586515426636e-02,-1.940510980784893036e-02,2.740814117714764856e-03
-1.673072576522827148e-01,3.388461843133092760e-02,9.821853637695312500e+00,-3.077538684010505676e-02,-2.418597787618637085e-02,-1.877866801805791203e-03
-1.526755243539810181e-01,5.622772127390027880e-02,9.798686981201171875e+00,-3.094470314681529999e-02,-2.329381369054317474e-02,-1.479107886552807850e-03
-1.222068667411804199e-01,5.036560073495031931e-02,9.841882705688476562e+00,-3.212596476078033447e-02,-2.444815263152122498e-02,-4.241422750055787345e-03
-1.231613457202911377e-01,4.204446822404981493e-02,9.816102027893066406e+00,-2.555431239306926727e-02,-2.261266298592090607e-02,-8.945897570810935591e-05
-1.378655135631561279e-01,4.635559022426725267e-02,9.819765090942382812e+00,-2.669867314398288727e-02,-2.575339004397392273e-02,-1.066888915374871816e-03
-1.138905957341194153e-01,6.049727648496747850e-02,9.821214675903320312e+00,-2.909862063825130463e-02,-2.588742226362228394e-02,3.599858377128842529e-03
-1.366003304719924927e-01,4.410720616579175829e-02,9.811216354370117188e+00,-2.785346098244190216e-02,-2.599530108273029327e-02,1.411623437888923560e-03
-1.412177234888076782e-01,6.079936772585035898e-02,9.844832420349121094e+00,-2.710852213203907013e-02,-2.631423994898796082e-02,-7.323297904804316420e-04
-1.476303935050964355e-01,2.714288607239843942e-02,9.845381736755371094e+00,-2.276270650327205658e-02,-2.408464252948760986e-02,2.007295144721868690e-03
-1.173562034964561462e-01,5.465232580900312997e-02,9.832868576049804688e+00,-2.575433999300003052e-02,-2.059595100581645966e-02,2.961850259453060845e-03
-1.360411196947097778e-01,1.718086190521837461e-02,9.837251663208007812e+00,-2.462115325033664703e-02,-1.992073096334934235e-02,-3.696474479511377594e-03
-1.318874359130859375e-01,2.652662992477536688e-02,9.776885986328125000e+00,-2.428569644689559937e-02,-1.738308928906917572e-02,7.736110710538945424e-04
-1.267022192478179932e-01,5.076745152473570444e-02,9.867324829101562500e+00,-2.014137431979179382e-02,-1.985416375100612640e-02,1.133365556597712041e-03
-1.196583062410354614e-01,5.541270598769307970e-02,9.815007209777832031e+00,-2.097379229962825775e-02,-2.123207040131092072e-02,2.273780759423973778e-03
-1.373873800039291382e-01,5.863691121339918016e-02,9.785883903503417969e+00,-2.273497916758060455e-02,-1.592026464641094208e-02,1.174931298010053202e-03
-1.237730309367179871e-01,5.944062769413114428e-02,9.786124229431152344e+00,-2.339525893330574036e-02,-1.524689514189958572e-02,-4.020131193101404363e-03
-1.098157465457916260e-01,4.183860123157621264e-02,9.821548461914062500e+00,-2.006710879504680634e-02,-1.037315372377634048e-02,3.486058907583357205e-03
-1.738861352205276489e-01,7.508298009634137293e-02,9.793278694152832031e+00,-2.089813537895679474e-02,-8.394946344196796417e-03,2.418701536953450117e-03
-1.122813597321510315e-01,4.689151421189428209e-02,9.824048042297363281e+00,-1.661439798772335052e-02,-7.094542030245065689e-03,-1.496549695730208483e-03
-1.251860857009887695e-01,6.087893247604490854e-02,9.843692779541015625e+00,-1.940375939011573792e-02,-8.267185650765895844e-03,-3.749044612050055590e-03
-1.379189342260360718e-01,-1.245055161416409872e-02,9.858949661254882812e+00,-1.763971894979476929e-02,-7.436560466885566711e-03,1.588108134455988086e-04
-1.672787070274353027e-01,2.384727448225141405e-02,9.804615020751953125e+00,-1.057348493486642838e-02,-1.440755557268857522e-03,3.636960173025727272e-03
-1.188715696334838867e-01,6.510660797357679941e-02,9.833407402038574219e+00,-1.111259777098894119e-02,-2.436298644170165062e-03,1.068666577339172580e-03
-1.269089579582214355e-01,1.499246433377386147e-02,9.820043563842773438e+00,-5.450455471873283386e-03,3.382427850738167763e-03,8.596219122409816220e-04
-1.038370057940483093e-01,4.446935653686644174e-02,9.842011451721191406e+00,-3.253599163144826889e-03,4.659846425056457520e-03,-2.405028324574232535e-03
-1.207102909684181213e-01,1.608136110007883299e-02,9.839287757873535156e+00,-5.331577267497777939e-03,8.481825701892375946e-03,6.064154440537084228e-04
-1.026142686605453491e-01,8.519253879785658456e-02,9.859184265136718750e+00,-4.048503004014492035e-03,3.903729841113090515e-03,-3.992302808910613171e-04
-1.620499789714813232e-01,6.673300266265989877e-02,9.852905273437500000e+00,-1.014569867402315140e-02,8.826616220176219940e-03,-2.308787079527974996e-03
-1.285039186477661133e-01,2.905353158712508169e-02,9.890673637390136719e+00,-9.417055174708366394e-03,9.534288197755813599e-03,4.462860524654376502e-04
-1.159333586692810059e-01,2.071036025881888010e-02,9.846421241760253906e+00,-7.074120454490184784e-03,1.098720170557498932e-02,-2.289631229359670125e-04
-1.414332687854766846e-01,3.268560022115828134e-02,9.832207679748535156e+00,-3.987491596490144730e-03,1.079361606389284134e-02,-4.548548895400030510e-04
-1.415773183107376099e-01,5.869394913315893747e-02,9.861047744750976562e+00,-9.224737063050270081e-03,9.377802722156047821e-03,-6.226847181096684938e-04
-9.033073484897613525e-02,8.122688159347505113e-03,7.552761077880859375e+00,-6.834213621914386749e-03,7.212548982352018356e-03,1.485196873545645800e-03
-7.664664089679718018e-02,-1.549041550606423609e-02,5.360998630523681641e+00,-6.207113619893789291e-03,7.268072222359480642e-04,1.580340438522398472e-03
-1.230742931365966797e-01,1.971266232430989723e-02,4.471637725830078125e+00,-2.932041417807340622e-03,2.374653005972504616e-03,-8.831410668790343676e-04
-1.043103858828544617e-01,3.903864324092917032e-02,4.239725112915039062e+00,-6.153381895273923874e-03,6.562351714819669724e-03,-3.002067562192679319e-03
-8.516793698072433472e-02,2.154283970594459904e-02,4.396876335144042969e+00,-9.062695316970348358e-03,4.244722891598939896e-03,-3.512462135404348807e-03
-1.572970896959304810e-01,6.232016533613263243e-02,4.785386085510253906e+00,-8.777563460171222687e-03,1.201981329359114170e-03,-2.486560842953623967e-04
-1.141228899359703064e-01,2.518857456743782072e-02,5.291393756866455078e+00,-1.103354338556528091e-02,2.685596002265810966e-03,5.174859543330964174e-04
-1.012072861194610596e-01,2.827173471450875747e-02,5.735466957092285156e+00,-1.597112230956554413e-02,-1.147825852967798927e-03,-1.019793562591075680e-03
-1.118294000625610352e-01,-1.642417162656016876e-03,6.264597415924072266e+00,-7.556936237961053848e-03,-2.849113370757548375e-04,1.308450940996408463e-03
-1.045705825090408325e-01,-1.956975087522635093e-03,6.740404129028320312e+00,-1.317186839878559113e-02,-2.573942765593528748e-03,-7.764211622998115148e-04
-1.248679533600807190e-01,2.131855301559058488e-02,7.112947463989257812e+00,-1.304687932133674622e-02,-7.254703436046838760e-03,1.823244674596944455e-04
-9.367409348487854004e-02,1.110609062016103092e-02,7.579692840576171875e+00,-1.442283391952514648e-02,-6.377289537340402603e-03,-2.183562610298387296e-04
-1.099169924855232239e-01,2.866619452834225437e-02,7.859894752502441406e+00,-1.105354540050029755e-02,-1.498881354928016663e-02,3.450733376666905231e-03
-1.228024661540985107e-01,-1.237186044454474318e-02,8.187998771667480469e+00,-4.353778902441263199e-03,-7.096022833138704300e-03,3.305571444798269601e-04
-1.113046854734420776e-01,-1.088104769587413742e-02,8.420102119445800781e+00,-7.541464641690254211e-03,-1.033549942076206207e-02,-1.471567200496791492e-03
-1.133088171482086182e-01,2.115710824728117556e-02,8.623202323913574219e+00,-7.661157753318548203e-03,-1.093553192913532257e-02,5.812219344079496211e-03
-1.094525679945945740e-01,2.077943459153283601e-02,8.834125518798828125e+00,-6.009470671415328979e-04,-8.319833315908908844e-03,-2.115155337378381815e-03
-1.198772192001342773e-01,3.778335452079883278e-02,8.999033927917480469e+00,-2.771125175058841705e-03,-6.827959790825843811e-03,-2.469365019351243105e-03
-1.050611287355422974e-01,7.597210351378846233e-03,9.152323722839355469e+00,-1.690822420641779900e-03,-6.853300612419843674e-03,1.130852324422457276e-04
-9.957689791917800903e-02,-6.247524172066504233e-03,9.291861534118652344e+00,-2.177878341171890497e-04,-7.655059918761253357e-03,-1.317904214374720183e-03
-1.298018842935562134e-01,9.839057922364429637e-03,9.384171485900878906e+00,1.304152421653270721e-03,-7.290934678167104721e-03,5.113283987157055469e-04
-1.481160074472427368e-01,1.459451019764062586e-02,9.473399162292480469e+00,1.124462694860994816e-03,-5.080478265881538391e-03,2.424149715807295119e-04
-1.140311062335968018e-01,1.787809655070421097e-02,9.498558044433593750e+00,4.540366120636463165e-03,-4.983003251254558563e-03,1.731744268909097368e-03
-1.216422319412231445e-01,1.454898528754829286e-02,9.640586853027343750e+00,3.644583513960242271e-03,-7.507333648391066898e-04,1.137127284891903400e-03
-1.075335517525672913e-01,2.423941716551899356e-02,9.677954673767089844e+00,2.118148608133196831e-03,2.227880759164690971e-03,5.180007428862151231e-04
-5.133076384663581848e-02,2.453897707164406569e-02,9.716682434082031250e+00,4.732194356620311737e-03,4.412936978042125702e-03,1.946238218806683584e-03
-9.858243912458419800e-02,2.218348160386204859e-02,9.743691444396972656e+00,1.543615362606942654e-04,8.675692602992057800e-03,-1.697311876341701638e-03
-7.293175160884857178e-02,2.405567467212796698e-02,9.778776168823242188e+00,3.336337395012378693e-03,6.266905926167964935e-03,-1.035744091495872411e-03
-1.009036973118782043e-01,3.388503938913465380e-02,9.802061080932617188e+00,1.526798820123076439e-03,6.996837910264731321e-03,3.552101319655775157e-03
-1.212553828954696655e-01,-1.005310658365367836e-02,9.813965797424316406e+00,2.309532836079597473e-03,1.699779764749109962e-03,2.423139754682779312e-03
-6.819964200258255005e-02,-2.012821659445642591e-02,9.794024467468261719e+00,8.474828209728002548e-04,-1.333073130808770657e-03,-3.976919106207786364e-04
-1.067224964499473572e-01,-3.494070842862008475e-02,9.853325843811035156e+00,2.067052060738205910e-03,4.828697536140680313e-03,-1.385688199661672766e-03
-6.690457463264465332e-02,1.173030305653931758e-02,9.908467292785644531e+00,-8.764560334384441376e-04,-1.065897638909518719e-03,-2.432884648442267016e-04
-1.036919727921485901e-01,4.314794391393782236e-02,9.846759796142578125e+00,9.688537102192640305e-04,2.137422794476151900e-03,1.849128166213631413e-03
-8.450936526060104370e-02,-4.490909166632874559e-03,9.864237785339355469e+00,2.999724238179624081e-04,1.752040581777691841e-03,5.859019001945851065e-04
-7.939021289348602295e-02,2.949041314424292928e-03,9.870831489562988281e+00,-1.597489928826689720e-03,4.832618869841098785e-03,-1.047000754624605829e-03
-8.194683492183685303e-02,2.385960146784903146e-02,9.860102653503417969e+00,-2.407165302429348230e-04,-5.205537891015408255e-04,1.792181283235549927e-03
-1.238403990864753723e-01,4.906542599201323129e-02,9.884108543395996094e+00,1.357017783448100090e-03,-1.986519491765650295e-04,-1.718820771202445030e-03
-6.130577996373176575e-02,9.184448979796188198e-03,9.866889953613281250e+00,-2.679772442206740379e-04,2.937938552349805832e-03,-8.839286165311935816e-04
-9.012618660926818848e-02,4.171133972705620523e-03,9.879318237304687500e+00,1.413603778928518295e-03,9.741983376443386078e-04,-3.255507908761502396e-04
-1.120401024818420410e-01,1.860274560749651876e-02,9.880870819091796875e+00,-1.386882271617650986e-03,1.212667790241539478e-03,5.400311201810835708e-04
-1.401100605726242065e-01,-2.332510799169419322e-02,9.881427764892578125e+00,1.929651247337460518e-03,2.136678900569677353e-03,-4.809913807548585264e-04
-1.361680924892425537e-01,7.650810293854497235e-03,9.915136337280273438e+00,5.965711548924446106e-03,6.129043176770210266e-03,9.025053004734210531e-04
-1.311483383178710938e-01,-1.518748607486365698e-02,9.855764389038085938e+00,1.113214297220110893e-03,1.920738373883068778e-03,1.405287883244454644e-03
-6.776137650012969971e-02,-9.556639008222799631e-03,9.881695747375488281e+00,-5.057503934949636459e-03,6.447924301028251648e-03,1.851971494033931818e-03
-8.429785072803497314e-02,3.313260525465132333e-02,9.860937118530273438e+00,1.551767811179161072e-03,9.341068565845489502e-03,1.209476031363009322e-03
-8.333962410688400269e-02,-1.049242541193841187e-02,9.870825767517089844e+00,-4.795356071554124355e-04,8.304949849843978882e-03,-1.732343516778211165e-04
-7.475396245718002319e-02,2.984332665801169363e-02,9.881243705749511719e+00,1.351582468487322330e-03,9.188882075250148773e-03,4.809349775314218569e-05
-1.118573769927024841e-01,3.179332986474157907e-02,9.861617088317871094e+00,4.791758488863706589e-03,1.170451566576957703e-02,3.110349352937177630e-04
-6.497758626937866211e-02,1.077362615615250381e-02,9.867831230163574219e+00,-1.400849665515124798e-03,6.943929009139537811e-03,-1.875697867944837484e-03
-8.105567097663879395e-02,-1.450180262327073130e-02,9.888385772705078125e+00,6.914908299222588539e-04,5.197340156883001328e-03,1.904187840409576242e-03
-1.080459356307983398e-01,-3.172335773706314727e-02,9.901963233947753906e+00,3.851564135402441025e-03,4.541995003819465637e-03,-8.197036222554748711e-04
-7.786330580711364746e-02,-1.486950088292239222e-02,9.882257461547851562e+00,4.958034958690404892e-03,-1.900493865832686641e-03,-1.499607111327349923e-03
-1.247411668300628662e-01,-8.465807884930353494e-03,9.880870819091796875e+00,1.206323131918907166e-02,5.582766025327147138e-04,1.217251876369118690e-03
-1.063774526119232178e-01,7.594086695463676123e-03,9.883729934692382812e+00,6.779458839446306229e-03,3.008782397955656052e-03,6.437389529310163583e-04
-1.020774543285369873e-01,1.575817540288093274e-02,9.952619552612304688e+00,6.809762679040431976e-03,-3.068820340558886528e-03,-3.883759491145607015e-04
-1.084979847073554993e-01,-5.642878822981100412e-03,9.888292312622070312e+00,3.798500169068574905e-03,-3.959778696298599243e-03,1.050105202011768928e-04
-5.718070268630981445e-02,-2.257054671643950183e-03,9.915203094482421875e+00,5.913505796343088150e-03,1.751554198563099341e-03,3.532740520313382149e-03
-9.614558517932891846e-02,2.822111174464347200e-02,9.908551216125488281e+00,5.500320810824632645e-03,3.646288241725409570e-04,-4.621646832674741745e-03
-1.044057756662368774e-01,7.144966162742391602e-03,9.861398696899414062e+00,1.225242950022220612e-02,6.288864184170960513e-03,-5.295356269925833616e-03
-5.743808671832084656e-02,1.301203388720871719e-02,9.879581451416015625e+00,8.060524240136146545e-03,8.474255912005901337e-03,-1.049930928274990212e-03
-8.238578587770462036e-02,7.216254714877624182e-03,9.886822700500488281e+00,3.642492927610874176e-03,1.549906446598469994e-03,-2.149915555492043495e-03
-8.610107749700546265e-02,2.241010963916899648e-02,9.876521110534667969e+00,3.240925259888172150e-03,3.241846337914466424e-03,-3.668456338346004920e-03
-9.020296484231948853e-02,1.902925223112227407e-02,9.886768341064453125e+00,2.887399168685078621e-03,8.510894142091274261e-03,-1.303102355450392854e-03
-9.499379992485046387e-02,1.538719050587435740e-03,9.897233963012695312e+00,7.450401782989501953e-03,8.395437151193618774e-03,1.135691185481845248e-03
-5.846438556909561157e-02,2.159697562456251371e-02,9.821219444274902344e+00,3.681079018861055374e-03,5.090441554784774780e-03,2.171040978282627707e-05
-8.953750878572463989e-02,-6.895825266836862026e-03,9.892981529235839844e+00,3.973132930696010590e-03,1.088157389312982559e-02,-2.876193728297950138e-03
-7.384736835956573486e-02,-8.903379552065117039e-03,9.872407913208007812e+00,5.908199120312929153e-03,5.219812504947185516e-03,-3.093090374022722678e-03
-7.942788302898406982e-02,-2.140238136052964243e-02,9.877366065979003906e+00,6.290353368967771530e-03,1.148137263953685760e-02,8.783198427408919545e-04
-1.032897010445594788e-01,1.799899339676024057e-02,9.861921310424804688e+00,7.817722856998443604e-03,5.150076001882553101e-03,2.223993651568889184e-03
-6.368354707956314087e-02,9.815030731261987357e-03,9.891970634460449219e+00,5.374553613364696503e-03,7.417056709527969360e-03,5.307223182171574502e-04
-4.649905487895011902e-02,1.087792031467081644e-02,9.865570068359375000e+00,4.786792676895856857e-03,4.473265260457992554e-03,1.711830031126736944e-03
-8.449964970350265503e-02,7.957578636707082764e-03,9.864836692810058594e+00,6.459495052695274353e-03,2.952579641714692116e-03,1.049509737640618844e-03
-8.974598348140716553e-02,1.297603920102240529e-02,9.884246826171875000e+00,5.247290711849927902e-03,3.003313438966869874e-03,-5.054199136793613434e-03
-9.655012190341949463e-02,3.289991058410421387e-03,9.857746124267578125e+00,1.193681359291076660e-02,4.500381648540497694e-03,5.138215608894824114e-03
-7.295437902212142944e-02,1.255448441952588395e-02,9.911264419555664062e+00,7.666890509426593781e-03,6.560798268765211105e-03,5.076092202216379206e-04
-5.227212607860565186e-02,-2.808398380875466380e-02,9.881263732910156250e+00,9.143361821770668030e-03,6.998967379331588745e-03,-1.640119298826911778e-04
-9.812380373477935791e-02,-7.415689527987225603e-03,9.862992286682128906e+00,6.665377877652645111e-03,5.933699198067189130e-03,4.159505013376473513e-03
-7.805627584457397461e-02,1.431281864643217314e-02,9.829335212707519531e+00,2.821638947352766991e-03,2.448664046823978424e-03,1.015071524307131550e-03
-5.922135710716247559e-02,3.300151601433874704e-02,9.873476982116699219e+00,6.888251286000013351e-03,4.101317375898361206e-03,-1.272693509235978560e-03
-4.844136908650398254e-02,1.035994663834692749e-02,9.879096031188964844e+00,4.568061791360378265e-03,5.592924542725086212e-03,3.518030513077973452e-03
-1.017703860998153687e-01,-2.964466065168260001e-02,9.864657402038574219e+00,8.774601854383945465e-03,8.254228159785270691e-03,1.244331360794502689e-05
-5.170131102204322815e-02,-3.234114497899888419e-02,9.870737075805664062e+00,2.931515686213970184e-03,8.063037879765031987e-03,-7.228467613458634290e-03
-8.699648082256317139e-02,-3.454780206084130667e-02,9.869361877441406250e+00,4.077964928001165390e-03,7.579005323350429535e-03,7.903149817138900536e-04
-1.094179749488830566e-01,1.925864443183065988e-02,9.867990493774414062e+00,4.802836570888757706e-03,4.176006652414798737e-03,1.885036239400505586e-03
-6.032023578882217407e-02,1.413766108453394857e-02,9.883908271789550781e+00,1.621085219085216522e-03,9.637855924665927887e-03,1.662859693169592727e-03
-1.236731261014938354e-01,9.252064861358417699e-03,9.849029541015625000e+00,3.883555764332413673e-03,7.437034044414758682e-03,2.250106539577244845e-03
-9.665849804878234863e-02,3.727053478360297517e-02,9.893093109130859375e+00,3.646377241238951683e-03,1.094486285001039505e-02,-2.513009123504163136e-03
-9.544959664344787598e-02,-1.035861112177250895e-02,9.885150909423828125e+00,6.812591105699539185e-03,8.602252230048179626e-03,-1.226442516781390797e-03
-8.076123148202896118e-02,-8.009941317139845224e-03,9.889968872070312500e+00,3.931688144803047180e-03,8.007056079804897308e-03,-3.560282348189512712e-04
-1.050005257129669189e-01,-1.303829718381045374e-02,9.892262458801269531e+00,9.263209067285060883e-03,6.032806355506181717e-03,-1.199477934278548414e-03
-5.700406432151794434e-02,5.590334534646289669e-03,9.872529983520507812e+00,4.909192677587270737e-03,6.583922076970340990e-04,1.807454624213278294e-03
-6.634658575057983398e-02,-2.174876257777093314e-02,9.862654685974121094e+00,8.387801237404346466e-03,1.738230348564683307e-04,-8.136523538269102573e-04
-5.562633648514747620e-02,1.916321739554525949e-02,9.844750404357910156e+00,8.114488795399665833e-03,-4.682400729507207870e-03,-1.844078185968100374e-03
-5.934739112854003906e-02,1.100347470492245468e-02,9.879305839538574219e+00,5.454287864267826080e-03,-2.147594233974814415e-03,-5.031380569562313772e-04
-6.375769525766372681e-02,2.066301181913632583e-03,9.884914398193359375e+00,7.974623702466487885e-03,1.423496287316083908e-03,2.988120832014827294e-04
-6.709157675504684448e-02,2.689347974956156004e-02,9.830393791198730469e+00,4.692220129072666168e-03,-4.367057234048843384e-03,1.910606282763183551e-03
-3.461418673396110535e-02,2.575448155403257597e-02,9.839282035827636719e+00,5.079916678369045258e-03,-2.489598933607339859e-03,-1.597658148966729424e-03
-5.698916316032409668e-02,6.321381777526157222e-03,9.872357368469238281e+00,7.105683442205190659e-03,-4.870271310210227966e-03,-3.614546440076076982e-04
-6.414516270160675049e-02,-4.879126697778580352e-02,9.889462471008300781e+00,9.600777179002761841e-03,1.669036573730409362e-03,1.809802139177918217e-03
-5.594198405742645264e-02,-1.454012468457101075e-02,9.869774818420410156e+00,3.086445853114128113e-03,9.296704665757715702e-04,-1.113144389819354903e-04
-1.326261907815933228e-01,6.607316900045886142e-03,9.851427078247070312e+00,3.016119590029120445e-03,-2.449340187013149261e-03,-4.748288192786273088e-04
-8.346393704414367676e-02,-1.683394797146199953e-02,9.821306228637695312e+00,1.051354687660932541e-02,5.351324565708638105e-03,3.607875667512415972e-03
-9.520490467548370361e-02,-1.442052237689374350e-02,9.858106613159179688e+00,1.987074967473745346e-03,3.985989838838577271e-03,1.171258045360445543e-03
-9.561496973037719727e-02,1.774396002292754140e-02,9.897986412048339844e+00,3.588112536817789078e-03,4.811250139027833939e-03,-2.664128085598350005e-03
-4.753104597330093384e-02,-3.516368195414423109e-02,9.825466156005859375e+00,4.758654627948999405e-03,9.186733514070510864e-03,-1.856313319876801431e-04
-6.133138760924339294e-02,1.287341676652552051e-02,9.842462539672851562e+00,3.616546746343374252e-03,8.572794031351803649e-04,-6.075443816371263158e-04
-9.896968305110931396e-02,-2.915553189813969992e-02,9.857766151428222656e+00,6.585128605365753174e-03,-1.010270643746482921e-04,-2.102749422192573547e-03
-6.695372611284255981e-02,9.163876995445508628e-03,9.888884544372558594e+00,1.366614946164190769e-03,4.545049276202917099e-03,-1.173664350062614275e-04
-2.726437523961067200e-02,-8.258358575402482971e-03,9.856283187866210938e+00,-2.015064470469951630e-03,6.736655719578266144e-03,-2.518940949812532339e-03
-7.087785750627517700e-02,2.734133973718899484e-03,9.880715370178222656e+00,-1.466419082134962082e-03,-1.578782685101032257e-03,-1.754006079863754998e-04
-5.791620165109634399e-02,7.183917798103110243e-03,9.866975784301757812e+00,-1.594435190781950951e-03,-2.258835127577185197e-03,1.947436947375536182e-03
-5.931464582681655884e-02,4.036363214254500009e-02,9.884308815002441406e+00,1.445843256078660488e-03,-1.152253244072198868e-02,-9.008795022964463444e-04
-4.166380316019058228e-02,1.105855219066263599e-02,9.842374801635742188e+00,8.358503691852092743e-06,-9.603779762983322144e-03,-6.295519415289151663e-04
-9.499997645616531372e-02,-3.154558315873025320e-02,9.882839202880859375e+00,-5.373540334403514862e-04,-9.156493470072746277e-03,-4.487333353608845797e-03
-3.675512596964836121e-02,1.735156774520995107e-02,9.884051322937011719e+00,1.370975514873862267e-03,-1.120136119425296783e-02,-2.226539887487887035e-03
-7.985652983188629150e-02,5.962445400656476990e-03,9.857019424438476562e+00,2.180423121899366379e-03,-1.263246778398752213e-02,3.071999526582674012e-04
-4.325365275144577026e-02,1.387184485794321293e-03,9.860516548156738281e+00,3.654329571872949600e-03,-5.767294671386480331e-03,1.851828274084262147e-04
-7.174011319875717163e-02,2.364536747337600206e-03,9.901572227478027344e+00,4.717972129583358765e-03,-6.068828981369733810e-03,-9.613282745704047243e-04
-6.348683685064315796e-02,4.829739034175993539e-02,9.873829841613769531e+00,3.385315183550119400e-03,-9.591924957931041718e-03,2.312382450327278485e-03
-8.904369920492172241e-02,1.907665841281534422e-02,9.817173004150390625e+00,6.110114045441150665e-03,-8.230691775679588318e-03,-2.140621189028023806e-03
-5.122030898928642273e-02,-8.256085216997848322e-03,9.844341278076171875e+00,1.205277396366000175e-03,1.676736865192649580e-04,-1.660641864873468876e-03
-7.631170004606246948e-02,1.429659500718237497e-02,9.852397918701171875e+00,-3.054448170587420464e-03,-5.856712814420462522e-03,-4.542924929410218325e-03
-9.199422597885131836e-02,2.823078446090341795e-02,9.829384803771972656e+00,2.009127638302743435e-04,3.592716529965401780e-04,7.997845532372593880e-04
-1.009057760238647461e-01,4.998121876270787169e-03,9.866900444030761719e+00,2.666121348738670349e-03,8.411853341385719992e-04,-1.494357595220208168e-03
-7.188234478235244751e-02,-1.222412381321071051e-02,9.857120513916015625e+00,5.641030147671699524e-04,-1.268507912755013380e-03,-6.429765839129686356e-03
-4.692378267645835876e-02,-1.807411573827145956e-02,9.845316886901855469e+00,-1.032009022310376167e-03,3.908295650035142899e-03,2.036767778918146653e-03
-7.965174317359924316e-02,-6.166639737783657753e-03,9.837435722351074219e+00,8.760087075643241405e-04,4.380470607429742813e-03,2.273357938975095315e-03
-7.791015505790710449e-02,-1.093272864818452261e-02,9.856617927551269531e+00,3.140250220894813538e-03,3.318207105621695518e-03,-1.711807795800269084e-03
-4.803940653800964355e-02,2.786665968597056703e-02,9.914679527282714844e+00,7.205498986877501011e-04,5.382907111197710037e-03,-1.914273132570088560e-03
-5.910735949873924255e-02,1.151770632714154037e-02,9.873657226562500000e+00,-2.238486893475055695e-03,2.791361650452017350e-03,-2.507732482627034621e-03
-6.031801179051399231e-02,-2.662944793701051138e-02,9.868465423583984375e+00,4.954804317094385624e-04,3.522752784192561670e-03,-3.353290725499391989e-03
-6.065813079476356506e-02,4.323785007000090219e-02,9.865526199340820312e+00,1.613088534213602543e-03,-5.644697230309247971e-03,-2.222785027697681513e-03
-3.822762146592140198e-02,1.909790188074232328e-02,9.839684486389160156e+00,4.374668351374566555e-04,-5.360542796552181244e-03,-1.203091582283376997e-03
-6.135559827089309692e-02,-2.196784503757832907e-02,9.863348007202148438e+00,-5.884955171495676041e-04,-3.683420596644281907e-03,2.359862439334392981e-03
-7.398359477519989014e-02,-6.175935268400892242e-03,9.860665321350097656e+00,4.841991467401385307e-04,-6.105584092438220978e-03,1.459150225855417688e-04
-7.317817211151123047e-02,-2.362804114818451914e-02,9.889123916625976562e+00,-4.028265830129384995e-03,-7.457548636011777140e-04,1.376061118207871914e-03
-6.670658290386199951e-02,-2.200271934269648795e-03,9.879176139831542969e+00,3.217406803742051125e-03,-4.672148730605840683e-03,2.220724243670702414e-03
-2.229655161499977112e-02,8.558790199459806458e-03,9.856979370117187500e+00,-8.469583699479699135e-04,-8.415084332227706909e-03,2.503723138943315420e-03
-7.609950006008148193e-02,-5.966885387897370024e-02,9.887375831604003906e+00,-1.384803210385143757e-03,-4.366606008261442184e-03,6.227164994925265965e-04
-5.600865557789802551e-02,2.525031566621077379e-03,9.834375381469726562e+00,1.322477823123335838e-03,1.654655556194484451e-03,1.034724409691989205e-03
-4.541794210672378540e-02,5.078525282443780570e-03,9.885864257812500000e+00,-3.676217515021562576e-03,-8.104711305350065231e-04,1.046471152221784944e-04
-7.197576016187667847e-02,1.709635183215261339e-02,9.814935684204101562e+00,8.471991750411689281e-04,1.147248432971537547e-03,3.198962891474366188e-03
-7.963457703590393066e-02,-1.184653583913920956e-02,9.840661048889160156e+00,-1.477451529353857040e-03,3.078633162658660520e-04,-8.973801741376519203e-04
-6.633035838603973389e-02,1.753458380699278105e-02,9.838154792785644531e+00,2.753294073045253754e-03,1.591390609974041039e-04,-4.306951304897665977e-04
-4.753148555755615234e-02,-5.371123552201646876e-05,9.859258651733398438e+00,1.813748851418495178e-03,8.237464353442192078e-04,-3.195521421730519425e-04
-5.029582977294921875e-02,-2.228801883756994021e-02,9.844611167907714844e+00,5.364784505218267441e-03,-5.574933020398017492e-04,2.290555043146014214e-03
-5.870129168033599854e-02,4.446893185377241015e-02,9.820105552673339844e+00,2.143359044566750526e-03,3.290718421339988708e-03,1.738414866849779649e-03
-5.352306738495826721e-02,8.744055405260341488e-03,9.873682022094726562e+00,2.750790212303400040e-03,5.855799652636051178e-03,1.586107071489095037e-03
-2.668646723031997681e-02,-3.439142554998277090e-02,9.843091011047363281e+00,-3.709698561578989029e-03,3.337927046231928198e-04,2.248065778985619545e-03
-4.728372395038604736e-02,9.250814095140709112e-03,9.844568252563476562e+00,-1.181813422590494156e-03,9.062523022294043410e-04,-1.166574540548026779e-03
-7.465317845344543457e-02,-4.914475604890567936e-03,9.869997978210449219e+00,-5.301000084728002548e-03,-3.096739761531352563e-03,3.332508262246847586e-03
-6.500659137964248657e-02,1.037907693535210403e-02,9.869144439697265625e+00,-5.938596092164516449e-03,-6.824300624430179596e-03,7.001803605817267032e-04
-3.449927270412445068e-02,2.553611621260763395e-02,9.843819618225097656e+00,-8.416710421442985535e-03,-4.313656128942966461e-03,2.677357057109475569e-03
-7.226824760437011719e-02,-1.713209226727364920e-02,9.857885360717773438e+00,-7.732624188065528870e-03,-4.465626087039709091e-03,-3.324427874758839174e-03
-2.723342925310134888e-02,-1.891953498124955557e-02,9.853745460510253906e+00,-6.601913482882082462e-04,-1.180200837552547238e-03,1.574993599206209400e-03
-8.941420167684555054e-02,1.898697018623472441e-02,9.841295242309570312e+00,-7.677251473069190979e-03,-1.468546222895383835e-03,7.168523152358832144e-04
-3.051735088229179382e-02,-1.142322085796581947e-03,9.837138175964355469e+00,-4.945614375174045563e-03,9.209084964822983202e-05,4.153118643444031477e-04
-4.883576557040214539e-02,-1.873267441987871637e-02,9.771198272705078125e+00,-6.833116523921489716e-03,-3.197340993210673332e-03,1.251770590897653321e-04
-7.375213503837585449e-02,3.774114325642705797e-02,9.816453933715820312e+00,-9.868405759334564209e-03,-4.275339189916849136e-03,-2.943869912996887727e-03
-1.905957981944084167e-02,3.247029613704694069e-03,9.837848663330078125e+00,-6.303642876446247101e-03,-4.692526068538427353e-03,-2.555161714553832574e-03
-4.133759066462516785e-02,4.690414294601694123e-03,9.862366676330566406e+00,-2.076931996271014214e-03,-2.390793524682521820e-03,-1.705919625237583897e-03
-8.880529552698135376e-02,-3.008428029714807495e-03,9.858693122863769531e+00,-1.029307371936738491e-03,-2.236242871731519699e-03,-7.615371141582724180e-04
-6.355876475572586060e-02,3.176397457718969225e-02,9.819141387939453125e+00,1.887803082354366779e-03,3.752578748390078545e-03,-4.454264708328996465e-04
-4.687004908919334412e-02,-5.763494409619555371e-03,9.848779678344726562e+00,-1.626027980819344521e-03,4.824370553251354802e-04,-1.026423880830407143e-03
-5.751349776983261108e-02,-1.432233024388430975e-02,9.860629081726074219e+00,4.071359289810061455e-04,3.318575210869312286e-03,-9.492625831626359985e-04
-4.085353016853332520e-02,1.648201607167841531e-02,9.849412918090820312e+00,-9.257445344701409340e-04,3.998881671577692032e-03,1.254365313798188730e-03
-5.581701919436454773e-02,6.832083221526165547e-03,9.891628265380859375e+00,-1.954436767846345901e-03,2.897095633670687675e-03,4.926172550767656888e-04
-4.009687155485153198e-02,4.086107760667920946e-02,9.819888114929199219e+00,2.063851570710539818e-03,1.008016755804419951e-03,2.981214318424463272e-03
-7.367902994155883789e-02,-1.349871978162514629e-03,9.836297988891601562e+00,-4.122203681617975235e-04,-5.393672618083655834e-04,-9.365205187350504775e-05
-2.909616753458976746e-02,-3.111902810633062136e-02,9.819677352905273438e+00,-6.385995657183229923e-04,-2.239920431748030944e-04,1.416107057593762875e-03
-4.065597802400588989e-02,-3.485546261072038771e-02,9.821916580200195312e+00,-1.926812110468745232e-03,-1.108785625547170205e-03,2.890364965423941612e-03
-1.117886304855346680e-01,-4.875608719884141039e-03,9.867878913879394531e+00,-2.317724283784627914e-03,-2.083567203953862190e-03,-8.562993025407192923e-04
-6.893870979547500610e-02,2.414862625302090313e-03,9.847130775451660156e+00,-5.119509063661098480e-03,-2.780685201287270026e-03,-2.270521130412816568e-03
-7.352065294981002808e-02,-5.366823635994181531e-03,9.850430488586425781e+00,-5.171883851289749146e-03,-6.528640631586313248e-03,-1.397089683450757590e-03
-8.370393514633178711e-02,3.421237319707990526e-02,9.785293579101562500e+00,-5.125167779624462128e-03,-2.054637996479868889e-03,6.114884745329620622e-04
-4.500904306769371033e-02,6.155107170344602079e-03,9.824689865112304688e+00,-2.814845647662878036e-03,-1.742553547956049225e-03,1.984234899282455444e-03
-6.857955455780029297e-02,-2.898357063531755221e-02,9.826797485351562500e+00,-3.570890054106712341e-03,-4.007586743682622910e-03,1.070459838956594901e-03
-7.066822052001953125e-02,1.574546098710310777e-03,9.834117889404296875e+00,-5.575005896389484406e-03,1.507448963820934296e-03,-4.199089889880271392e-04
-1.032803431153297424e-01,-6.239404901850115247e-04,9.822909355163574219e+00,-3.129371441900730133e-03,1.940588816069066091e-03,-3.145045600831509070e-03
-3.764274343848228455e-02,1.869652420282484281e-02,9.825747489929199219e+00,4.600802902132272720e-03,2.949691843241453171e-03,-5.766623653471473132e-04
-5.030999332666397095e-02,2.432924509048582998e-02,9.878928184509277344e+00,-2.957536198664456606e-04,4.757516551762819290e-03,-1.665299292653799708e-03
-9.552592039108276367e-02,6.486022379250541703e-03,9.856002807617187500e+00,1.876867609098553658e-04,4.395911935716867447e-03,7.839400786906475368e-04
-2.584714442491531372e-02,1.508569996804119337e-02,9.831056594848632812e+00,2.585157286375761032e-03,2.703998936340212822e-03,-6.237490451894703780e-04
-1.771602220833301544e-02,-8.286329917608484252e-03,9.861951828002929688e+00,2.941909944638609886e-03,-1.169285620562732653e-03,-3.230624832212924957e-03
-5.599934607744216919e-02,8.976067416371117172e-03,9.819297790527343750e+00,7.485711947083473206e-03,5.233061965554952621e-03,2.495978551451110295e-04
-5.497219786047935486e-02,8.345968089998970565e-03,9.818535804748535156e+00,9.574414230883121490e-03,3.035411937162280516e-03,2.095357049256562753e-03
-3.823122009634971619e-02,2.293674647808195341e-02,9.822204589843750000e+00,4.451989661902189255e-03,3.058023052290081978e-03,1.258920179679989381e-03
-2.483716793358325958e-02,3.615369647741438486e-02,9.855795860290527344e+00,-5.583171732723712921e-04,7.234031334519386292e-03,5.058605456724754243e-04
-4.012417793273925781e-02,5.408107768745430699e-03,9.804973602294921875e+00,1.223456580191850662e-03,5.828851368278264132e-03,-4.663319792598486814e-03
-2.700388804078102112e-02,6.962436251343503968e-03,9.858422279357910156e+00,2.938007237389683723e-03,8.476202376186847687e-03,-2.708668122068048391e-03
-5.920905619859695435e-02,1.143738906830669110e-02,9.793897628784179688e+00,6.737813353538513184e-03,2.091442933306097984e-03,-1.057626504916700316e-04
-7.175439596176147461e-02,-4.933206364500379625e-04,9.850755691528320312e+00,6.914782570675015450e-04,5.886928178369998932e-03,-2.652075607329607877e-03
-7.216717302799224854e-02,1.880950480699659921e-02,9.860153198242187500e+00,-1.407043309882283211e-03,5.083380267024040222e-03,-5.374017637223011800e-04
-3.811461478471755981e-02,-1.348007656633733349e-02,9.842846870422363281e+00,-2.097609220072627068e-03,8.678771555423736572e-03,-9.636101312935363167e-04
-2.319719642400741577e-02,1.650661043822886434e-02,9.875313758850097656e+00,-9.000070276670157909e-04,3.308570943772793250e-03,2.747169462963938279e-03
-3.195554763078689575e-02,2.304231934249520788e-02,9.774335861206054688e+00,2.799137262627482414e-03,7.744424045085906982e-03,-1.030994579195977125e-03
-8.732653222978115082e-03,-6.082938984035241720e-03,9.830120086669921875e+00,1.544885919429361820e-03,5.021247081458569440e-03,3.680809633806347413e-03
-2.772045880556106567e-02,-2.333461865782616648e-02,9.874710083007812500e+00,3.523212159052491188e-03,1.369961886666714711e-03,-2.957091666758060455e-03
-5.820570886135101318e-02,-3.807399421929107478e-03,9.843045234680175781e+00,2.077039098367094994e-03,1.606077537871897221e-03,4.239307600073514200e-04
-4.412978515028953552e-02,4.006871208548666574e-02,9.837450027465820312e+00,4.780400544404983521e-03,4.446460399776697159e-03,4.532493767328554931e-04
-6.138748675584793091e-02,8.361622691155685613e-03,9.843047142028808594e+00,5.007939413189888000e-03,1.503064297139644406e-03,-1.013446017168462493e-03
-6.838948279619216919e-02,3.391597419989221128e-04,9.825654029846191406e+00,6.522813346236944199e-03,6.816022796556352485e-04,-9.180927299894393575e-04
-4.784995317459106445e-02,7.914256304503692815e-03,9.844057083129882812e+00,6.586985662579536438e-03,1.778682461008429094e-03,-2.675279509276152091e-03
-3.997238725423812866e-02,-1.242437493055938494e-02,9.834373474121093750e+00,1.061062095686793327e-03,6.211330648511648178e-03,3.439892898313693563e-04
-2.020746842026710510e-02,1.390147209167601032e-02,9.842948913574218750e+00,2.815579064190387726e-03,9.051914326846599579e-03,-1.018473878502846848e-03
-2.799004688858985901e-02,2.223384007811666369e-02,9.807654380798339844e+00,3.987685311585664749e-03,9.038567543029785156e-03,-1.100944355130196702e-03
-5.089313164353370667e-02,9.579945355654961511e-03,9.794906616210937500e+00,2.009573858231306076e-03,5.960254929959769681e-04,-3.726525930687785149e-03
-1.176969259977340698e-01,3.073009103536726225e-02,9.836104393005371094e+00,2.533532213419675827e-03,-2.556736813858151870e-03,-2.388566732406615777e-03
-3.356966748833656311e-02,9.422240778805031011e-03,9.838077545166015625e+00,3.340224269777536392e-03,-3.914706874638795853e-03,-2.998605603352188630e-03
-7.384831458330154419e-02,2.515863813459993589e-02,9.833985328674316406e+00,-1.828943612053990364e-03,-2.141323639079928832e-03,-2.758845221251248880e-03
-4.689304158091545105e-02,6.441885605455646181e-03,9.811641693115234375e+00,-2.540918765589594841e-03,-1.155129633843899207e-03,-2.834249055013060570e-03
-4.332999512553215027e-02,2.070458978414655912e-02,9.842899322509765625e+00,-2.343814121559262276e-03,-1.201388542540371418e-03,1.920565118780360981e-04
3.713176250457763672e+00,1.725849747657793642e+00,1.452153320312500000e+02,3.700550412759184837e-03,6.209913990460339461e-04,2.667686436325311661e-03
-5.700355768203735352e-02,1.554191671311981431e-02,1.029799938201904297e+01,2.463157288730144501e-03,-6.494534667581319809e-03,-7.567337015643708269e-04
8.147919550538063049e-03,3.940729890019747592e-03,8.540988922119140625e+00,2.534937812015414238e-04,-3.337377682328224616e-03,-2.064373809844255014e-03
-4.841115325689315796e-02,2.452886104583860624e-02,9.825581550598144531e+00,-4.635649267584085464e-03,1.925599295645952008e-03,-2.329509938135743575e-03
-4.195612296462059021e-02,2.096536383032919504e-02,9.852684020996093750e+00,-1.323570264503359795e-03,1.529391040094196363e-03,-4.191075917333364487e-03
-7.282910495996475220e-02,-7.734028622496021957e-04,9.821236610412597656e+00,6.569338147528469563e-04,4.346827627159657263e-04,1.730415155179798603e-03
-8.856540173292160034e-02,3.661458380521545510e-03,9.813984870910644531e+00,6.919804145582020283e-04,6.353483186103405737e-04,1.490076305344700813e-03
-5.880254507064819336e-02,3.555765002966047167e-02,9.805725097656250000e+00,-2.423907862976193428e-03,1.902470830827951431e-03,8.747463580220935560e-04
-5.839033052325248718e-02,3.654482960701108812e-02,9.825875282287597656e+00,5.148949567228555679e-04,-3.087255638092756271e-03,4.016365564893934945e-04
-3.248638287186622620e-02,-6.029994413256525160e-02,9.810345649719238281e+00,1.849053194746375084e-03,-8.701187325641515039e-04,-1.347601762972772121e-03
-2.334606274962425232e-02,1.593782007694365122e-02,9.858781814575195312e+00,-7.011713460087776184e-04,6.949282251298424329e-04,-2.704210812225937843e-03
-3.221232071518898010e-02,1.002524048090101642e-02,9.848337173461914062e+00,-7.013506256043910980e-04,-8.925373549572832076e-06,2.374970586970448494e-03
-2.725351229310035706e-02,-8.770194835959661123e-03,9.824270248413085938e+00,-2.974000759422779083e-03,4.548767465166744860e-04,-2.058608923107385635e-03
-1.539626903831958771e-02,2.949703484773756254e-02,9.823279380798339844e+00,-1.469996292144060135e-03,-3.300379321444782345e-04,-2.037143101915717125e-03
-6.904721260070800781e-02,-2.733819931745408785e-02,9.836260795593261719e+00,2.045346656814217567e-03,2.783744828775524659e-03,-1.798387151211500602e-03
-8.118318021297454834e-02,-1.341037452219717620e-03,9.790822029113769531e+00,1.089346827939152718e-03,-3.257106058299541473e-03,1.582677359692756427e-04
-7.170885801315307617e-02,4.175019264221311449e-02,9.797932624816894531e+00,4.331251140683889389e-03,-2.635604178067299996e-04,-2.545552561059594154e-03
-8.812442421913146973e-02,1.974570751190305590e-02,9.807074546813964844e+00,1.303737517446279526e-03,-1.143146655522286675e-03,1.344382413662970283e-03
-1.062695235013961792e-01,-1.724801212549089899e-02,9.781783103942871094e+00,2.632199786603450775e-03,-1.094668987207114263e-03,3.150266129523515701e-03
-3.378206863999366760e-02,3.940962720663558454e-03,9.825841903686523438e+00,2.305980073288083076e-03,7.996495114639401436e-04,9.848939953371872952e-05
-2.407436445355415344e-02,3.010955080390096544e-02,9.812720298767089844e+00,1.537836506031453609e-04,1.465840032324194691e-03,-1.130150398239493587e-03
-5.413464456796646118e-02,-1.232040021568417063e-02,9.767146110534667969e+00,3.609876381233334541e-03,-4.875470767728980019e-04,3.324853256344795227e-03
-5.586257204413414001e-02,-2.489342913031457674e-02,9.842049598693847656e+00,1.017222646623849869e-03,2.472678315825763075e-04,2.020391868427395821e-03
-8.753266930580139160e-02,-3.012135624884355618e-03,9.827916145324707031e+00,1.709926407784223557e-03,-3.237073775380849838e-03,2.197485882788900626e-04
-7.884979248046875000e-02,3.175366297364354967e-02,9.823012351989746094e+00,1.849675551056861877e-03,2.246006042696535316e-04,-2.351280709262937578e-04
-4.738390445709228516e-02,-2.436405047773114885e-03,9.800456047058105469e+00,1.877864473499357700e-03,-7.447646930813792620e-04,-2.597053768113255501e-03
-3.246041014790534973e-02,1.489393040537954210e-02,9.797032356262207031e+00,2.825215458869934082e-03,-2.646337263286113739e-03,7.236798992380503092e-04
-7.399694621562957764e-02,3.154910355806470751e-02,9.814682960510253906e+00,4.274707171134650707e-04,-4.162563942372798920e-03,7.595603819936519322e-04
-4.331688210368156433e-02,-2.929779700933686937e-03,9.796944618225097656e+00,-4.411765839904546738e-04,3.240457735955713553e-04,-1.417533843778073788e-03
-3.960145637392997742e-02,-5.827716551719893008e-03,9.824460029602050781e+00,1.347209792584180832e-03,1.469292677938938575e-03,3.032192122191190720e-03
-4.811132699251174927e-02,1.598954945802808988e-02,9.817561149597167969e+00,5.389930447563529015e-05,9.382833959534762121e-04,-2.124502090737223625e-03
-5.320410057902336121e-02,1.058361120522142637e-02,9.824439048767089844e+00,1.061203773133456707e-03,-2.596952253952624582e-04,-1.631066086702048779e-03
-4.744615778326988220e-02,-2.557141333818315279e-02,9.830124855041503906e+00,-2.291222335770726204e-04,6.580466288141907346e-04,7.879940094426273215e-04
-4.981162026524543762e-02,-3.129952400922655226e-02,9.801132202148437500e+00,1.139338826760649681e-03,-2.013146178796887398e-03,4.261331050656738608e-04
-7.940430939197540283e-02,-1.303612906485675932e-02,9.808929443359375000e+00,6.263502291403710842e-04,5.196299171075225961e-04,1.136618782766163349e-03
-5.402974784374237061e-02,4.663888830692774698e-03,9.786936759948730469e+00,1.139756524935364723e-03,-1.868669351097199051e-04,-2.310936804860830307e-03
-4.223043844103813171e-02,-6.939796730864017773e-04,9.758429527282714844e+00,4.277892876416444778e-03,-9.928627405315641925e-04,-4.290297627449035645e-03
-4.526581987738609314e-02,3.126836940646291613e-02,9.789722442626953125e+00,-4.158525262027978897e-03,4.053861834108829498e-03,1.994569087401032014e-03
-7.070539891719818115e-02,-1.604878157377122652e-02,9.821849822998046875e+00,-1.032309606671333313e-03,-3.159974003210663795e-03,-7.901516510173674061e-04
-7.056590914726257324e-02,-7.162504829465143365e-03,9.792201995849609375e+00,3.398049157112836838e-03,-6.403354345820842005e-04,1.719276886433362961e-03
-3.423992171883583069e-02,2.340809255838514208e-02,9.803430557250976562e+00,-3.782266867347061634e-04,-1.264605671167373874e-03,-1.237148651853203557e-03
-8.871777355670928955e-02,-2.003316208720087171e-02,9.802604675292968750e+00,-1.663723960518836975e-03,-6.437936099246142126e-04,1.773167750798165798e-03
-3.950095549225807190e-02,4.184131696820379137e-02,9.783093452453613281e+00,1.809741137549281120e-03,-1.310735940933227973e-03,-3.784646512940526009e-03
-9.408853948116302490e-02,2.959582209587216864e-02,9.786013603210449219e+00,4.414526745676994324e-03,-1.437513972632586956e-03,-2.168797946069387955e-04
-6.957773119211196899e-02,6.269172299654496468e-03,9.836009025573730469e+00,1.106087001971900463e-03,5.250392132438702332e-05,-1.364509924314916134e-03
-3.530093282461166382e-02,6.476598326118004206e-03,9.829255104064941406e+00,4.578556865453720093e-03,8.793979213805873287e-05,2.978073898702859879e-04
-5.001167580485343933e-02,9.792450815440424672e-03,9.795980453491210938e+00,3.793952288106083870e-03,-2.980779390782118277e-03,-1.778164645656942888e-03
-4.172775521874427795e-02,-1.662893965840219618e-02,9.801259994506835938e+00,1.428434043191373348e-04,9.991830447688698769e-04,5.568863707594572414e-04
-6.789211928844451904e-02,-7.502817548810231801e-03,9.828804016113281250e+00,1.209806767292320728e-03,-6.107558729127050530e-04,-1.243494218215346336e-03
-8.131323754787445068e-02,3.051283955574156034e-02,9.823246955871582031e+00,1.739309984259307384e-03,5.261472542770208012e-04,6.765086436644195426e-04
-7.809326052665710449e-02,-1.195950899273037424e-02,9.767392158508300781e+00,1.233183895237743855e-03,1.049675280228256746e-03,-3.176618833094835281e-03
-8.542977273464202881e-02,-9.927890263496629009e-03,9.805045127868652344e+00,-3.986991010606288910e-03,-3.352411556988954544e-03,-6.749377353116865590e-04
-8.285957574844360352e-02,-1.719541847705720675e-02,9.831931114196777344e+00,-4.329679999500513077e-03,2.299729734659194946e-03,-1.008388353511691310e-03
-6.832835078239440918e-02,3.695597127080083727e-02,9.791332244873046875e+00,1.252793590538203716e-04,-3.093478502705693679e-03,-3.252728609368204637e-03
-8.093479275703430176e-02,1.590104028582692980e-02,9.809840202331542969e+00,-7.969636935740709305e-04,1.569300366099924662e-04,5.803339881822466850e-04
-4.200946912169456482e-02,4.624565318226934313e-02,9.808408737182617188e+00,1.651822589337825775e-03,1.801613834686577049e-04,-2.081037673633545908e-04
-3.891307115554809570e-02,-9.234313853083838883e-03,9.823152542114257812e+00,1.567031256854534149e-03,-2.689997665584087372e-03,1.411504694260657267e-03
-6.605248153209686279e-02,2.910787984728933561e-02,9.825119018554687500e+00,-1.876807771623134613e-03,1.592283719219267151e-03,-1.920706592500210025e-03
-6.058562919497489929e-02,9.476008825005302963e-03,9.816955566406250000e+00,3.956023138016462326e-04,1.823910046368837357e-03,-7.974164909683170103e-04
-3.337857127189636230e-02,1.386385969817758267e-02,9.793478965759277344e+00,-5.319267511367797852e-03,-2.688978333026170731e-03,1.216001226566732363e-03
-6.102635338902473450e-02,-9.100877679883231583e-03,9.820046424865722656e+00,-5.930405459366738796e-04,5.128782941028479014e-04,2.536722924560308456e-03
-9.792931377887725830e-02,-5.519217625260232352e-02,9.841959953308105469e+00,-5.363627569749951363e-04,8.884697454050186549e-04,2.968650544062256813e-03
-7.216511666774749756e-02,2.580595202745209274e-03,9.816452980041503906e+00,-6.868239725008606911e-04,9.078471339307725430e-04,-9.870357462205003613e-05
-8.906792104244232178e-02,-8.251012302933917811e-03,9.842701911926269531e+00,-2.674700226634740829e-05,-2.729943487793207169e-03,-1.459157327190041108e-03
-6.733024120330810547e-02,-4.191958345471610489e-03,9.813611030578613281e+00,3.734830534085631371e-04,-9.039910510182380676e-04,3.316221991553903710e-04
